id, rideHailManagerId, vehicleType, initialLocationX, initialLocationY, shifts, geofenceX, geofenceY, geofenceRadius
rideHailVehicle-026303-2013000882280-0-1456532, GlobalRHM, Car, 548386.7328925304, 4176019.9482898586,{10:25200};{25300:80000},,,
rideHailVehicle-010900-2013000949422-0-4882436, GlobalRHM, Car, 550654.0883471842, 4181943.0856285268,{10:25200};{25300:80000},,,
rideHailVehicle-030202-2016000025297-0-5404272, GlobalRHM, Car, 544003.4952467297, 4178195.0930775357,{10:25200};{25300:80000},,,
rideHailVehicle-013400-2015001096767-0-8070175, GlobalRHM, Car, 544995.9981686983, 4178435.0506232195,{10:25200};{25300:80000},,,
rideHailVehicle-061100-2016000747949-0-1577021, GlobalRHM, Car, 552696.6099950401, 4179317.4518235303,{10:25200};{25300:80000},,,
rideHailVehicle-017000-2015000497455-0-3102598, GlobalRHM, Car, 544875.0109689554, 4181387.4933627895,{10:25200};{25300:80000},,,
rideHailVehicle-016801-2012000035208-0-6028469, GlobalRHM, Car, 546465.4393971232, 4180131.8654161296,{10:25200};{25300:80000},,,
rideHailVehicle-032700-2016001305358-0-2605704, GlobalRHM, Car, 540840.228104185, 4174744.9509389848,{10:25200};{25300:80000},,,
rideHailVehicle-032801-2016001006825-0-4133017, GlobalRHM, Car, 545711.7766503601, 4176207.9729343005,{10:25200};{25300:80000},,,
rideHailVehicle-021800-2012001178100-1-6422122, GlobalRHM, Car, 551235.9572030818, 4180900.980719327,{10:25200};{25300:80000},,,
rideHailVehicle-033000-2013001140814-1-4636710, GlobalRHM, Car, 545738.6740605963, 4179806.868003525,{10:25200};{25300:80000},,,
rideHailVehicle-021200-2016000359631-0-5009575, GlobalRHM, Car, 552718.6955937896, 4179990.3014891115,{10:25200};{25300:80000},,,
rideHailVehicle-032602-2016001358668-0-7062544, GlobalRHM, Car, 540981.0840747247, 4181737.673297082,{10:25200};{25300:80000},,,
rideHailVehicle-023003-2013000382737-0-1583442, GlobalRHM, Car, 552685.9120368114, 4174728.393554855,{10:25200};{25300:80000},,,
rideHailVehicle-035100-2015000185832-2-6296708, GlobalRHM, Car, 539542.3136992909, 4181527.589827787,{10:25200};{25300:80000},,,
rideHailVehicle-032700-2012000996623-1-6679642, GlobalRHM, Car, 548125.2857164611, 4176921.5407478414,{10:25200};{25300:80000},,,
rideHailVehicle-010400-2015000635660-0-1449953, GlobalRHM, Car, 550608.254114307, 4181297.206624926,{10:25200};{25300:80000},,,
rideHailVehicle-020700-2013000080675-0-5008510, GlobalRHM, Car, 546337.0172432067, 4177708.2108085714,{10:25200};{25300:80000},,,
rideHailVehicle-035400-2016000410053-0-7952895, GlobalRHM, Car, 544309.4245101592, 4176135.7351297312,{10:25200};{25300:80000},,,
rideHailVehicle-030600-2015000935210-0-1713070, GlobalRHM, Car, 549625.3466081624, 4179873.0398429953,{10:25200};{25300:80000},,,
rideHailVehicle-033000-2014000885580-0-2095584, GlobalRHM, Car, 545335.8695270923, 4172908.953311046,{10:25200};{25300:80000},,,
rideHailVehicle-061400-2015001458133-0-1700975, GlobalRHM, Car, 553543.9553779884, 4175766.699701817,{10:25200};{25300:80000},,,
rideHailVehicle-012501-2016000706115-0-5135691, GlobalRHM, Car, 555714.291470943, 4184402.2618755917,{10:25200};{25300:80000},,,
rideHailVehicle-045200-2016000926749-0-1961625, GlobalRHM, Car, 550960.4189002153, 4183674.8507174007,{10:25200};{25300:80000},,,
rideHailVehicle-012100-2016000719449-0-7174934, GlobalRHM, Car, 552515.1663533244, 4182393.331702211,{10:25200};{25300:80000},,,
rideHailVehicle-026001-2015000132478-0-3111506, GlobalRHM, Car, 549141.7101273495, 4178530.9996015606,{10:25200};{25300:80000},,,
rideHailVehicle-035202-2015000355565-0-1206637, GlobalRHM, Car, 544081.6268483483, 4175573.907566627,{10:25200};{25300:80000},,,
rideHailVehicle-030800-2016000227368-1-2604010, GlobalRHM, Car, 545105.0194059928, 4175913.964892805,{10:25200};{25300:80000},,,
rideHailVehicle-031400-2014000788156-0-569465, GlobalRHM, Car, 552138.9559028127, 4175662.1954098167,{10:25200};{25300:80000},,,
rideHailVehicle-021500-2014001179105-0-2211138, GlobalRHM, Car, 553828.3650307247, 4178852.8773352457,{10:25200};{25300:80000},,,
rideHailVehicle-017000-2013001124342-0-6284029, GlobalRHM, Car, 545796.923325935, 4180528.351856595,{10:25200};{25300:80000},,,
rideHailVehicle-010800-2014000742242-0-1067812, GlobalRHM, Car, 554148.5148250062, 4186850.102287505,{10:25200};{25300:80000},,,
rideHailVehicle-033000-2014000025730-0-3112773, GlobalRHM, Car, 546854.7442612466, 4176519.1163837546,{10:25200};{25300:80000},,,
rideHailVehicle-012301-2013000721346-0-1955286, GlobalRHM, Car, 550738.2278490274, 4186868.16801278,{10:25200};{25300:80000},,,
rideHailVehicle-035201-2015001379985-0-6168297, GlobalRHM, Car, 542059.8590337383, 4173774.7517361385,{10:25200};{25300:80000},,,
rideHailVehicle-031400-2014000788156-0-569459, GlobalRHM, Car, 549494.8482491305, 4171121.28034432,{10:25200};{25300:80000},,,
rideHailVehicle-030800-2016000227368-1-2604013, GlobalRHM, Car, 548304.2051390483, 4172551.3205464752,{10:25200};{25300:80000},,,
rideHailVehicle-016300-2013000560401-0-3485056, GlobalRHM, Car, 550546.4408159449, 4182228.914190667,{10:25200};{25300:80000},,,
rideHailVehicle-033100-2015001057865-0-7697767, GlobalRHM, Car, 543416.706830123, 4177972.436650612,{10:25200};{25300:80000},,,
rideHailVehicle-061500-2013001018912-0-6409905, GlobalRHM, Car, 549412.1185892123, 4181306.8862201963,{10:25200};{25300:80000},,,
rideHailVehicle-032601-2013001043506-0-442533, GlobalRHM, Car, 547914.6246611698, 4174357.662857065,{10:25200};{25300:80000},,,
rideHailVehicle-015500-2014000174901-0-3612082, GlobalRHM, Car, 547283.108252033, 4184928.5552681796,{10:25200};{25300:80000},,,
rideHailVehicle-016400-2014000107126-0-2340766, GlobalRHM, Car, 549059.2403505608, 4178834.518196404,{10:25200};{25300:80000},,,
rideHailVehicle-061400-2013001270771-1-557154, GlobalRHM, Car, 553848.5237709209, 4178471.094465081,{10:25200};{25300:80000},,,
rideHailVehicle-017601-2014001104232-0-2335945, GlobalRHM, Car, 556167.8446400573, 4177172.310573803,{10:25200};{25300:80000},,,
rideHailVehicle-020700-2013000080675-0-5008509, GlobalRHM, Car, 550917.1984304748, 4182222.8597434973,{10:25200};{25300:80000},,,
rideHailVehicle-010500-2015001345120-1-5265742, GlobalRHM, Car, 557332.4348098383, 4188269.791041587,{10:25200};{25300:80000},,,
rideHailVehicle-010900-2016000805028-0-5382981, GlobalRHM, Car, 551020.6778804461, 4181023.490848731,{10:25200};{25300:80000},,,
rideHailVehicle-020200-2016000071368-0-6796355, GlobalRHM, Car, 552224.5510111176, 4178133.266754332,{10:25200};{25300:80000},,,
rideHailVehicle-035100-2012000390561-0-7061060, GlobalRHM, Car, 546464.8373260156, 4178345.697237416,{10:25200};{25300:80000},,,
rideHailVehicle-026302-2012000031464-0-3110559, GlobalRHM, Car, 549115.4720519042, 4168794.0914031584,{10:25200};{25300:80000},,,
rideHailVehicle-017601-2014000027259-0-5644037, GlobalRHM, Car, 554006.5954822345, 4178565.762856496,{10:25200};{25300:80000},,,
rideHailVehicle-030700-2016000221287-0-5529916, GlobalRHM, Car, 544304.7863458532, 4172395.308329678,{10:25200};{25300:80000},,,
rideHailVehicle-012000-2012001332565-0-4117867, GlobalRHM, Car, 553007.3513447455, 4177542.2283309945,{10:25200};{25300:80000},,,
rideHailVehicle-031400-2014000788156-0-569461, GlobalRHM, Car, 551419.7977086658, 4173007.3003565203,{10:25200};{25300:80000},,,
rideHailVehicle-021500-2012000035208-0-5135911, GlobalRHM, Car, 553196.5274155743, 4179535.5070177014,{10:25200};{25300:80000},,,
rideHailVehicle-021600-2014000354590-0-1447925, GlobalRHM, Car, 552738.9990304937, 4175912.0350410314,{10:25200};{25300:80000},,,
rideHailVehicle-042601-2012001371043-0-1069015, GlobalRHM, Car, 548586.0305305514, 4176136.3292442146,{10:25200};{25300:80000},,,
rideHailVehicle-016400-2016001071577-0-7053902, GlobalRHM, Car, 551172.322127468, 4184606.165551021,{10:25200};{25300:80000},,,
rideHailVehicle-026303-2016000613976-0-7696441, GlobalRHM, Car, 553632.8103718546, 4177657.57663117,{10:25200};{25300:80000},,,
rideHailVehicle-033000-2015000751741-0-5785963, GlobalRHM, Car, 540715.6868094897, 4181540.3658842263,{10:25200};{25300:80000},,,
rideHailVehicle-025600-2013000213997-0-5654484, GlobalRHM, Car, 549185.3644422458, 4176378.56654778,{10:25200};{25300:80000},,,
rideHailVehicle-021800-2013000077130-0-7568752, GlobalRHM, Car, 550296.2875744042, 4175539.023137491,{10:25200};{25300:80000},,,
rideHailVehicle-023001-2014000339233-0-313370, GlobalRHM, Car, 549837.3815522917, 4179381.8019248615,{10:25200};{25300:80000},,,
rideHailVehicle-026401-2014000056046-0-4001549, GlobalRHM, Car, 547601.7399084193, 4169907.8254879345,{10:25200};{25300:80000},,,
rideHailVehicle-022903-2016000105103-0-6154415, GlobalRHM, Car, 555726.7438625677, 4174836.4620471555,{10:25200};{25300:80000},,,
rideHailVehicle-026200-2012000899249-0-6805560, GlobalRHM, Car, 551117.8419998201, 4175481.8877410972,{10:25200};{25300:80000},,,
rideHailVehicle-010900-2013000290674-0-2594085, GlobalRHM, Car, 551462.0918052825, 4184047.9647861803,{10:25200};{25300:80000},,,
rideHailVehicle-010100-2013001163188-0-6030634, GlobalRHM, Car, 555888.337216864, 4184801.9618508234,{10:25200};{25300:80000},,,
rideHailVehicle-013300-2013000524563-0-8071128, GlobalRHM, Car, 552833.7371899497, 4178489.7419838877,{10:25200};{25300:80000},,,
rideHailVehicle-033000-2012001101876-1-1076123, GlobalRHM, Car, 541743.9251337141, 4177634.1893047574,{10:25200};{25300:80000},,,
rideHailVehicle-017000-2014000310991-0-3736867, GlobalRHM, Car, 544454.2862323666, 4175596.8705445095,{10:25200};{25300:80000},,,
rideHailVehicle-012000-2012001332565-0-4117869, GlobalRHM, Car, 547455.1586199275, 4183311.5589432474,{10:25200};{25300:80000},,,
rideHailVehicle-016300-2015000074476-0-3233214, GlobalRHM, Car, 547523.2482287005, 4175810.2608785033,{10:25200};{25300:80000},,,
rideHailVehicle-033100-2015001057865-0-7697766, GlobalRHM, Car, 542858.8548214067, 4180450.15368566,{10:25200};{25300:80000},,,
rideHailVehicle-033204-2015000312571-0-6550923, GlobalRHM, Car, 541748.0549253672, 4176344.163935642,{10:25200};{25300:80000},,,
rideHailVehicle-025402-2016000097817-0-2466527, GlobalRHM, Car, 546954.7763875534, 4172496.384364437,{10:25200};{25300:80000},,,
rideHailVehicle-020600-2016000427518-3-1957849, GlobalRHM, Car, 551668.9021684029, 4178033.127174699,{10:25200};{25300:80000},,,
rideHailVehicle-013102-2013000343063-0-5647074, GlobalRHM, Car, 548719.2677496868, 4178668.2549236845,{10:25200};{25300:80000},,,
rideHailVehicle-020100-2013001461505-0-4626542, GlobalRHM, Car, 553654.4295693497, 4183741.6167569505,{10:25200};{25300:80000},,,
rideHailVehicle-035100-2014000315414-0-2478039, GlobalRHM, Car, 542727.9444518166, 4174859.6552520664,{10:25200};{25300:80000},,,
rideHailVehicle-010900-2012001140018-0-5010101, GlobalRHM, Car, 546341.8720176822, 4181004.647565926,{10:25200};{25300:80000},,,
rideHailVehicle-022802-2012001386215-0-6282252, GlobalRHM, Car, 551498.7055246531, 4183297.403913546,{10:25200};{25300:80000},,,
rideHailVehicle-023300-2015001029325-0-3238748, GlobalRHM, Car, 553859.1942595855, 4174399.088701936,{10:25200};{25300:80000},,,
rideHailVehicle-010600-2015000498519-0-4365619, GlobalRHM, Car, 551462.400717809, 4188121.181592609,{10:25200};{25300:80000},,,
rideHailVehicle-023102-2014001060732-0-4890077, GlobalRHM, Car, 557165.8762744244, 4173402.526375782,{10:25200};{25300:80000},,,
rideHailVehicle-030102-2016000915765-0-7316429, GlobalRHM, Car, 546153.8068517997, 4176778.7408317234,{10:25200};{25300:80000},,,
rideHailVehicle-035100-2015000185832-2-6296707, GlobalRHM, Car, 539679.7853142493, 4177120.5730049317,{10:25200};{25300:80000},,,
rideHailVehicle-013102-2013000091344-1-5264972, GlobalRHM, Car, 546474.9472421058, 4183553.448807824,{10:25200};{25300:80000},,,
rideHailVehicle-033000-2013001140814-1-4636712, GlobalRHM, Car, 546057.0266475402, 4172428.07976336,{10:25200};{25300:80000},,,
rideHailVehicle-020700-2016001360898-0-4248122, GlobalRHM, Car, 553868.6963913798, 4179214.250247264,{10:25200};{25300:80000},,,
rideHailVehicle-020800-2013001345354-0-7301793, GlobalRHM, Car, 549302.423603842, 4176560.7809763355,{10:25200};{25300:80000},,,
rideHailVehicle-061100-2016000747949-0-1577020, GlobalRHM, Car, 555902.5980710377, 4184577.4463235294,{10:25200};{25300:80000},,,
rideHailVehicle-016500-2015000892233-3-942727, GlobalRHM, Car, 546061.5154144638, 4180182.928686938,{10:25200};{25300:80000},,,
rideHailVehicle-020200-2013000318971-0-5008559, GlobalRHM, Car, 554809.7180322838, 4180838.264525636,{10:25200};{25300:80000},,,
rideHailVehicle-013400-2012000256849-0-813781, GlobalRHM, Car, 545456.0537308374, 4181248.10114699,{10:25200};{25300:80000},,,
rideHailVehicle-031302-2012000358469-0-4129925, GlobalRHM, Car, 548430.4164109795, 4172741.3399024215,{10:25200};{25300:80000},,,
rideHailVehicle-012202-2014001317122-0-4372662, GlobalRHM, Car, 554806.6187802382, 4180722.772613346,{10:25200};{25300:80000},,,
rideHailVehicle-030102-2014000737619-0-7570834, GlobalRHM, Car, 550050.3127618963, 4174909.7182283257,{10:25200};{25300:80000},,,
rideHailVehicle-015900-2014000226919-0-2977040, GlobalRHM, Car, 549833.3067214054, 4184745.153123757,{10:25200};{25300:80000},,,
rideHailVehicle-010600-2013000040063-0-1831034, GlobalRHM, Car, 547940.971147412, 4179130.2664645454,{10:25200};{25300:80000},,,
rideHailVehicle-033204-2015000312571-0-6550922, GlobalRHM, Car, 543451.156837333, 4177015.2089142874,{10:25200};{25300:80000},,,
rideHailVehicle-012000-2014000584044-0-3863084, GlobalRHM, Car, 547568.3556700994, 4187030.680167581,{10:25200};{25300:80000},,,
rideHailVehicle-013300-2013000240624-0-2595702, GlobalRHM, Car, 553202.6774725494, 4182478.7222589552,{10:25200};{25300:80000},,,
rideHailVehicle-030101-2016001472918-0-4387279, GlobalRHM, Car, 549962.8613119962, 4182731.992881484,{10:25200};{25300:80000},,,
rideHailVehicle-030202-2016000025297-0-5404270, GlobalRHM, Car, 545422.5124236739, 4181837.7935646963,{10:25200};{25300:80000},,,
rideHailVehicle-012602-2012001015491-0-7432235, GlobalRHM, Car, 546637.5803455133, 4180698.313232966,{10:25200};{25300:80000},,,
rideHailVehicle-060700-2014000005294-0-5007051, GlobalRHM, Car, 556245.2034427017, 4186409.8687032945,{10:25200};{25300:80000},,,
rideHailVehicle-030800-2015000705172-0-5529690, GlobalRHM, Car, 544789.4433750927, 4171924.3756161355,{10:25200};{25300:80000},,,
rideHailVehicle-021600-2014000354590-0-1447926, GlobalRHM, Car, 549940.4445774001, 4173603.4132686127,{10:25200};{25300:80000},,,
rideHailVehicle-015700-2014001212701-1-1324701, GlobalRHM, Car, 552582.3831930293, 4185596.673411192,{10:25200};{25300:80000},,,
rideHailVehicle-016000-2013000348243-0-4250212, GlobalRHM, Car, 555678.336662813, 4185813.465991337,{10:25200};{25300:80000},,,
rideHailVehicle-011100-2015001442319-1-5903957, GlobalRHM, Car, 553707.5844677113, 4182228.6441634446,{10:25200};{25300:80000},,,
rideHailVehicle-017601-2012000405878-0-5516644, GlobalRHM, Car, 555266.4413388444, 4182433.0391349755,{10:25200};{25300:80000},,,
rideHailVehicle-012000-2016001041982-3-5262778, GlobalRHM, Car, 554355.3327106306, 4180679.993404114,{10:25200};{25300:80000},,,
rideHailVehicle-016900-2014000373437-0-5518881, GlobalRHM, Car, 553234.2969116226, 4175463.27993734,{10:25200};{25300:80000},,,
rideHailVehicle-047802-2016000763052-0-8072486, GlobalRHM, Car, 542632.4855675991, 4175840.856649467,{10:25200};{25300:80000},,,
rideHailVehicle-047701-2014001410353-0-1833444, GlobalRHM, Car, 544354.0414250134, 4178641.496024182,{10:25200};{25300:80000},,,
rideHailVehicle-025403-2016000883421-0-813569, GlobalRHM, Car, 556208.3605165451, 4179062.511963214,{10:25200};{25300:80000},,,
rideHailVehicle-047600-2014001170285-0-5394863, GlobalRHM, Car, 544911.7557637406, 4183478.5329660075,{10:25200};{25300:80000},,,
rideHailVehicle-030301-2014000688612-0-6296473, GlobalRHM, Car, 543825.8247883837, 4174460.9118355773,{10:25200};{25300:80000},,,
rideHailVehicle-032902-2015000237058-1-3114891, GlobalRHM, Car, 547595.4174813805, 4173296.8132959823,{10:25200};{25300:80000},,,
rideHailVehicle-047902-2016001447354-0-5140994, GlobalRHM, Car, 546944.9799535917, 4175632.05691268,{10:25200};{25300:80000},,,
rideHailVehicle-033204-2015000312571-0-6550921, GlobalRHM, Car, 545242.8267221415, 4170969.9726156266,{10:25200};{25300:80000},,,
rideHailVehicle-020900-2014000181043-1-4118319, GlobalRHM, Car, 546917.1558419726, 4179126.028381409,{10:25200};{25300:80000},,,
rideHailVehicle-030102-2014000737619-0-7570836, GlobalRHM, Car, 547079.5878687273, 4178052.621467901,{10:25200};{25300:80000},,,
rideHailVehicle-015700-2014000915225-0-5649434, GlobalRHM, Car, 553580.572414189, 4181672.644789473,{10:25200};{25300:80000},,,
rideHailVehicle-035400-2015000350730-0-2223325, GlobalRHM, Car, 540034.2998083527, 4179294.5116652776,{10:25200};{25300:80000},,,
rideHailVehicle-047600-2014000038346-0-7943437, GlobalRHM, Car, 547519.6281383919, 4182971.092485381,{10:25200};{25300:80000},,,
rideHailVehicle-035400-2016000410053-0-7952892, GlobalRHM, Car, 544686.6901603295, 4175118.2727835574,{10:25200};{25300:80000},,,
rideHailVehicle-031400-2016000714271-0-5530030, GlobalRHM, Car, 550833.4353936872, 4170695.3931132574,{10:25200};{25300:80000},,,
rideHailVehicle-010400-2013001126970-0-6156983, GlobalRHM, Car, 555937.7949007993, 4184803.317412659,{10:25200};{25300:80000},,,
rideHailVehicle-026404-2013000504012-0-1838427, GlobalRHM, Car, 549327.7373084076, 4174379.578151941,{10:25200};{25300:80000},,,
rideHailVehicle-035201-2014000847839-0-2858472, GlobalRHM, Car, 544155.2351077223, 4183749.1107478286,{10:25200};{25300:80000},,,
rideHailVehicle-010500-2016000806879-0-2965551, GlobalRHM, Car, 548802.0328692157, 4183723.967813396,{10:25200};{25300:80000},,,
rideHailVehicle-022903-2015001470545-0-6410692, GlobalRHM, Car, 555311.801549207, 4178760.856528911,{10:25200};{25300:80000},,,
rideHailVehicle-030800-2016001364106-0-950543, GlobalRHM, Car, 550068.034920269, 4179633.502431795,{10:25200};{25300:80000},,,
rideHailVehicle-013101-2014001499292-0-2467746, GlobalRHM, Car, 552255.2845507256, 4178154.030658284,{10:25200};{25300:80000},,,
rideHailVehicle-010900-2015000946194-0-2328662, GlobalRHM, Car, 547697.195307853, 4181657.0848461795,{10:25200};{25300:80000},,,
rideHailVehicle-031302-2014001135852-0-7569351, GlobalRHM, Car, 550484.1253721784, 4171566.40235116,{10:25200};{25300:80000},,,
rideHailVehicle-016900-2014000373437-0-5518882, GlobalRHM, Car, 546295.9075679843, 4185017.558240624,{10:25200};{25300:80000},,,
rideHailVehicle-012700-2013001173617-0-180127, GlobalRHM, Car, 549163.7273915544, 4186858.8262703773,{10:25200};{25300:80000},,,
rideHailVehicle-010900-2014001424656-0-814600, GlobalRHM, Car, 547007.2556273986, 4184024.517010039,{10:25200};{25300:80000},,,
rideHailVehicle-020900-2014000181043-1-4118318, GlobalRHM, Car, 546580.854111149, 4180699.2033451144,{10:25200};{25300:80000},,,
rideHailVehicle-016600-2013000239445-0-4373747, GlobalRHM, Car, 545984.226127859, 4184669.268851424,{10:25200};{25300:80000},,,
rideHailVehicle-061500-2014000705464-4-50730, GlobalRHM, Car, 548796.9863334751, 4180362.367437721,{10:25200};{25300:80000},,,
rideHailVehicle-016500-2013000373520-0-55085, GlobalRHM, Car, 547204.7454865227, 4179171.739994432,{10:25200};{25300:80000},,,
rideHailVehicle-035300-2015000297796-0-1078572, GlobalRHM, Car, 544092.283700708, 4178481.7981117712,{10:25200};{25300:80000},,,
rideHailVehicle-026301-2014001060732-2-1710938, GlobalRHM, Car, 552694.5047160548, 4177741.5338628907,{10:25200};{25300:80000},,,
rideHailVehicle-031201-2014000419339-0-3875125, GlobalRHM, Car, 542793.2284435268, 4173053.3741329527,{10:25200};{25300:80000},,,
rideHailVehicle-017000-2015000063355-0-52505, GlobalRHM, Car, 552493.64315327, 4184118.957406159,{10:25200};{25300:80000},,,
rideHailVehicle-047600-2012000577946-0-7178554, GlobalRHM, Car, 544367.9564559598, 4178229.7293254673,{10:25200};{25300:80000},,,
rideHailVehicle-023003-2012000097895-0-7695139, GlobalRHM, Car, 557361.4068849245, 4174656.604358147,{10:25200};{25300:80000},,,
rideHailVehicle-020800-2013001279170-1-1064265, GlobalRHM, Car, 554534.4598732786, 4176507.416790995,{10:25200};{25300:80000},,,
rideHailVehicle-021200-2016000359631-0-5009577, GlobalRHM, Car, 547876.8788702607, 4182494.0886432123,{10:25200};{25300:80000},,,
rideHailVehicle-030700-2016000221287-0-5529919, GlobalRHM, Car, 549847.7424448995, 4174916.467655781,{10:25200};{25300:80000},,,
rideHailVehicle-026303-2016000613976-0-7696443, GlobalRHM, Car, 552177.738700931, 4174700.0604992155,{10:25200};{25300:80000},,,
rideHailVehicle-033000-2014000025730-0-3112772, GlobalRHM, Car, 544920.9752830806, 4178978.7573022614,{10:25200};{25300:80000},,,
rideHailVehicle-600300-2013000025013-0-200862, GlobalRHM, Car, 550876.4475746062, 4169682.1200110847,{10:25200};{25300:80000},,,
rideHailVehicle-042700-2015000104440-1-3358960, GlobalRHM, Car, 547781.4996613505, 4176001.713394946,{10:25200};{25300:80000},,,
rideHailVehicle-020900-2014000181043-1-4118320, GlobalRHM, Car, 554580.9401098152, 4179547.3838790245,{10:25200};{25300:80000},,,
rideHailVehicle-016300-2016000202136-0-1070355, GlobalRHM, Car, 548443.9586495009, 4179982.0562567324,{10:25200};{25300:80000},,,
rideHailVehicle-060502-2014000241606-0-5654867, GlobalRHM, Car, 551949.1415730501, 4175996.515021085,{10:25200};{25300:80000},,,
rideHailVehicle-010900-2014001274324-0-7294737, GlobalRHM, Car, 554236.4830918645, 4185719.154174482,{10:25200};{25300:80000},,,
rideHailVehicle-061000-2013000872151-0-4508785, GlobalRHM, Car, 551415.6724182093, 4173233.6950261123,{10:25200};{25300:80000},,,
rideHailVehicle-030102-2016000915765-0-7316422, GlobalRHM, Car, 542800.1672599738, 4181916.409265295,{10:25200};{25300:80000},,,
rideHailVehicle-012000-2014000584044-0-3863085, GlobalRHM, Car, 553547.9162980646, 4183401.82048835,{10:25200};{25300:80000},,,
rideHailVehicle-012700-2012000397830-0-939901, GlobalRHM, Car, 546150.5739916048, 4182180.2421973003,{10:25200};{25300:80000},,,
rideHailVehicle-026200-2016000932981-0-5657194, GlobalRHM, Car, 546623.4816901492, 4177630.148371238,{10:25200};{25300:80000},,,
rideHailVehicle-035400-2015000350730-0-2223326, GlobalRHM, Car, 540495.5409656346, 4177457.2191088405,{10:25200};{25300:80000},,,
rideHailVehicle-030201-2015000502336-0-5276051, GlobalRHM, Car, 542368.6124906794, 4183015.1351410877,{10:25200};{25300:80000},,,
rideHailVehicle-016000-2016001255287-0-2978178, GlobalRHM, Car, 553779.8425851017, 4178851.445300638,{10:25200};{25300:80000},,,
rideHailVehicle-035100-2014000315414-0-2478040, GlobalRHM, Car, 549126.6118569882, 4177640.0508929277,{10:25200};{25300:80000},,,
rideHailVehicle-031201-2016001275552-0-63286, GlobalRHM, Car, 543242.1011710474, 4174513.774318615,{10:25200};{25300:80000},,,
rideHailVehicle-017102-2016000053183-0-1957770, GlobalRHM, Car, 546297.4403385627, 4181555.279252093,{10:25200};{25300:80000},,,
rideHailVehicle-061500-2014000470961-6-1064421, GlobalRHM, Car, 552018.8671144359, 4178792.8017448443,{10:25200};{25300:80000},,,
rideHailVehicle-015700-2013001443049-0-1705449, GlobalRHM, Car, 552460.5423916803, 4177390.6636184785,{10:25200};{25300:80000},,,
rideHailVehicle-016600-2016000093294-1-5391710, GlobalRHM, Car, 552650.1905889801, 4180241.463910234,{10:25200};{25300:80000},,,
rideHailVehicle-016801-2015000213706-0-5009189, GlobalRHM, Car, 545923.4450815669, 4184157.2869691555,{10:25200};{25300:80000},,,
rideHailVehicle-021600-2013000971589-0-7049167, GlobalRHM, Car, 551115.0447246946, 4178748.8079255507,{10:25200};{25300:80000},,,
rideHailVehicle-030202-2012000294274-0-2349253, GlobalRHM, Car, 545785.0284727748, 4174914.685459947,{10:25200};{25300:80000},,,
rideHailVehicle-061500-2013001018912-0-6409906, GlobalRHM, Car, 550098.0667159479, 4180712.515809384,{10:25200};{25300:80000},,,
rideHailVehicle-025701-2012000622524-0-438815, GlobalRHM, Car, 550331.9781188464, 4175288.147220514,{10:25200};{25300:80000},,,
rideHailVehicle-012201-2016000785486-0-4752964, GlobalRHM, Car, 554472.8395306042, 4186655.984699189,{10:25200};{25300:80000},,,
rideHailVehicle-016300-2016000391945-0-7435414, GlobalRHM, Car, 554131.0212145504, 4183230.462534295,{10:25200};{25300:80000},,,
rideHailVehicle-021800-2013000077130-0-7568755, GlobalRHM, Car, 546842.8872931384, 4179780.7951888456,{10:25200};{25300:80000},,,
rideHailVehicle-025402-2013000712809-0-6411569, GlobalRHM, Car, 550541.7491050828, 4179520.577488095,{10:25200};{25300:80000},,,
rideHailVehicle-020300-2015000105861-0-5775241, GlobalRHM, Car, 547390.2287939636, 4175920.0869666096,{10:25200};{25300:80000},,,
rideHailVehicle-023001-2013001477429-0-439283, GlobalRHM, Car, 555019.8436723871, 4177009.5921264905,{10:25200};{25300:80000},,,
rideHailVehicle-023003-2013000382737-0-1583439, GlobalRHM, Car, 557736.8737549537, 4180221.4090671097,{10:25200};{25300:80000},,,
rideHailVehicle-020700-2013000080675-0-5008511, GlobalRHM, Car, 547488.0164113757, 4176848.0453201686,{10:25200};{25300:80000},,,
rideHailVehicle-061500-2015000872072-1-1828506, GlobalRHM, Car, 552402.4121218142, 4178622.742794336,{10:25200};{25300:80000},,,
rideHailVehicle-022902-2012001105608-0-3353143, GlobalRHM, Car, 555334.1463577133, 4173934.156056328,{10:25200};{25300:80000},,,
rideHailVehicle-016300-2015000074476-0-3233215, GlobalRHM, Car, 549445.1755681592, 4182991.476406517,{10:25200};{25300:80000},,,
rideHailVehicle-031400-2013001106601-0-2221289, GlobalRHM, Car, 544950.6836346393, 4170764.8638511244,{10:25200};{25300:80000},,,
rideHailVehicle-035300-2015000297796-0-1078571, GlobalRHM, Car, 543012.3775871416, 4176997.280446488,{10:25200};{25300:80000},,,
rideHailVehicle-016000-2013000348243-0-4250210, GlobalRHM, Car, 547373.2955088448, 4183801.0440297704,{10:25200};{25300:80000},,,
rideHailVehicle-023003-2013000382737-0-1583440, GlobalRHM, Car, 553598.5650404063, 4176380.3392802696,{10:25200};{25300:80000},,,
rideHailVehicle-030101-2013001284059-0-3876595, GlobalRHM, Car, 545376.9668763633, 4176048.4478686927,{10:25200};{25300:80000},,,
rideHailVehicle-033000-2013001140814-1-4636711, GlobalRHM, Car, 549468.0011008941, 4174489.1535381875,{10:25200};{25300:80000},,,
rideHailVehicle-016700-2013000625848-0-3101998, GlobalRHM, Car, 548773.9307252793, 4179320.803925956,{10:25200};{25300:80000},,,
rideHailVehicle-020700-2016001360898-0-4248124, GlobalRHM, Car, 547950.4540227456, 4176074.958724969,{10:25200};{25300:80000},,,
rideHailVehicle-012000-2012001332565-0-4117872, GlobalRHM, Car, 554525.2965253235, 4181751.5321295285,{10:25200};{25300:80000},,,
rideHailVehicle-016400-2013001366906-0-2340702, GlobalRHM, Car, 553731.9692370541, 4180833.048239757,{10:25200};{25300:80000},,,
rideHailVehicle-047600-2016001208137-2-4631149, GlobalRHM, Car, 550478.5575064382, 4175326.1514701224,{10:25200};{25300:80000},,,
rideHailVehicle-025701-2016000596503-0-7568119, GlobalRHM, Car, 550633.2479249603, 4175696.8305274993,{10:25200};{25300:80000},,,
rideHailVehicle-031400-2013001106601-0-2221287, GlobalRHM, Car, 549477.6243929333, 4174491.304022436,{10:25200};{25300:80000},,,
rideHailVehicle-015700-2013001443049-0-1705448, GlobalRHM, Car, 544418.6074828389, 4176607.9513931586,{10:25200};{25300:80000},,,
rideHailVehicle-017000-2015000063355-0-52504, GlobalRHM, Car, 552411.9605801717, 4180423.5346065946,{10:25200};{25300:80000},,,
rideHailVehicle-033000-2014000025730-0-3112774, GlobalRHM, Car, 545297.7503829012, 4178440.6661251415,{10:25200};{25300:80000},,,
rideHailVehicle-010800-2014001033451-0-7177654, GlobalRHM, Car, 554263.8688687063, 4181198.953374127,{10:25200};{25300:80000},,,
rideHailVehicle-021500-2015001455603-1-559452, GlobalRHM, Car, 554099.3579293592, 4172843.8701610444,{10:25200};{25300:80000},,,
rideHailVehicle-010600-2013000040063-0-1831035, GlobalRHM, Car, 550766.0024714001, 4188697.5566560538,{10:25200};{25300:80000},,,
rideHailVehicle-061400-2013001270771-1-557156, GlobalRHM, Car, 554672.009091447, 4178591.458284077,{10:25200};{25300:80000},,,
rideHailVehicle-017102-2015000610535-0-1066427, GlobalRHM, Car, 551655.0020240907, 4177952.9107864406,{10:25200};{25300:80000},,,
rideHailVehicle-022802-2012001386215-0-6282251, GlobalRHM, Car, 548966.575486593, 4178509.0172440647,{10:25200};{25300:80000},,,
rideHailVehicle-035400-2015000355182-0-2223332, GlobalRHM, Car, 542867.4156138392, 4181041.376469205,{10:25200};{25300:80000},,,
rideHailVehicle-015700-2014001212701-1-1324703, GlobalRHM, Car, 546032.9288932258, 4180370.3136763433,{10:25200};{25300:80000},,,
rideHailVehicle-021500-2013001033977-0-4753733, GlobalRHM, Car, 554116.6013243705, 4182043.0701652733,{10:25200};{25300:80000},,,
rideHailVehicle-042601-2013000611431-0-181600, GlobalRHM, Car, 544901.3855576087, 4175858.08079616,{10:25200};{25300:80000},,,
rideHailVehicle-012301-2015000488247-0-177342, GlobalRHM, Car, 549040.3112114249, 4184471.920298234,{10:25200};{25300:80000},,,
rideHailVehicle-026303-2016000613976-0-7696442, GlobalRHM, Car, 551469.0261693498, 4170480.4922126355,{10:25200};{25300:80000},,,
rideHailVehicle-026302-2012000031464-0-3110560, GlobalRHM, Car, 545697.1368703336, 4177003.9877516325,{10:25200};{25300:80000},,,
rideHailVehicle-035400-2016000410053-0-7952898, GlobalRHM, Car, 547812.0475966536, 4172589.9438371924,{10:25200};{25300:80000},,,
rideHailVehicle-021800-2013000077130-0-7568754, GlobalRHM, Car, 554550.6536355608, 4179299.8219609186,{10:25200};{25300:80000},,,
rideHailVehicle-012000-2012001332565-0-4117871, GlobalRHM, Car, 549964.2283823994, 4182256.7751966603,{10:25200};{25300:80000},,,
rideHailVehicle-035100-2015000185832-2-6296705, GlobalRHM, Car, 547577.0035786788, 4177496.7816000916,{10:25200};{25300:80000},,,
rideHailVehicle-030102-2016000915765-0-7316426, GlobalRHM, Car, 545146.6110864839, 4182451.002062853,{10:25200};{25300:80000},,,
rideHailVehicle-032602-2016001358668-0-7062545, GlobalRHM, Car, 544486.5349068075, 4180034.785185366,{10:25200};{25300:80000},,,
rideHailVehicle-061100-2016001405141-2-1959581, GlobalRHM, Car, 551188.9814281807, 4186430.986465149,{10:25200};{25300:80000},,,
rideHailVehicle-031400-2014000788156-0-569467, GlobalRHM, Car, 551857.3728211193, 4171671.1531098178,{10:25200};{25300:80000},,,
rideHailVehicle-015900-2014000226919-0-2977043, GlobalRHM, Car, 553616.722967866, 4181894.0111224386,{10:25200};{25300:80000},,,
rideHailVehicle-026200-2012000899249-0-6805559, GlobalRHM, Car, 546017.1604253086, 4173135.486434608,{10:25200};{25300:80000},,,
rideHailVehicle-022903-2015001470545-0-6410690, GlobalRHM, Car, 548913.7310802062, 4175846.3990752376,{10:25200};{25300:80000},,,
rideHailVehicle-023103-2014000408809-0-2346458, GlobalRHM, Car, 551042.3059662492, 4176293.4377237842,{10:25200};{25300:80000},,,
rideHailVehicle-061100-2013000363105-0-2086040, GlobalRHM, Car, 554395.5984280019, 4180128.748638254,{10:25200};{25300:80000},,,
rideHailVehicle-035202-2015000355565-0-1206634, GlobalRHM, Car, 540446.1969816582, 4179530.2341941805,{10:25200};{25300:80000},,,
rideHailVehicle-010200-2014000909482-0-1831504, GlobalRHM, Car, 549295.4051701999, 4188702.8773755045,{10:25200};{25300:80000},,,
rideHailVehicle-030301-2016000012842-0-7188528, GlobalRHM, Car, 543299.7581065098, 4175574.853719063,{10:25200};{25300:80000},,,
rideHailVehicle-010500-2015000121225-0-4882855, GlobalRHM, Car, 553152.2889781325, 4183987.4616561,{10:25200};{25300:80000},,,
rideHailVehicle-042601-2012001405189-0-3232414, GlobalRHM, Car, 550769.363476965, 4183902.160183544,{10:25200};{25300:80000},,,
rideHailVehicle-033100-2012001472832-0-4002901, GlobalRHM, Car, 540939.9149592874, 4173025.7283671596,{10:25200};{25300:80000},,,
rideHailVehicle-031201-2016001275552-0-63284, GlobalRHM, Car, 550372.9398834999, 4172034.4918412026,{10:25200};{25300:80000},,,
rideHailVehicle-061000-2013000498813-0-8076981, GlobalRHM, Car, 559483.3635570254, 4175790.064359643,{10:25200};{25300:80000},,,
rideHailVehicle-032700-2012000996623-1-6679645, GlobalRHM, Car, 546441.5133246348, 4176204.985057449,{10:25200};{25300:80000},,,
rideHailVehicle-060502-2016001173133-0-3874250, GlobalRHM, Car, 554652.4721094914, 4176042.6225521076,{10:25200};{25300:80000},,,
rideHailVehicle-010400-2013000141206-0-6030422, GlobalRHM, Car, 551455.1106887752, 4185605.501811782,{10:25200};{25300:80000},,,
rideHailVehicle-016000-2014000088156-0-3232866, GlobalRHM, Car, 546350.1160762763, 4179763.3337698453,{10:25200};{25300:80000},,,
rideHailVehicle-021800-2012001178100-1-6422123, GlobalRHM, Car, 552337.4761280064, 4177195.342637473,{10:25200};{25300:80000},,,
rideHailVehicle-032602-2015001118156-0-6041751, GlobalRHM, Car, 548624.871563725, 4181717.182300492,{10:25200};{25300:80000},,,
rideHailVehicle-020700-2015001260178-0-6668093, GlobalRHM, Car, 547164.2581647779, 4183510.415960561,{10:25200};{25300:80000},,,
rideHailVehicle-033100-2012001472832-0-4002899, GlobalRHM, Car, 545435.9385326429, 4174003.2065107576,{10:25200};{25300:80000},,,
rideHailVehicle-035100-2016000185194-0-317233, GlobalRHM, Car, 541075.3176500789, 4181777.4417480356,{10:25200};{25300:80000},,,
rideHailVehicle-033000-2013001140814-1-4636709, GlobalRHM, Car, 547366.9086184441, 4175641.104265577,{10:25200};{25300:80000},,,
rideHailVehicle-020100-2012000028777-1-2084081, GlobalRHM, Car, 555729.074881566, 4182789.6752167046,{10:25200};{25300:80000},,,
rideHailVehicle-047701-2015000283136-1-2977530, GlobalRHM, Car, 550226.4066919133, 4181870.358983029,{10:25200};{25300:80000},,,
rideHailVehicle-025702-2015000866130-0-7312968, GlobalRHM, Car, 556200.7578209793, 4180403.2673291727,{10:25200};{25300:80000},,,
rideHailVehicle-020300-2015000105861-0-5775240, GlobalRHM, Car, 545953.6946065512, 4178648.597492159,{10:25200};{25300:80000},,,
rideHailVehicle-010800-2016000432298-0-1196342, GlobalRHM, Car, 550160.8000019906, 4180484.497461646,{10:25200};{25300:80000},,,
rideHailVehicle-060700-2014000005294-0-5007050, GlobalRHM, Car, 551038.4796397017, 4184088.9402118106,{10:25200};{25300:80000},,,
rideHailVehicle-016400-2016000237898-0-5395521, GlobalRHM, Car, 546197.6425361707, 4181696.339720678,{10:25200};{25300:80000},,,
rideHailVehicle-010900-2013000465563-0-4744561, GlobalRHM, Car, 551780.1429805347, 4178597.783791122,{10:25200};{25300:80000},,,
rideHailVehicle-030202-2014000751651-1-6807834, GlobalRHM, Car, 545226.3823118383, 4175343.869807608,{10:25200};{25300:80000},,,
rideHailVehicle-013102-2013000091344-1-5264971, GlobalRHM, Car, 550913.7658671623, 4186446.125030154,{10:25200};{25300:80000},,,
rideHailVehicle-012501-2016000706115-0-5135689, GlobalRHM, Car, 549896.317338669, 4183601.8230004655,{10:25200};{25300:80000},,,
rideHailVehicle-012301-2015000488247-0-177343, GlobalRHM, Car, 553155.7772279872, 4187167.1960003595,{10:25200};{25300:80000},,,
rideHailVehicle-033000-2014000885580-0-2095585, GlobalRHM, Car, 545276.9476540642, 4181808.109754476,{10:25200};{25300:80000},,,
rideHailVehicle-022903-2014000691728-0-7301945, GlobalRHM, Car, 555485.9555832017, 4181570.5573413656,{10:25200};{25300:80000},,,
rideHailVehicle-033204-2015000312571-0-6550920, GlobalRHM, Car, 547460.1693321445, 4172597.863850538,{10:25200};{25300:80000},,,
rideHailVehicle-060700-2016001337690-1-2592204, GlobalRHM, Car, 550446.1319815614, 4176708.4330906095,{10:25200};{25300:80000},,,
rideHailVehicle-016300-2015000074476-0-3233213, GlobalRHM, Car, 553203.4173086041, 4176628.98869385,{10:25200};{25300:80000},,,
rideHailVehicle-017601-2016000823983-0-1956252, GlobalRHM, Car, 547215.7839913542, 4185456.1315939752,{10:25200};{25300:80000},,,
rideHailVehicle-016900-2015001293998-0-7176369, GlobalRHM, Car, 549822.8154767493, 4176966.0499663483,{10:25200};{25300:80000},,,
rideHailVehicle-032902-2013000836936-0-4765659, GlobalRHM, Car, 545163.0157350793, 4175738.093974436,{10:25200};{25300:80000},,,
rideHailVehicle-033204-2012000973077-0-822598, GlobalRHM, Car, 550004.7251415848, 4174917.8334956686,{10:25200};{25300:80000},,,
rideHailVehicle-030301-2016001476215-0-7316562, GlobalRHM, Car, 545265.2169068975, 4182232.3811586928,{10:25200};{25300:80000},,,
rideHailVehicle-016900-2015001293998-0-7176370, GlobalRHM, Car, 548216.3996110632, 4175857.6296221865,{10:25200};{25300:80000},,,
rideHailVehicle-025402-2013000712809-0-6411568, GlobalRHM, Car, 553322.6241881372, 4177476.768906473,{10:25200};{25300:80000},,,
rideHailVehicle-030301-2016001389672-0-5531812, GlobalRHM, Car, 546967.6750328906, 4180752.095130826,{10:25200};{25300:80000},,,
rideHailVehicle-600900-2013000179752-0-8087176, GlobalRHM, Car, 545199.5855672873, 4168260.5333188237,{10:25200};{25300:80000},,,
rideHailVehicle-600900-2013000179752-0-8087175, GlobalRHM, Car, 549231.5595098007, 4171988.197210329,{10:25200};{25300:80000},,,
rideHailVehicle-030800-2016000227368-1-2604011, GlobalRHM, Car, 542201.0333930816, 4181598.008883728,{10:25200};{25300:80000},,,
rideHailVehicle-035202-2015000355565-0-1206636, GlobalRHM, Car, 544858.2986228048, 4178415.9251121623,{10:25200};{25300:80000},,,
rideHailVehicle-010800-2016000432298-0-1196341, GlobalRHM, Car, 550006.0355236128, 4182087.1992537426,{10:25200};{25300:80000},,,
rideHailVehicle-061500-2014000470961-6-1064420, GlobalRHM, Car, 550533.2778740987, 4184769.919222757,{10:25200};{25300:80000},,,
rideHailVehicle-035400-2016000410053-0-7952900, GlobalRHM, Car, 542442.2846509559, 4179092.9968379573,{10:25200};{25300:80000},,,
rideHailVehicle-035400-2015000777810-0-2097385, GlobalRHM, Car, 541777.1094893714, 4175343.8807139187,{10:25200};{25300:80000},,,
rideHailVehicle-017601-2016000010048-2-5644697, GlobalRHM, Car, 551495.9600949083, 4179945.312387296,{10:25200};{25300:80000},,,
rideHailVehicle-030101-2015001362468-1-1969863, GlobalRHM, Car, 547689.8773064128, 4180913.2814627723,{10:25200};{25300:80000},,,
rideHailVehicle-042601-2013000611431-0-181602, GlobalRHM, Car, 544633.8596874048, 4181835.669902206,{10:25200};{25300:80000},,,
rideHailVehicle-035400-2016000410053-0-7952897, GlobalRHM, Car, 544711.9721925345, 4179039.109064016,{10:25200};{25300:80000},,,
rideHailVehicle-012800-2014001355299-0-3994709, GlobalRHM, Car, 552379.120942213, 4181325.478028134,{10:25200};{25300:80000},,,
rideHailVehicle-016400-2015001364898-0-434884, GlobalRHM, Car, 546877.141895486, 4184235.2703533657,{10:25200};{25300:80000},,,
rideHailVehicle-030202-2016000076919-0-7444062, GlobalRHM, Car, 547660.2060343424, 4178564.6445745,{10:25200};{25300:80000},,,
rideHailVehicle-017102-2015000610535-0-1066426, GlobalRHM, Car, 548140.1604892759, 4181030.130658631,{10:25200};{25300:80000},,,
rideHailVehicle-035300-2016000883913-0-5149467, GlobalRHM, Car, 548905.0573250919, 4180060.6029796,{10:25200};{25300:80000},,,
rideHailVehicle-016801-2015000213706-0-5009188, GlobalRHM, Car, 553394.85338701, 4177291.691338726,{10:25200};{25300:80000},,,
rideHailVehicle-010900-2012001140018-0-5010100, GlobalRHM, Car, 551011.9371287466, 4181142.0776065155,{10:25200};{25300:80000},,,
rideHailVehicle-035400-2016000410053-0-7952894, GlobalRHM, Car, 546771.9168701257, 4176352.0454492304,{10:25200};{25300:80000},,,
rideHailVehicle-022801-2016000262460-0-1065031, GlobalRHM, Car, 556740.2564783447, 4182770.6954801437,{10:25200};{25300:80000},,,
rideHailVehicle-016500-2016000168884-0-2089037, GlobalRHM, Car, 547237.944793582, 4180118.205652401,{10:25200};{25300:80000},,,
rideHailVehicle-030101-2016001472918-0-4387278, GlobalRHM, Car, 552298.543785357, 4178073.617156364,{10:25200};{25300:80000},,,
rideHailVehicle-035300-2012001378514-0-4131714, GlobalRHM, Car, 543057.1757575076, 4172342.4642564254,{10:25200};{25300:80000},,,
rideHailVehicle-047902-2013001019908-0-941952, GlobalRHM, Car, 542927.6421511648, 4180431.233990235,{10:25200};{25300:80000},,,
rideHailVehicle-047802-2015000658288-0-4757823, GlobalRHM, Car, 541848.609902891, 4181179.4299180247,{10:25200};{25300:80000},,,
rideHailVehicle-025402-2013001153428-0-7813268, GlobalRHM, Car, 552399.888679728, 4177863.607731531,{10:25200};{25300:80000},,,
rideHailVehicle-035100-2014000315414-0-2478042, GlobalRHM, Car, 546920.8855906952, 4180851.043239062,{10:25200};{25300:80000},,,
rideHailVehicle-016400-2016000237898-0-5395522, GlobalRHM, Car, 548662.5983655951, 4183246.611683472,{10:25200};{25300:80000},,,
rideHailVehicle-026303-2016000613976-0-7696445, GlobalRHM, Car, 552408.0386962958, 4178402.1920675235,{10:25200};{25300:80000},,,
rideHailVehicle-033100-2016000792194-0-5020245, GlobalRHM, Car, 549104.7051955942, 4181144.3509104582,{10:25200};{25300:80000},,,
rideHailVehicle-016100-2012000437445-0-4122773, GlobalRHM, Car, 552071.6308037414, 4178764.56044653,{10:25200};{25300:80000},,,
rideHailVehicle-016500-2013000194064-0-1960066, GlobalRHM, Car, 550472.5400205412, 4181259.9175675367,{10:25200};{25300:80000},,,
rideHailVehicle-042800-2016001351601-0-563357, GlobalRHM, Car, 545624.9855332433, 4175062.976318334,{10:25200};{25300:80000},,,
rideHailVehicle-033203-2012000297907-0-4129918, GlobalRHM, Car, 542487.2981897019, 4169975.714409721,{10:25200};{25300:80000},,,
rideHailVehicle-035300-2015000232684-0-4132395, GlobalRHM, Car, 542057.3347831335, 4178134.109227079,{10:25200};{25300:80000},,,
rideHailVehicle-020900-2015000488247-1-3100974, GlobalRHM, Car, 550186.886255442, 4173943.056225378,{10:25200};{25300:80000},,,
rideHailVehicle-035400-2016000410053-0-7952893, GlobalRHM, Car, 547739.665813721, 4175814.0906056366,{10:25200};{25300:80000},,,
rideHailVehicle-061100-2013000008150-1-5392386, GlobalRHM, Car, 550238.2367339885, 4184848.560300084,{10:25200};{25300:80000},,,
rideHailVehicle-016300-2016000391945-0-7435413, GlobalRHM, Car, 550326.0623579056, 4182051.4236506,{10:25200};{25300:80000},,,
rideHailVehicle-021600-2013000573783-0-6667244, GlobalRHM, Car, 548541.867150538, 4175014.784481375,{10:25200};{25300:80000},,,
rideHailVehicle-023003-2013000382737-0-1583444, GlobalRHM, Car, 550482.9525647792, 4172760.196218885,{10:25200};{25300:80000},,,
rideHailVehicle-016000-2012000503933-0-4756531, GlobalRHM, Car, 552435.2014043612, 4184088.562235412,{10:25200};{25300:80000},,,
rideHailVehicle-030202-2014000639823-0-6552181, GlobalRHM, Car, 543523.1203863296, 4181253.3052751375,{10:25200};{25300:80000},,,
rideHailVehicle-016300-2016000202136-0-1070357, GlobalRHM, Car, 549895.3957722365, 4181451.5078190006,{10:25200};{25300:80000},,,
rideHailVehicle-025401-2012001153799-0-3736387, GlobalRHM, Car, 552716.8406691148, 4176157.1482721516,{10:25200};{25300:80000},,,
rideHailVehicle-030800-2013000290904-0-5656085, GlobalRHM, Car, 549251.2383920668, 4176593.094099938,{10:25200};{25300:80000},,,
rideHailVehicle-033000-2012001101876-1-1076126, GlobalRHM, Car, 546232.5302119191, 4176494.309853291,{10:25200};{25300:80000},,,
rideHailVehicle-016300-2013000560401-0-3485057, GlobalRHM, Car, 546605.5979793272, 4182232.2608618564,{10:25200};{25300:80000},,,
rideHailVehicle-042602-2012000478352-0-7815930, GlobalRHM, Car, 545781.4555170584, 4175302.26062561,{10:25200};{25300:80000},,,
rideHailVehicle-023300-2015001029325-0-3238751, GlobalRHM, Car, 557302.744016994, 4177440.9706385476,{10:25200};{25300:80000},,,
rideHailVehicle-016000-2016001255287-0-2978180, GlobalRHM, Car, 553212.8241757248, 4185091.5495170574,{10:25200};{25300:80000},,,
rideHailVehicle-016400-2015001364898-0-434883, GlobalRHM, Car, 545929.5946154366, 4183514.054584767,{10:25200};{25300:80000},,,
rideHailVehicle-020100-2013001461505-0-4626545, GlobalRHM, Car, 556111.5012898322, 4178850.004963022,{10:25200};{25300:80000},,,
rideHailVehicle-012202-2014001317122-0-4372663, GlobalRHM, Car, 549167.2674631245, 4183104.25720822,{10:25200};{25300:80000},,,
rideHailVehicle-033000-2014000265406-3-6294822, GlobalRHM, Car, 549747.3115425067, 4181085.8701873394,{10:25200};{25300:80000},,,
rideHailVehicle-026401-2014000056046-0-4001548, GlobalRHM, Car, 549338.4418563503, 4177272.620712634,{10:25200};{25300:80000},,,
rideHailVehicle-600200-2015000249377-0-6945636, GlobalRHM, Car, 549610.2797444324, 4168308.0521087823,{10:25200};{25300:80000},,,
rideHailVehicle-021800-2015000742202-0-4510986, GlobalRHM, Car, 549661.0948375496, 4175742.7566260113,{10:25200};{25300:80000},,,
rideHailVehicle-021800-2015000742202-0-4510983, GlobalRHM, Car, 550539.0695592191, 4174067.7535236604,{10:25200};{25300:80000},,,
rideHailVehicle-025402-2013000712809-0-6411570, GlobalRHM, Car, 551112.7961514151, 4181155.431100693,{10:25200};{25300:80000},,,
rideHailVehicle-042601-2012001371043-0-1069019, GlobalRHM, Car, 548510.52806876, 4180830.1273972215,{10:25200};{25300:80000},,,
rideHailVehicle-011100-2015001111372-0-2339532, GlobalRHM, Car, 553037.430482178, 4186951.6722792685,{10:25200};{25300:80000},,,
rideHailVehicle-030700-2013000784517-0-6678215, GlobalRHM, Car, 543492.2049656789, 4175655.4107087557,{10:25200};{25300:80000},,,
rideHailVehicle-021800-2013000371919-0-5656103, GlobalRHM, Car, 553840.3355039412, 4175903.1728504095,{10:25200};{25300:80000},,,
rideHailVehicle-016400-2016001345781-0-3869012, GlobalRHM, Car, 554341.0548984779, 4179351.6196679836,{10:25200};{25300:80000},,,
rideHailVehicle-023103-2014000917864-0-5400451, GlobalRHM, Car, 554913.9941523173, 4176684.596869116,{10:25200};{25300:80000},,,
rideHailVehicle-020100-2016000413711-0-52879, GlobalRHM, Car, 545958.8794920143, 4182353.128211795,{10:25200};{25300:80000},,,
rideHailVehicle-045100-2015001319835-0-7053555, GlobalRHM, Car, 551212.3868913591, 4179648.515427923,{10:25200};{25300:80000},,,
rideHailVehicle-033100-2016000792194-0-5020244, GlobalRHM, Car, 540928.7784703277, 4174547.8692315132,{10:25200};{25300:80000},,,
rideHailVehicle-020900-2016000007292-0-6154398, GlobalRHM, Car, 549220.9199686196, 4179074.1079379334,{10:25200};{25300:80000},,,
rideHailVehicle-026303-2013000882280-0-1456533, GlobalRHM, Car, 546634.1688101754, 4170031.936199129,{10:25200};{25300:80000},,,
rideHailVehicle-031400-2014000403670-0-441060, GlobalRHM, Car, 544631.2779330589, 4178235.1177969226,{10:25200};{25300:80000},,,
rideHailVehicle-017802-2014000839166-0-303344, GlobalRHM, Car, 551158.0696715332, 4178740.7759037595,{10:25200};{25300:80000},,,
rideHailVehicle-015700-2014001212701-1-1324702, GlobalRHM, Car, 548180.8475787622, 4187005.6626594323,{10:25200};{25300:80000},,,
rideHailVehicle-012202-2013000609715-0-5899894, GlobalRHM, Car, 552719.2795361098, 4180229.9951191386,{10:25200};{25300:80000},,,
rideHailVehicle-013400-2012000349614-2-7176881, GlobalRHM, Car, 551433.256735786, 4187614.9714386514,{10:25200};{25300:80000},,,
rideHailVehicle-012800-2012000307582-0-1322049, GlobalRHM, Car, 549523.0670182428, 4182877.6732912515,{10:25200};{25300:80000},,,
rideHailVehicle-012301-2013000721346-0-1955284, GlobalRHM, Car, 554446.2265799122, 4179614.283588695,{10:25200};{25300:80000},,,
rideHailVehicle-015500-2014000174901-0-3612083, GlobalRHM, Car, 546890.3046241985, 4183832.6238796026,{10:25200};{25300:80000},,,
rideHailVehicle-600200-2015000249377-0-6945635, GlobalRHM, Car, 547185.3972051935, 4168527.4514411343,{10:25200};{25300:80000},,,
rideHailVehicle-025100-2012000275249-0-7557902, GlobalRHM, Car, 555943.4634037724, 4175418.8980729794,{10:25200};{25300:80000},,,
rideHailVehicle-016300-2013000560401-0-3485055, GlobalRHM, Car, 548599.9589850166, 4183546.8197183185,{10:25200};{25300:80000},,,
rideHailVehicle-016400-2015001093698-0-2723664, GlobalRHM, Car, 545489.1627914942, 4180122.711076849,{10:25200};{25300:80000},,,
rideHailVehicle-022903-2014000691728-0-7301946, GlobalRHM, Car, 551860.9941342121, 4179898.614707503,{10:25200};{25300:80000},,,
rideHailVehicle-023003-2012000121328-0-7057840, GlobalRHM, Car, 555197.3090044676, 4175276.367909352,{10:25200};{25300:80000},,,
rideHailVehicle-015500-2012001093907-0-6286883, GlobalRHM, Car, 548692.907521283, 4184261.4736381173,{10:25200};{25300:80000},,,
rideHailVehicle-026401-2014000622970-0-4128923, GlobalRHM, Car, 548923.3805379407, 4172782.5095543214,{10:25200};{25300:80000},,,
rideHailVehicle-025403-2014000405130-0-7686787, GlobalRHM, Car, 553719.5840237988, 4174868.470014472,{10:25200};{25300:80000},,,
rideHailVehicle-016200-2013000629950-0-2722574, GlobalRHM, Car, 552931.1932884568, 4185197.3109295596,{10:25200};{25300:80000},,,
rideHailVehicle-032601-2013001351602-0-3114468, GlobalRHM, Car, 547322.9179710845, 4183076.3086422514,{10:25200};{25300:80000},,,
rideHailVehicle-035100-2014000315414-0-2478045, GlobalRHM, Car, 540231.0183772467, 4180209.86687966,{10:25200};{25300:80000},,,
rideHailVehicle-031302-2014001135852-0-7569352, GlobalRHM, Car, 550885.5146534627, 4172212.574675929,{10:25200};{25300:80000},,,
rideHailVehicle-030102-2014000737619-0-7570835, GlobalRHM, Car, 547391.3049246388, 4184477.0325006708,{10:25200};{25300:80000},,,
rideHailVehicle-035300-2016000883913-0-5149468, GlobalRHM, Car, 540966.0347872432, 4175986.340393523,{10:25200};{25300:80000},,,
rideHailVehicle-026200-2012000899249-0-6805562, GlobalRHM, Car, 548929.3413483318, 4169532.3721619807,{10:25200};{25300:80000},,,
rideHailVehicle-035300-2016000883913-0-5149469, GlobalRHM, Car, 540657.178120106, 4182541.799264115,{10:25200};{25300:80000},,,
rideHailVehicle-022600-2015001087739-1-7174709, GlobalRHM, Car, 555924.3063937671, 4181539.7657326865,{10:25200};{25300:80000},,,
rideHailVehicle-032700-2013000255010-0-2477702, GlobalRHM, Car, 541705.9390566617, 4178927.1030097567,{10:25200};{25300:80000},,,
rideHailVehicle-017601-2012000405878-0-5516643, GlobalRHM, Car, 550269.8058177361, 4184686.650469203,{10:25200};{25300:80000},,,
rideHailVehicle-020200-2013000318971-0-5008558, GlobalRHM, Car, 550478.0648196101, 4183838.5287102573,{10:25200};{25300:80000},,,
rideHailVehicle-010400-2013000141206-0-6030423, GlobalRHM, Car, 554736.0151018722, 4185439.861451532,{10:25200};{25300:80000},,,
rideHailVehicle-030800-2015000705172-0-5529689, GlobalRHM, Car, 541956.7604378925, 4176241.4849290005,{10:25200};{25300:80000},,,
rideHailVehicle-032902-2013000836936-0-4765660, GlobalRHM, Car, 543669.9158820809, 4180780.226253765,{10:25200};{25300:80000},,,
rideHailVehicle-042601-2013000953782-0-3358391, GlobalRHM, Car, 543146.2510698745, 4176776.329315162,{10:25200};{25300:80000},,,
rideHailVehicle-016500-2013000373520-0-55086, GlobalRHM, Car, 552937.7383536866, 4179328.811318398,{10:25200};{25300:80000},,,
rideHailVehicle-020700-2014001294560-0-3608967, GlobalRHM, Car, 551761.9232754915, 4178161.657981661,{10:25200};{25300:80000},,,
rideHailVehicle-025701-2012000622524-0-438814, GlobalRHM, Car, 553156.5291370311, 4172995.6038555405,{10:25200};{25300:80000},,,
rideHailVehicle-020600-2015000596876-0-178965, GlobalRHM, Car, 555105.9161488564, 4180209.962629611,{10:25200};{25300:80000},,,
rideHailVehicle-047902-2013001019908-0-941951, GlobalRHM, Car, 541958.8720147155, 4181704.513326522,{10:25200};{25300:80000},,,
rideHailVehicle-030800-2016001364106-0-950541, GlobalRHM, Car, 546787.1463188896, 4178609.374863661,{10:25200};{25300:80000},,,
rideHailVehicle-013101-2014001499292-0-2467745, GlobalRHM, Car, 551329.4606312014, 4180266.219986675,{10:25200};{25300:80000},,,
rideHailVehicle-035100-2014000688612-0-7952302, GlobalRHM, Car, 545704.5495588019, 4178714.8077847497,{10:25200};{25300:80000},,,
rideHailVehicle-013101-2014001499292-0-2467744, GlobalRHM, Car, 547806.8266503139, 4184279.187798662,{10:25200};{25300:80000},,,
rideHailVehicle-030700-2014001382787-0-4257715, GlobalRHM, Car, 548653.5077288602, 4178077.447004097,{10:25200};{25300:80000},,,
rideHailVehicle-030202-2013001137202-0-4004833, GlobalRHM, Car, 549091.5895648282, 4175370.6503706025,{10:25200};{25300:80000},,,
rideHailVehicle-030302-2012001160042-0-6679680, GlobalRHM, Car, 544959.4763047951, 4174831.518400169,{10:25200};{25300:80000},,,
rideHailVehicle-031400-2013001106601-0-2221290, GlobalRHM, Car, 546191.1153917065, 4170106.5090511567,{10:25200};{25300:80000},,,
rideHailVehicle-061400-2015001282334-1-1828608, GlobalRHM, Car, 552620.0070176793, 4179200.691888976,{10:25200};{25300:80000},,,
rideHailVehicle-033100-2012001472832-0-4002900, GlobalRHM, Car, 542774.5704970497, 4177811.8620724105,{10:25200};{25300:80000},,,
rideHailVehicle-030202-2016000076919-0-7444063, GlobalRHM, Car, 551452.2510191767, 4178503.577303972,{10:25200};{25300:80000},,,
rideHailVehicle-025500-2015001456857-0-5529857, GlobalRHM, Car, 553308.4710161677, 4172925.3494221726,{10:25200};{25300:80000},,,
rideHailVehicle-026004-2013001289447-0-4762612, GlobalRHM, Car, 553942.2518992022, 4170810.2375937854,{10:25200};{25300:80000},,,
rideHailVehicle-033204-2013001005226-0-2603181, GlobalRHM, Car, 542383.3179818863, 4179771.4627743578,{10:25200};{25300:80000},,,
rideHailVehicle-023003-2013000382737-0-1583441, GlobalRHM, Car, 556846.7559280167, 4177165.4279475757,{10:25200};{25300:80000},,,
rideHailVehicle-021300-2012000618474-0-938383, GlobalRHM, Car, 547985.5686366729, 4177331.1253020517,{10:25200};{25300:80000},,,
rideHailVehicle-010500-2016000806879-0-2965552, GlobalRHM, Car, 556801.8386103713, 4186043.428381217,{10:25200};{25300:80000},,,
rideHailVehicle-061400-2013001270771-1-557155, GlobalRHM, Car, 557673.4675600727, 4181101.768134196,{10:25200};{25300:80000},,,
rideHailVehicle-010600-2014001477120-0-1565719, GlobalRHM, Car, 551968.7639700349, 4186671.926762298,{10:25200};{25300:80000},,,
rideHailVehicle-016000-2012000503933-0-4756530, GlobalRHM, Car, 552616.8218143065, 4180506.377841977,{10:25200};{25300:80000},,,
rideHailVehicle-047701-2012000506200-0-6286721, GlobalRHM, Car, 543371.595397392, 4175502.9153081086,{10:25200};{25300:80000},,,
rideHailVehicle-010400-2012001111568-1-1195213, GlobalRHM, Car, 555980.5192582455, 4184497.594700908,{10:25200};{25300:80000},,,
rideHailVehicle-030800-2016000227368-1-2604009, GlobalRHM, Car, 542361.7491977144, 4182004.723262315,{10:25200};{25300:80000},,,
rideHailVehicle-600200-2015000929834-0-962364, GlobalRHM, Car, 551536.2868094905, 4175560.562910768,{10:25200};{25300:80000},,,
rideHailVehicle-030301-2016000012842-0-7188527, GlobalRHM, Car, 551521.0341161626, 4174602.8399638026,{10:25200};{25300:80000},,,
rideHailVehicle-060700-2014000470961-5-4879478, GlobalRHM, Car, 550643.4689548911, 4175697.9683974036,{10:25200};{25300:80000},,,
rideHailVehicle-035400-2016000410053-0-7952896, GlobalRHM, Car, 541650.0725038159, 4180015.187108828,{10:25200};{25300:80000},,,
rideHailVehicle-035100-2012000390561-0-7061062, GlobalRHM, Car, 548701.2513294976, 4183243.653041658,{10:25200};{25300:80000},,,
rideHailVehicle-030600-2015000935210-0-1713068, GlobalRHM, Car, 547357.9990034004, 4172496.292612252,{10:25200};{25300:80000},,,
rideHailVehicle-020900-2015000488247-1-3100975, GlobalRHM, Car, 554459.7225962179, 4173755.091922756,{10:25200};{25300:80000},,,
rideHailVehicle-035202-2015000355565-0-1206633, GlobalRHM, Car, 544582.5513872541, 4177932.8098041164,{10:25200};{25300:80000},,,
rideHailVehicle-026402-2016000321066-0-2094432, GlobalRHM, Car, 550540.6921688936, 4173765.5348997754,{10:25200};{25300:80000},,,
rideHailVehicle-031400-2016000027951-1-62993, GlobalRHM, Car, 553026.5508992777, 4176176.2947715996,{10:25200};{25300:80000},,,
rideHailVehicle-023003-2016000498183-0-314089, GlobalRHM, Car, 557907.3112404409, 4174809.874486838,{10:25200};{25300:80000},,,
rideHailVehicle-012501-2016000706115-0-5135690, GlobalRHM, Car, 546931.1574352508, 4182577.104949645,{10:25200};{25300:80000},,,
rideHailVehicle-010200-2013001407490-0-7050876, GlobalRHM, Car, 551852.2697817609, 4182584.23911696,{10:25200};{25300:80000},,,
rideHailVehicle-026401-2014000622970-0-4128924, GlobalRHM, Car, 554972.4974606151, 4177357.150550349,{10:25200};{25300:80000},,,
rideHailVehicle-013500-2015000443201-0-5647719, GlobalRHM, Car, 552717.8001025293, 4181242.52004605,{10:25200};{25300:80000},,,
rideHailVehicle-060700-2016000674094-2-7939145, GlobalRHM, Car, 552706.1541148394, 4185361.70518942,{10:25200};{25300:80000},,,
rideHailVehicle-026303-2016000613976-0-7696440, GlobalRHM, Car, 553549.3116399448, 4173999.547714203,{10:25200};{25300:80000},,,
rideHailVehicle-021500-2015001455603-1-559450, GlobalRHM, Car, 546897.1948337508, 4179115.1723195272,{10:25200};{25300:80000},,,
rideHailVehicle-032801-2016000379814-0-571776, GlobalRHM, Car, 549750.4818624639, 4177386.56207509,{10:25200};{25300:80000},,,
rideHailVehicle-021500-2013001033977-0-4753730, GlobalRHM, Car, 551815.4516585927, 4173247.7234590612,{10:25200};{25300:80000},,,
rideHailVehicle-033100-2016000792194-0-5020243, GlobalRHM, Car, 549947.4477074345, 4180526.8895427245,{10:25200};{25300:80000},,,
rideHailVehicle-060502-2016001173133-0-3874245, GlobalRHM, Car, 551239.5979333831, 4178284.0040743668,{10:25200};{25300:80000},,,
rideHailVehicle-042602-2012000478352-0-7815929, GlobalRHM, Car, 550556.0681331707, 4175598.3518105987,{10:25200};{25300:80000},,,
rideHailVehicle-035400-2015000576110-0-6296819, GlobalRHM, Car, 538321.9591826579, 4178589.851345702,{10:25200};{25300:80000},,,
rideHailVehicle-026402-2015000950980-0-6421393, GlobalRHM, Car, 553431.759819816, 4178267.6451549665,{10:25200};{25300:80000},,,
rideHailVehicle-025701-2016000056682-0-5018368, GlobalRHM, Car, 551499.8729993752, 4174465.782818135,{10:25200};{25300:80000},,,
rideHailVehicle-025200-2015000075945-0-4754161, GlobalRHM, Car, 549091.8036434544, 4179816.2671212982,{10:25200};{25300:80000},,,
rideHailVehicle-035100-2014000315414-0-2478041, GlobalRHM, Car, 541170.3377551133, 4173414.6251144274,{10:25200};{25300:80000},,,
rideHailVehicle-012202-2016001049565-0-3607897, GlobalRHM, Car, 551565.1449572445, 4182684.463718468,{10:25200};{25300:80000},,,
rideHailVehicle-021600-2015000197744-0-1066327, GlobalRHM, Car, 549616.8135071746, 4179669.378698924,{10:25200};{25300:80000},,,
rideHailVehicle-030202-2016000025297-0-5404271, GlobalRHM, Car, 541984.7642318923, 4177722.8306638566,{10:25200};{25300:80000},,,
rideHailVehicle-047902-2013001304170-0-7179199, GlobalRHM, Car, 538947.8373996972, 4176287.6870708773,{10:25200};{25300:80000},,,
rideHailVehicle-020700-2015001260178-0-6668092, GlobalRHM, Car, 555167.1842751859, 4174984.4634808395,{10:25200};{25300:80000},,,
rideHailVehicle-016100-2013000299037-0-3358212, GlobalRHM, Car, 547760.4647667884, 4179333.339007605,{10:25200};{25300:80000},,,
rideHailVehicle-013500-2015000443201-0-5647717, GlobalRHM, Car, 549343.0585931104, 4185134.4894274366,{10:25200};{25300:80000},,,
rideHailVehicle-012000-2012001332565-0-4117868, GlobalRHM, Car, 551284.0028097791, 4182650.56648638,{10:25200};{25300:80000},,,
rideHailVehicle-026303-2013000882280-0-1456534, GlobalRHM, Car, 545926.5575063309, 4178238.0279960576,{10:25200};{25300:80000},,,
rideHailVehicle-047902-2012000446359-0-1704723, GlobalRHM, Car, 544559.3310670577, 4180711.7659202907,{10:25200};{25300:80000},,,
rideHailVehicle-032602-2016001358668-0-7062546, GlobalRHM, Car, 546397.8602410062, 4178924.5450440724,{10:25200};{25300:80000},,,
rideHailVehicle-026100-2012000066457-0-948961, GlobalRHM, Car, 546533.691248981, 4174101.9199947673,{10:25200};{25300:80000},,,
rideHailVehicle-022901-2012000981507-0-7047110, GlobalRHM, Car, 549307.1897411026, 4175592.9845235986,{10:25200};{25300:80000},,,
rideHailVehicle-012902-2016000616747-0-3995175, GlobalRHM, Car, 551600.741216034, 4184531.706241911,{10:25200};{25300:80000},,,
rideHailVehicle-012501-2013001183738-0-6409945, GlobalRHM, Car, 551915.1736699663, 4185451.517184562,{10:25200};{25300:80000},,,
rideHailVehicle-600200-2015000929834-0-962366, GlobalRHM, Car, 547398.6116504378, 4176545.3718002127,{10:25200};{25300:80000},,,
rideHailVehicle-025701-2016000596503-0-7568120, GlobalRHM, Car, 552138.65641567, 4177157.12754351,{10:25200};{25300:80000},,,
rideHailVehicle-021800-2013000371919-0-5656102, GlobalRHM, Car, 551501.716411749, 4180641.198943443,{10:25200};{25300:80000},,,
rideHailVehicle-030101-2015001362468-1-1969864, GlobalRHM, Car, 545239.8092160136, 4184666.4305657702,{10:25200};{25300:80000},,,
rideHailVehicle-031400-2014000788156-0-569458, GlobalRHM, Car, 551274.9054883592, 4179511.590267863,{10:25200};{25300:80000},,,
rideHailVehicle-016300-2016000772596-0-7563052, GlobalRHM, Car, 550272.6692743974, 4178278.8014109735,{10:25200};{25300:80000},,,
rideHailVehicle-030102-2016000915765-0-7316424, GlobalRHM, Car, 552458.1021476681, 4183388.7205717484,{10:25200};{25300:80000},,,
rideHailVehicle-033203-2012000378914-1-3746947, GlobalRHM, Car, 543926.5150046772, 4175269.0221929196,{10:25200};{25300:80000},,,
rideHailVehicle-047801-2013001201643-0-2595956, GlobalRHM, Car, 543357.5528233204, 4182440.7670954852,{10:25200};{25300:80000},,,
rideHailVehicle-010200-2014000909482-0-1831503, GlobalRHM, Car, 552367.97520752, 4179251.0122835296,{10:25200};{25300:80000},,,
rideHailVehicle-010900-2013000949422-0-4882435, GlobalRHM, Car, 545918.1097798184, 4186385.9911306403,{10:25200};{25300:80000},,,
rideHailVehicle-047600-2014000938906-0-4123682, GlobalRHM, Car, 549134.9917901297, 4180748.4134507757,{10:25200};{25300:80000},,,
rideHailVehicle-035100-2014000688612-0-7952304, GlobalRHM, Car, 542895.2782602492, 4177885.489176296,{10:25200};{25300:80000},,,
rideHailVehicle-025600-2013000213997-0-5654482, GlobalRHM, Car, 551399.6039769704, 4172460.8885636576,{10:25200};{25300:80000},,,
rideHailVehicle-017000-2014001105619-0-1194190, GlobalRHM, Car, 545003.5635352461, 4178917.1027632207,{10:25200};{25300:80000},,,
rideHailVehicle-025600-2013000213997-0-5654483, GlobalRHM, Car, 552739.6586851683, 4175825.1612956496,{10:25200};{25300:80000},,,
rideHailVehicle-600700-2015001079908-0-1214655, GlobalRHM, Car, 544940.0970456765, 4171274.2161616213,{10:25200};{25300:80000},,,
rideHailVehicle-032802-2013000341024-2-3620310, GlobalRHM, Car, 543484.82518871, 4175185.206082661,{10:25200};{25300:80000},,,
rideHailVehicle-021500-2014001179105-0-2211141, GlobalRHM, Car, 553686.1476209485, 4175301.8873020634,{10:25200};{25300:80000},,,
rideHailVehicle-031302-2013000160510-0-5401593, GlobalRHM, Car, 542870.6079214014, 4171796.891170194,{10:25200};{25300:80000},,,
rideHailVehicle-016300-2014001297346-0-4377707, GlobalRHM, Car, 552464.3266781846, 4179193.634147121,{10:25200};{25300:80000},,,
rideHailVehicle-010600-2014001477120-0-1565718, GlobalRHM, Car, 549734.1565940258, 4178997.154405411,{10:25200};{25300:80000},,,
rideHailVehicle-016000-2013000348243-0-4250211, GlobalRHM, Car, 552813.3279012151, 4177139.4030818846,{10:25200};{25300:80000},,,
rideHailVehicle-012202-2013000609715-0-5899892, GlobalRHM, Car, 555579.3430545215, 4184408.651611766,{10:25200};{25300:80000},,,
rideHailVehicle-023003-2012000097895-0-7695138, GlobalRHM, Car, 550322.2793214199, 4174327.1451920774,{10:25200};{25300:80000},,,
rideHailVehicle-035400-2015000777810-0-2097386, GlobalRHM, Car, 543550.6081325257, 4178109.849570347,{10:25200};{25300:80000},,,
rideHailVehicle-047600-2014000038346-0-7943435, GlobalRHM, Car, 542395.0250456597, 4179510.8672651486,{10:25200};{25300:80000},,,
rideHailVehicle-030400-2013000687996-0-2096798, GlobalRHM, Car, 550177.2704869387, 4178354.02183025,{10:25200};{25300:80000},,,
rideHailVehicle-047702-2014000719650-0-2340911, GlobalRHM, Car, 544409.5216023895, 4179255.7868862036,{10:25200};{25300:80000},,,
rideHailVehicle-015400-2015000437915-3-1833638, GlobalRHM, Car, 544847.3769013367, 4183998.3231732477,{10:25200};{25300:80000},,,
rideHailVehicle-042601-2012001371043-0-1069014, GlobalRHM, Car, 541003.6534169612, 4178072.982899893,{10:25200};{25300:80000},,,
rideHailVehicle-013300-2013000240624-0-2595703, GlobalRHM, Car, 548578.8056221029, 4177834.4535678066,{10:25200};{25300:80000},,,
rideHailVehicle-030600-2015000935210-0-1713071, GlobalRHM, Car, 543923.0523069769, 4177588.712956173,{10:25200};{25300:80000},,,
rideHailVehicle-010800-2016001385884-0-5085526, GlobalRHM, Car, 555344.0564737372, 4179603.87287777,{10:25200};{25300:80000},,,
rideHailVehicle-031302-2014000996485-0-4384836, GlobalRHM, Car, 551260.9798709698, 4173640.6722324984,{10:25200};{25300:80000},,,
rideHailVehicle-012501-2013001183738-0-6409943, GlobalRHM, Car, 554552.3519855284, 4177220.213343177,{10:25200};{25300:80000},,,
rideHailVehicle-045100-2015001319835-0-7053557, GlobalRHM, Car, 550919.101369239, 4183090.1098873233,{10:25200};{25300:80000},,,
rideHailVehicle-021500-2013001033977-0-4753732, GlobalRHM, Car, 550425.4958622056, 4172807.857181703,{10:25200};{25300:80000},,,
rideHailVehicle-031302-2013000160510-0-5401594, GlobalRHM, Car, 545557.4005177758, 4173238.905753844,{10:25200};{25300:80000},,,
rideHailVehicle-030301-2014000688612-0-6296471, GlobalRHM, Car, 548570.0596014252, 4182817.0698417663,{10:25200};{25300:80000},,,
rideHailVehicle-012501-2016000706115-0-5135688, GlobalRHM, Car, 553237.3550676332, 4179422.9138342007,{10:25200};{25300:80000},,,
rideHailVehicle-010800-2016001385884-0-5085525, GlobalRHM, Car, 550821.9692592131, 4181012.725380506,{10:25200};{25300:80000},,,
rideHailVehicle-032700-2012000996623-1-6679643, GlobalRHM, Car, 544148.3527360918, 4175497.0149833574,{10:25200};{25300:80000},,,
rideHailVehicle-020600-2015000596876-0-178964, GlobalRHM, Car, 551404.5592796535, 4181952.3018575236,{10:25200};{25300:80000},,,
rideHailVehicle-030102-2016000915765-0-7316423, GlobalRHM, Car, 551099.3975399819, 4180923.6377834114,{10:25200};{25300:80000},,,
