taz,coord-x,coord-y,area
101045,549536.4306396145,4175444.942824092,136400.07227073214
10091C,552815.6897654332,4175309.94619349,133124.6282860348
100853,551958.3487677139,4177101.829545189,35887.736799719925
101164,544431.3371834185,4179177.0207074876,125098.46466237179
100325,549993.4755548496,4184356.900102725,86197.73371115918
100413,544193.3606483792,4180828.9249271117,131267.64287506638
100827,552460.6198851829,4179878.7333443915,217844.31585219325
100198,552186.40181884,4182828.253083692,46892.902504491554
100099,553199.1707041381,4182812.544912036,18079.628372881263
100365,549137.3386765106,4183253.3022331763,96683.7284098079
10017A,552624.1527992124,4183219.3795925584,3809.808151649453
100256,552252.496775901,4183568.181868278,67064.07820788669
100582,549859.9502055278,4181693.3143249284,61179.74829608536
407066,562449.6145790808,4186805.289667174,282322.73196399765
100627,550714.4320466488,4180989.761238301,55671.09363078018
100164,553337.3139494244,4183235.065475167,15386.877660157505
100019,552633.666516388,4183108.486176579,7815.110312758102
100451,546439.849219851,4182234.737861224,110727.06174776569
100391,547785.531670839,4184066.3973223283,2494740.7994457535
100585,549560.1503837501,4181758.07660038,76102.61777376977
407245,561845.4776885982,4189896.3243492884,515212.8840185754
10069A,550145.4922642807,4179631.317457787,137503.33529361946
100574,550294.4823066598,4182639.0619061356,120506.68419709169
101262,547453.4833631183,4175987.4607035783,274493.53952514724
100872,550940.5160245904,4177838.8643360888,105669.3326306595
100343,550121.1776719785,4183625.3817630415,92701.42227089568
100941,553923.4961597961,4178571.2653532377,451365.4427609881
10001S,552440.8184423055,4182974.1102795643,14213.961418592258
100024,552482.3124186146,4182763.339912507,3616.6792577417145
100473,546969.4154259168,4182064.6553693437,104343.66917069774
101031,549458.1152855383,4175278.0447511915,173025.8833007068
100013,552923.8542734176,4183165.8240092183,5128.629128395401
100354,550466.090440402,4183372.295779365,88064.40584885678
100462,546497.6808028049,4181396.261897263,133322.48838812887
101082,549382.301109237,4176165.2087154123,170659.20108017724
201282,548287.0527063137,4173573.6577754705,183526.40036157263
100846,551799.7310023725,4178521.0319533353,74775.06258134161
100593,550974.2184284256,4182102.5650882097,80044.1981973816
100131,552285.5776501764,4181075.9207965164,230936.2776511576
100897,550110.3081772455,4176724.2502959683,82684.49533857915
201442,548411.2399454451,4168925.6374077443,466496.97508156754
101063,548350.2490429988,4174838.7668380733,113147.52152526882
201331,549177.3412618221,4173590.0075383238,511317.8912970352
100552,548903.6033412239,4181099.5280163046,89553.47092311442
100835,552099.7094241579,4179843.1573885437,173587.1604244783
100055,551275.5522821828,4182045.9634534894,62593.955855106105
101052,548650.7469411319,4174696.2951912037,253135.1927017736
101136,546629.1296952523,4179954.733222451,124794.5668081695
100702,550641.3357904687,4178610.36347549,66095.73677651529
100194,551737.1544544584,4182858.703562107,29144.39411389731
101125,546379.7007675105,4178888.1837713458,158043.10390123076
101081,549724.4217053095,4176422.4542675456,138779.87000863612
100686,549492.6808337129,4178329.3336459957,139043.06062163255
100532,547986.7596093527,4181260.5647655395,80025.2389785503
100072,552129.8964490192,4182018.041784486,46521.25317570515
100763,551277.6592755604,4180292.9097255096,71046.62724609236
101233,545371.2175287745,4176441.74315743,100796.30430943661
100081,553059.1370936689,4182667.4005924743,51682.18622268957
100752,550880.7108901778,4180390.3067390253,118019.44610311725
100153,553265.6837875356,4182058.596953357,159647.5026220511
100061,551744.9626462144,4181616.1800709665,53934.33659495662
100894,550828.9268156216,4177361.078271819,130017.29454730974
100521,548983.879969741,4182409.2527769376,115722.45400984994
100633,548413.4398120393,4180586.248896811,88581.85819092277
10001H,553038.8823459649,4183077.8009456377,11038.917168821808
201293,546638.6758523916,4173575.277431597,774899.8325461159
100335,550029.9018811563,4184157.4045775686,116138.67624597126
100892,549563.5488580654,4176798.613466357,111611.07955852566
100183,552367.1351210951,4183484.0305050374,85697.8257964742
100455,545903.1543614828,4182202.8805428715,156710.9090280543
10002I,552391.8891017124,4182485.8225069977,6465.025119736905
100543,548934.2803181956,4181865.286886456,136200.28241755368
100223,551400.9156455002,4183122.88664212,87919.81746616677
201503,552956.8675622991,4168709.515595299,718149.5827816407
201436,546634.319196484,4170177.045038026,1036352.5973302905
101267,546556.644318914,4175616.2105383268,227373.94883030187
101001,550741.2235032762,4175862.7877058876,209830.92702034168
100083,552857.907694971,4182466.3885529046,51044.151511139535
100611,551058.3040673701,4181578.6080981744,123600.06202322835
100697,550553.651458945,4179677.9706676425,209070.1038927404
100792,554155.8428291933,4181942.3536059367,341593.6620957648
100881,550120.5125973753,4177944.79183614,261776.46870669836
201342,551715.8528895193,4173616.5015685204,544216.3809144421
100704,550220.1476299898,4178943.9741823846,113598.85710930607
100861,551257.8826411405,4177807.5452588643,88586.70860697246
10002E,552372.7673491535,4182598.763052158,7346.635184602163
101256,545574.7494482767,4174689.943364694,17405.41469669969
201431,546887.4576341861,4168550.8311877633,521909.02230751317
100212,551446.8789296681,4182812.5027496694,88668.43230714474
100172,552781.8468002941,4183342.439039161,4493.554759338458
100254,551703.4913704647,4184012.4145153295,48497.91217208544
100622,550043.0101035521,4180551.605540611,57263.3518991982
100115,552539.4732499449,4181601.6826891396,52915.251476731966
100893,548700.8905122766,4177817.0104700443,758409.4837985965
100965,553840.1328216026,4176348.320915557,108378.55285142348
100851,552286.9149070152,4178102.484986606,120523.22732656517
101175,543833.6578029012,4178929.726544697,114418.12512714467
201542,550863.0122086455,4166077.925438254,523975.6498825064
100066,551545.3418840565,4181148.922687586,58236.896154257236
101154,545223.8582260215,4179225.7121099103,109363.01175798659
100202,551501.5803268701,4182513.380204304,66316.59905759618
100644,548611.9068001127,4179788.668076527,84485.75699887988
101085,549390.0500668319,4176342.7788510653,213867.91550683713
201353,553531.6426687688,4173628.0745049044,1.3464011890172388E7
101277,547053.4238004804,4175042.0796913113,112839.39418389209
100416,543590.2759618686,4181624.4550455627,146313.87656377
100701,550607.5987174849,4178968.534609845,143037.67054801324
101272,547390.6088091523,4174644.5829916056,180619.27581713587
101207,545338.6504783469,4177573.1598508926,164862.77681571816
101047,549735.1729358671,4176100.7570691444,215242.40951735515
101091,547712.0660697446,4176987.4093628335,758882.6174986281
101234,545054.0668345058,4176428.9097214965,249600.89749008144
100283,551920.7058661066,4184468.694687748,105341.50256355005
407010,563014.2322421758,4183181.409205927,2067748.8391540067
100243,551804.2396916944,4183391.7049096175,67892.59815611287
100693,550300.786334894,4180164.8391076927,122891.36345798652
100481,547191.903792237,4181655.402003738,120764.70286567655
101223,546231.6538769878,4177012.3746016175,595541.4650751
100666,548097.0331933692,4178964.5974428942,56590.40961242863
100034,551969.1558269857,4182372.07829189,23301.100908439334
100492,547629.1811026593,4182179.3982872604,74158.27908647679
407073,562171.7773330079,4185138.827251483,65046.10684029861
201475,550936.4825025478,4168474.810943887,50154.33590004897
101071,548182.9298006821,4176324.5447515477,202331.03911271243
100126,551818.3421545548,4181150.6356917354,96931.0706450043
100012,553029.434616872,4183177.5989728067,11380.686776717208
201335,547636.954674259,4173192.646436285,1087900.2485162264
100875,550490.3912373898,4177969.239146733,106253.15775127799
100176,552648.6493105119,4183519.1128162406,44300.03592401174
101132,547202.709701205,4179769.379886351,118640.64408404086
100791,553489.7850184317,4181449.801584154,397390.48495513864
100368,549060.6792804744,4182820.2375014205,117671.69015840442
100951,554908.0865984249,4177209.5291180178,879788.3896265709
100914,550281.7096191479,4176070.7842251696,161909.3283630678
201371,547177.4314272641,4171847.4983607414,472657.6143803391
201305,544995.5032835724,4172623.0767235067,124165.71473424931
100094,553426.5806776661,4183047.021892623,19635.79297792183
101251,546298.4980070776,4176091.850035716,1008612.7275975342
101182,543920.6191554248,4177487.9300326877,165067.191691173
101117,547662.6248131399,4177919.1218377124,189978.3198142287
100903,551465.3600015646,4177032.1666775052,79780.30751776119
101041,550384.4710978847,4176559.491513735,114802.00114037658
100599,551002.188086783,4181894.589186738,93026.48951217119
101171,543776.2379797659,4179772.654577729,128998.37390125719
100832,552269.6626142192,4179433.705551253,185722.3498928926
100454,545940.6657466458,4181792.565093659,148104.67332869314
10036A,550230.4794673551,4183026.8979743435,116232.80324055543
101261,547334.4716652707,4176763.4405561485,250913.46695867844
101273,547384.2149331258,4174223.0411200193,419925.77200997516
100983,553774.8462732581,4175549.0315143825,262958.5434349864
101121,547213.9330504138,4179347.824868786,186768.07405531852
201434,547565.5661741472,4168732.2245310764,623840.1471376176
100383,549141.0413566014,4184107.6667658207,63489.75132972562
100994,551890.6787273628,4173850.59861376,183613.92599914945
100092,553479.1190500247,4183091.744833385,12113.528806849634
10017E,552712.4085379166,4183186.6580408383,4835.550231925398
100682,549852.593552645,4178542.312575833,144939.0713563358
100911,550965.4312050325,4176202.020437882,128541.82771793935
100933,552474.1740854564,4176350.614268857,247342.60991171555
407051,560836.0401227538,4184829.257399391,4896811.914834958
10062A,550137.8621101312,4180885.042082052,79442.61481632941
100503,547464.8218787079,4181668.065788297,120126.25547411045
100843,552194.743226891,4178745.4302895507,87967.15959628478
100864,551265.4010688431,4178029.498076239,155969.30517875217
100562,549432.5396072171,4182478.5064024217,141513.37368378375
201283,547512.9074504102,4173302.883203555,143837.8249673841
101266,546604.5921265142,4176504.095044259,248284.57290554265
201382,546618.7923839203,4170834.7846312146,635197.5564310917
100651,549700.7387382487,4180349.8178613563,61808.256027129704
101143,546059.1728545685,4179496.6232796214,138190.1221642283
201301,544555.5379562844,4172454.265486259,1945528.930400868
100028,552873.166283193,4182832.6354353176,10843.840945659687
100304,550909.3321968431,4184307.038861038,93084.02642354557
201402,544841.671510352,4168461.820717247,998896.1415615006
100858,551798.0308102283,4177389.2990043587,89316.64205649294
201445,549900.4756094588,4167680.8537072525,946363.8486225222
101201,545252.5373737847,4178815.3472577767,163120.86992912483
100402,548050.1512658568,4180961.361545161,1822466.559910132
101016,549658.7364671933,4174158.632994519,90920.08857707365
10002N,552400.1848555759,4182441.3827194786,14459.11540237765
100017,552712.8348535494,4183120.088213177,3467.942475372064
100944,553623.0951608041,4178543.120711941,658193.6695765363
101255,545971.2867308548,4174703.126639267,136907.27127885143
201381,546674.4142367471,4171290.6629312634,390559.4288806884
100418,543176.5746576657,4181588.9900396965,569174.131154727
100713,551016.9972363925,4178478.3156626453,98594.73923272717
201392,545512.7455332535,4169929.9199356306,352714.2637487581
100301,550518.5513129856,4184995.819498446,393671.52295423945
10001R,552459.0638243998,4182874.3677855614,15351.694117208886
100023,552450.2047935817,4182758.475207246,9459.12137706071
407232,562816.6755111131,4188294.8063700316,861985.9254381338
100774,551193.4972797388,4181080.1561611835,190061.1555031567
101067,547679.1023631592,4175067.8610752504,101262.70551236579
100724,551198.6332384351,4178850.136222911,110633.83502261629
100601,550487.206765027,4181364.2755559077,52811.903887653716
100741,551316.2745470824,4179749.4784473046,74371.32389443666
201286,547749.303027048,4173581.625578234,118534.84281159966
100662,547756.449243903,4179972.28523181,96894.53718621601
201313,546712.548009642,4171423.3538540825,165821.10680004238
101194,544620.8660925509,4176692.838491257,126505.56335456553
100891,549762.2540139705,4177454.430069293,367162.13618758967
201443,547696.5181071948,4168965.864328801,433194.2943431056
100604,549924.1469355519,4181272.080516634,185456.76512441723
100051,551574.6612420445,4182092.213030871,93354.17088870976
100425,544621.2842568851,4181496.834165697,165395.30507462658
100291,551331.464526053,4184376.234033772,51962.617905634994
100836,551703.6852977829,4179774.0908545377,134247.72928604693
10009C,553129.0746924623,4182745.5196431302,12463.26272147072
100696,549805.3294467306,4179074.6006542323,113393.42084327017
101114,547105.3843527066,4178304.252055878,253065.3106827778
100311,554694.6051865453,4186747.595741696,2702076.3637784263
100482,547211.9323793307,4181233.896260284,119940.41673579998
201483,552250.8192973217,4168471.9150338215,128360.32601460739
100564,549478.4315519441,4182168.1125519904,93498.78283866929
10002F,552222.8873775194,4182628.767121639,15614.505264696647
101053,547957.7575347696,4174115.401531761,139552.1526777335
101165,544441.2224963792,4178977.3607347924,131845.40572121996
101226,545376.2105171222,4177151.8609197373,158378.9204743752
10001L,552854.9157879698,4182932.37705921,11429.85680644525
100096,553214.7554467065,4183112.2223761347,22328.933974799485
101215,545843.7202259997,4178641.090810064,324895.31399453693
101232,545820.5651267455,4176466.417215128,168368.49721328047
100907,550664.7306252251,4176838.589874065,95367.10182445082
100673,548722.3894808586,4178979.365624824,326284.044814573
100171,552516.6610519129,4183507.174114619,30428.835899196903
100221,551346.2207647772,4183422.121004948,67743.65001988978
101212,546163.083726451,4178243.4457408222,170323.96470484085
10017D,552633.3117886564,4183163.961029274,3565.613048400751
201522,551285.256794095,4166280.242835855,425067.09081682167
100594,550713.2987883748,4181831.6695270846,115048.07027244123
100626,550876.87343427,4181011.6222404656,49227.28169840814
101025,547518.8488332824,4173802.199078607,103664.85777880537
100261,552838.619031561,4184530.9064451335,453823.97705792816
100847,551798.545794107,4178709.645076247,123936.56307189967
101204,545291.1863788596,4178194.2289773053,167925.60798532318
100553,548622.0578581545,4181053.47999441,92241.20793081613
100103,553332.1037302391,4182680.2598525025,152958.812460228
10001E,552731.0832596197,4183020.346268406,7619.820738041011
10002J,552522.9613164115,4182519.721978213,7148.429151523976
100182,552103.9290761237,4183338.1195814842,55096.20426377756
201302,544987.8715856671,4170770.2700754963,285365.8061935921
100801,554236.5400048053,4181952.135480287,1371745.8214852873
100514,548198.0840596351,4182770.7605721243,110686.54011260696
100921,553499.1418279445,4175935.57546388,625108.949079867
100695,549776.7591035295,4179429.477463985,100090.01177960048
100854,551925.9957463441,4178055.822680976,126294.45402648508
100084,552716.1030807184,4182609.719757797,53473.338465267436
201472,552126.0805018421,4168670.8408355424,200309.18046879786
101172,543795.0329734652,4179550.850862611,125825.65766735465
101126,546783.5840865201,4179123.466040056,170111.48432992972
201393,545217.368796955,4170727.142353319,369060.8243660268
100414,543891.8041491973,4181226.6289997855,157115.65089906266
100262,552612.0859127399,4183729.6922100345,92309.9629688337
100322,549562.6626911575,4184265.5307229077,114671.90149903847
101142,546049.2486891173,4179696.2818182227,137063.01602601574
101103,547051.1872862648,4176994.8188335868,205251.6613652266
100474,546968.2129116207,4182275.4589226795,109473.23762103055
100362,549585.8841628657,4183333.6597361504,114163.19877061297
201511,552117.1597687406,4167272.7954141423,1824916.177309203
201432,546596.9647662397,4168449.333969517,418187.36869574577
100073,552464.1534191677,4182075.6417294075,74303.15915922557
100392,546018.9295671636,4184927.59306446,2491007.962042762
10001I,553144.3920488692,4183100.672345485,9231.621179045631
101131,547183.8867925658,4179980.08183271,118197.75579067144
100062,551412.4139104831,4181281.236238749,57942.77385630885
201363,546628.486175434,4170679.5081651458,1587900.475545561
100761,551149.7402285594,4181035.502893803,209164.6872810213
100452,546450.0827895862,4182028.4234973253,105076.65055986833
201494,551530.601234633,4167968.1147754677,244373.24023515417
100284,551181.2612997392,4184464.061636053,176980.65005039173
101118,548324.600634138,4177712.1655767374,206161.90481395257
101003,550129.7683983413,4174971.4310605894,174793.2299612415
101064,548268.7891004828,4175204.43127554,236678.73001150362
100684,549869.0015059155,4178363.8887283644,143017.45666958747
101014,549330.0360109195,4174589.375083775,102679.02357642174
100374,549240.9974645136,4183586.782333638,90307.29843635226
100421,544991.0763247102,4181509.941289703,234919.5198402292
100272,552080.2819511238,4184292.1763166655,85417.71402651015
100434,545452.956165388,4182389.002326971,133046.8509249703
100463,546507.6772963124,4181185.5083927545,133325.67267128907
100114,552605.9625521841,4181932.306251359,52976.947699323646
101123,547183.4628844955,4178515.5078271115,183167.75250816875
100612,551112.9991632627,4181279.372647712,91625.011391207
100824,553020.7951559618,4179061.2614354137,368883.8630731277
100493,547639.591175725,4181902.07610041,102440.8574374139
100533,547887.3742026784,4181692.7026985665,132196.86659969314
100672,549408.075217768,4179216.448376521,231782.86184565688
100232,551309.6904123136,4183632.7058067108,75948.36745568871
100193,551990.8770676104,4183115.4964633523,101646.81525177723
100862,551066.4668127665,4177418.0222472544,56698.72328017716
100511,548752.1881782714,4182873.881423982,104774.03440783854
201541,549900.4756094588,4167680.8537072525,2152876.966329082
100125,551960.0854209611,4181018.384177901,95028.29082925932
100435,545417.8582963925,4182366.618121496,202852.70610170095
101161,544392.6963709864,4179809.2381936302,136298.35441909928
101276,547054.6256591512,4174831.278451365,110008.58115743317
100381,548554.8988739165,4184569.7644008943,286467.11908470304
100294,551740.0303662567,4183801.8312524795,67546.12431554362
10002M,552540.9246465651,4182464.470497202,11967.82259955235
910973,542458.2690323612,4192746.7768860743,2362815.956386757
100764,551303.8077024485,4179926.81526662,85886.60718952164
100634,548695.0983137055,4180630.9587195297,98874.90950656756
100641,549119.1928331679,4180390.711319792,87215.28348246965
100165,553337.3139494244,4183235.065475167,14368.474070790355
100132,552478.1199163048,4181265.7668597763,247266.528322239
100898,549996.2336776302,4176645.891275171,62453.72743967413
100676,548745.6657719788,4179512.0762949823,168000.1920563954
100998,552591.8654895348,4174738.5519560394,76261.37779859411
100623,549743.1673796664,4180616.361471748,220498.63459464532
100525,548025.0967716937,4182237.1745762364,209079.11851216783
101183,543994.3276821049,4176866.995070142,144098.44992284616
10062B,550350.9867395767,4180597.863446629,58044.69147352888
101221,546211.7325162095,4177422.6738395994,179918.04666111915
100544,548661.5669693204,4181819.289533898,85588.53970924798
100873,550889.3678811998,4177561.166204761,112561.8855935646
101193,544557.0584189453,4177103.0139860585,177781.7733926299
201491,552101.9681608926,4168032.0515636485,88617.73452655048
100445,545582.1492992247,4181335.6676673926,122048.29269790427
201341,551972.5649398438,4173612.787766195,563215.4785988589
100918,552213.8607588104,4175934.220406278,155824.15100232413
100351,550756.3510848884,4183418.4621922825,90701.43195060617
101257,545873.7239044062,4174813.5351718017,155295.79953020377
100485,546901.4364287729,4181631.5520347827,150416.27556810036
201309,544995.5032835724,4172623.0767235067,251992.0879492457
100661,548196.5741852951,4180019.1180703435,104198.32394561385
100813,553452.8134100671,4179818.5377198486,179980.05822778842
201352,552667.023936238,4170981.958099119,687121.7249600273
100583,549896.9677887054,4181484.6133466745,62379.155076460665
100011,553134.9430582942,4183200.4702684255,10745.688475066185
407065,562446.4961908897,4187215.8082351754,272001.36665189394
100522,549020.3553828084,4182198.658602,83973.08646624695
100671,549397.072095515,4179582.5269346805,122211.93154826411
100091,553284.7595371539,4183179.2478831084,19934.87391008626
100667,547285.2909437792,4179192.9005997907,338079.2596552399
100197,552072.7130862768,4182705.483689967,62490.63730812621
101265,546604.5921265142,4176504.095044259,254877.59717027808
100598,550195.5196323467,4181540.0180949606,66286.19365580005
100334,550179.4213957483,4184180.5058048638,86249.25976866523
100203,551528.6897332256,4182402.595959746,94563.11448960286
910991,543138.8232207384,4190442.6002733787,1.875857237861662E7
201314,546164.7288369326,4171631.0815291717,517288.404876835
100645,548636.4973507485,4180099.370110195,108743.62331709717
100121,552345.1080317369,4181409.160456702,52519.184129631845
100323,549290.0987804288,4184208.416594058,64710.99587878118
100453,546468.8207144538,4181828.814351756,117733.3573228479
100919,551753.6408856187,4176024.410103775,157091.70924041027
100161,553316.1866561595,4183935.965042826,366706.7858322038
101192,544545.9702883192,4177524.5699229836,174596.67049014708
100464,546526.4807818235,4180974.804703034,124877.10155026293
407081,562763.9879144697,4184821.548913687,258982.43674460394
100033,551837.9167284938,4182238.1062391773,31019.448091510825
10002R,552304.8795196407,4182196.6778312144,10795.728601832854
101042,550006.7929751031,4176357.5896900534,155601.30222929773
10091D,551951.0641089584,4175838.0296333754,386246.2924818086
101023,548328.7222792988,4173984.4228371345,116767.5416608246
100629,550568.914949038,4180965.3444574834,74702.36704120721
101112,547461.1473290015,4177718.24564753,75855.80038227397
201461,549002.8683081637,4168807.076103126,534917.1106738471
201401,544841.671510352,4168461.820717247,1159214.5480243298
10001D,552660.7184659883,4183008.800389349,7619.827034772077
100857,551929.9784277115,4177423.4147754563,47260.62908169055
100044,551856.156207131,4182138.3625810863,61698.084617185465
100417,543522.0569436549,4181202.476476715,61442.23437874212
910974,544457.2664589155,4190638.2538099973,777444.9555547927
407071,561918.8482605839,4184826.240249931,147680.70982240306
100823,553485.5686413061,4179386.0303211776,389006.2386996624
100384,548719.3384376431,4183960.9195731212,102708.09351720402
201433,547077.389489355,4169272.978131539,251887.1271802096
100222,551382.6836038749,4183222.6313787075,85378.23464502805
101012,549976.5745046012,4174071.789372244,103244.0342594859
100943,553119.1745938555,4177464.275194956,527720.6652648243
10001B,552484.133609903,4183085.3405286763,6105.571671717927
101006,549818.6996452719,4175402.261237438,194683.22612969115
100712,551005.9848185229,4178649.226230799,63182.34046415078
100022,552345.4502950319,4182740.4996060077,12305.425357176395
100302,551199.5575286609,4184353.2213344024,95672.78688325746
100681,549823.6077955043,4178907.0612884513,94137.10450926171
100812,554310.0103115463,4178592.5539628486,312625.0183600384
100095,553356.648487415,4182968.900220868,20808.268884624784
100742,551335.0654285494,4179560.9747924553,111120.22016273551
100723,551237.9160845982,4178312.590424012,55993.62020598816
100652,549393.1486361782,4180237.014984699,313800.13987840345
100932,553602.5796499718,4176291.297276833,383546.208478756
201444,549643.2069716557,4167923.3979407004,876759.2086769051
100705,550654.9151553302,4178436.2506896164,70766.39476288087
100605,549484.2314285659,4181202.8537527276,122238.13808592406
201551,548628.123985751,4166523.717390338,833446.7684728298
100424,544640.0990110699,4181275.0316268485,96937.52807282581
100373,549259.2027698274,4183487.0330720646,121153.75454382892
100984,553161.8870431756,4174923.833748792,1546971.333288776
10009B,553208.9076501278,4182668.367243698,8352.873871638752
201336,547447.8067619151,4172359.422419701,19808.224224591933
100175,552544.7019969018,4183252.1582847903,7179.99404135783
101271,547405.9657142265,4175055.1924131787,149771.517746826
201311,546608.4897838029,4172676.4020412504,686401.6752469513
101254,545442.4888929515,4174700.3092464735,378456.9132959101
100995,551870.4011393636,4174272.090735318,100532.70565854508
100915,552262.0928861599,4176903.3674266497,260201.44184058948
407233,562517.8669580873,4189402.10465985,584965.1129173369
201306,545288.2793051061,4172268.5246999925,164711.59941322036
100471,547144.3170418027,4182276.465401427,116995.83310613371
100663,547465.6041855889,4180003.8904139926,59807.31605096038
100692,550543.5130711659,4179866.0850967034,70161.823089488
201391,545883.1174429348,4169931.9673831947,277236.05774079764
100842,552311.4432642079,4178402.2145721545,89094.8591475313
101176,543843.5878194615,4178718.971207112,112612.62689531955
100904,551106.5208820914,4176641.600429961,340254.0780595037
101034,549458.1152855383,4175278.0447511915,243786.13834431415
100731,550928.9303562958,4179713.789374789,133586.85750819207
100961,554654.4765974628,4175798.908490759,184912.44993189568
100831,552416.6513238371,4179867.3581657475,94747.03173164
101153,545222.7623548107,4179425.419717895,111119.68515595129
10002C,552504.360670469,4182674.9391008127,15708.21831924568
100517,548411.4843467006,4182416.9624604704,50313.05782684559
910980,543471.6777247163,4190710.6442654617,1374432.6848302463
100403,549257.4550503454,4180835.3490638193,134751.07863247296
101017,549554.1683175744,4173958.291029261,169568.6315772601
100613,550645.5140094382,4181398.533568998,64661.66854733146
10002G,552241.1300745235,4182529.135166669,16168.64431941957
201281,548128.3267204178,4173583.826202862,52564.87321093824
100085,552665.4020396427,4182276.6438217564,55835.58901929503
100964,554326.9636153659,4176018.6522971527,107403.38084663686
101007,550028.1835409513,4175736.38569595,215257.35230435207
100124,552019.6994775273,4181340.52637648,52128.65498865741
10002P,552277.6885667298,4182318.554555657,16413.29802623275
100031,552091.6558254992,4182494.901835436,100481.30026116956
10001U,552308.8211818559,4182962.175016143,15435.122484134641
100026,552618.11441686,4182786.6195482393,2979.6261217844967
100631,549275.6659049906,4180735.6001959858,84681.07135641295
101195,544133.13497943,4177289.3520161305,149335.38380076858
100086,552523.6684240359,4182408.883341985,53929.30732578875
100848,551624.7267088466,4178331.3136905273,55763.87983625174
101135,546639.1305350151,4179743.9802941694,126849.8453643805
100174,552535.5436898253,4183307.576946783,7277.637799223256
100912,551163.997933537,4175898.68439211,152917.76988282963
101184,543647.5294147119,4177464.2897627586,51078.97475747648
101115,546667.4236991599,4177857.9529015785,104396.1851291846
10001F,552836.5944900054,4183043.21370409,11429.71423270654
100252,552612.0859127399,4183729.6922100345,72066.37194864068
100211,551410.4129421146,4183011.992001352,84177.50981017466
101202,545271.2519516719,4178615.7365718917,175345.53634264207
100431,545436.5093386862,4182178.1016801987,89389.85836993677
100515,547916.6569230154,4182713.64109444,57736.422420704446
100691,550510.941908213,4180365.840704191,82112.60635780523
100981,554314.9621224116,4175164.343528774,299851.834268017
100113,552738.9878167438,4181800.0123064895,53147.922291951436
100905,551218.4492684737,4177063.9154868242,140629.56716842318
201492,551848.6272736872,4167892.4360653814,168329.2245767924
101043,550071.8406897538,4175803.221962358,101733.68986873701
100192,551480.0853800586,4183134.4768060013,48794.979210044425
100093,553721.6747238185,4183349.8093708735,62931.90298492688
100352,550811.092967731,4183108.1291724714,40522.800615983295
101152,545203.9895323954,4179636.1256057653,118348.61046353215
201462,549788.6822424517,4168667.533460682,197571.61793083302
100908,550524.6372193114,4176693.4920395133,182661.85409864422
100274,552388.8144575519,4184227.562347606,91768.21685959506
201481,552928.6106635295,4168687.0333786453,250607.33240785418
101162,544402.6998577431,4179587.388261167,125452.43441455986
101275,546905.9368352421,4174630.7192654153,64271.82483681939
100074,552210.4125203362,4181818.834832741,35418.066436957175
101018,548962.8984926621,4174076.8102203966,213377.45227573471
101213,546192.993020202,4177622.2822601,177562.67192369502
101002,550234.444388092,4175149.5912513286,168917.75423042217
201322,546792.6086488832,4172854.9650483853,499703.10812090803
100996,552336.9704343361,4174363.7977800546,159400.96060892602
201295,545298.8724040602,4173567.8181774025,1363718.5095436499
100642,548979.5960992855,4180167.974317737,92006.61340719952
10002K,552522.6781857442,4182564.1018177606,6911.927095759569
100102,552982.1227292577,4182334.1529016187,104994.081979922
101157,544630.4473621756,4179821.6176910684,153481.98455402654
100494,547230.9688306785,4182521.058492755,104182.12361144769
101146,545387.6743983703,4179870.134719244,208116.53963917735
100375,549204.5217618129,4183797.3759729504,88937.9348923215
101101,547259.7235866755,4177506.279689402,211943.75297332555
100177,552790.9355755249,4183298.115605189,4982.013647696529
100863,551066.4668127665,4177418.0222472544,62758.94416554644
201344,550521.3705845312,4173613.7662851596,2060159.3028729584
101235,544640.1695393821,4176382.2789604664,182809.94857815414
101104,546980.384476671,4177049.8912029807,344803.7372328559
100442,545882.6725529527,4181137.6219585775,114371.55277081789
201394,546142.0703389422,4169356.4659602633,445697.6456116753
100363,549445.1518437826,4183310.6223789426,124565.92055185893
101181,543882.1308834563,4178097.847371454,171571.05573992245
100678,548499.9542170368,4177857.433259619,207509.42598107594
407072,562287.1316462228,4185017.647222108,186163.10360809715
100475,547125.5000036755,4182487.1682204814,109802.25792544063
201552,548205.9190460059,4166306.1144325975,314182.33325248875
101124,546628.6698660325,4178479.0653777765,200226.89262423312
100551,549202.6261415192,4181167.8807285577,97321.32710363992
100916,552313.8062447071,4176626.978296336,289380.87490796985
101072,548192.778392611,4176147.078944226,347635.9405317502
100052,551620.6359507614,4181781.8304699403,105962.06580470555
100042,552042.2618138039,4181950.9150978127,81951.62129403534
100953,554143.2226516742,4177160.265155445,222554.83136304162
201303,545049.7148785656,4170748.416859322,468822.1068529905
101004,549892.2856908952,4174892.3254235815,178462.87155487743
100624,549697.9274726679,4180815.804134976,90130.04150371894
101061,548787.3755610422,4175200.268939571,125599.86532492505
100837,551714.8093212517,4179419.1096970686,136417.60938165925
100554,548331.702797684,4181007.38995065,92485.9454881144
201292,545690.7002324059,4172848.795282032,283325.1666569827
201284,547160.8858042023,4173201.0089746458,74479.7256466823
201333,548304.7466500711,4173562.666106805,111493.76763530067
100576,550621.8991284603,4182374.7798515405,125003.3863896813
100874,550527.2623351378,4177703.1781540997,91105.1288601566
100196,551764.8241295262,4182659.160346805,59234.28260261862
100411,544136.0020602507,4181671.7426336114,114608.04742563507
101173,543813.7698781367,4179340.1421171753,123152.0433855088
101166,544451.2278549606,4178755.511122795,121977.13822895382
10001O,552599.7960378373,4182897.4566649976,11283.373598798145
100825,553000.4663597378,4179482.754606321,195857.932793808
201351,552667.023936238,4170981.958099119,1049105.3733759392
100367,549359.771135197,4182866.406830369,122897.0576067171
101231,546287.3827905235,4176502.308973698,175164.2416262755
100204,551248.1690039152,4182201.128234523,45561.8744984036
101224,544945.6971262567,4176927.6003192207,120094.27072541529
201512,549900.4756094588,4167680.8537072525,1120449.8539449498
10001J,553066.0108417989,4182967.021471343,4786.830553608034
100233,550991.7911657565,4183786.065539194,104617.73845694005
201451,550474.5927161137,4169004.545320504,447490.074546764
100063,551877.8907703942,4181483.871819869,53984.258248263555
100168,552905.6751205273,4183254.470596031,10208.321363274918
100762,550880.7108901778,4180390.3067390253,73633.67505694764
100992,552654.618178202,4174310.341503789,180673.87958498768
100293,551703.4913704647,4184012.4145153295,70328.62753834242
100199,552176.8938998944,4182939.146908765,45865.372305531455
100501,547667.2924652152,4181680.3305542045,155860.14769636226
100422,545038.6524720825,4180877.7732542353,114766.97401388825
10062C,550554.7060051236,4180410.4904606314,124935.33958212651
100714,551034.6981936818,4178294.354089079,65407.466666621796
100845,552047.3012445369,4178378.352028794,76632.53872657682
100901,551790.9437681336,4177100.776588703,199066.50586226903
100341,550710.3483943577,4183739.944894366,95679.93218929223
100181,552085.5402095456,4183433.5347235505,49313.74692040731
101033,548658.775346457,4174829.484835061,85930.9893746786
100446,545563.3706350243,4181546.3733961373,122882.77172178021
101145,546105.5722437461,4179075.264456387,133996.66900616983
407234,562017.4834222866,4189254.066735709,387515.0431560576
100653,549033.8935586342,4179924.2008672645,108592.28598465591
100706,550673.6931954195,4178247.7460306273,101998.57495313472
100281,551153.5418777213,4184674.702141993,713331.7200847397
100523,548765.1985513254,4182163.8574766484,224662.09316645452
100512,548788.5243444729,4182685.476035149,112837.24375444846
101253,546278.5698204543,4174915.651609407,72747.22013684656
101134,546666.810872828,4179522.2323037977,124703.45858626971
10001A,552572.035882595,4183108.0923193526,9036.233220239534
100591,550649.7478193305,4182141.948470308,182409.52316773764
100628,550614.1752793953,4180765.906328262,93759.84737954129
910912,542458.843124037,4192635.826083816,5672261.529063814
10001K,552960.4278347859,4182955.24607069,12504.444482444258
201307,545063.0538665063,4171536.2387010898,102713.82955312135
100025,552591.7002555631,4182786.450756704,10157.106810798228
100561,549722.7700715808,4182535.730875615,95693.45785023834
100699,550191.6266467978,4179287.7547753253,125608.08933346151
101065,547765.6260489833,4175345.740958463,80911.4561995416
100572,550920.9993797588,4182421.005792673,86004.19892251473
100603,550223.2908783876,4181318.2805893873,127171.02776852634
100071,552331.1545298704,4182219.0355886784,63798.20161373997
100441,545853.9059451675,4181559.0811957754,120081.73152968084
100772,551742.9866719141,4180528.82153618,295552.20678226376
101022,548840.2903070144,4173942.9417317566,54665.93933128702
100014,552924.2109594713,4183110.3491481147,5763.633753048827
100855,551257.8826411405,4177807.5452588643,108219.60567499249
101177,543862.2684072338,4178519.357659361,57577.993515781964
101111,547289.0463299416,4178538.3032903923,164455.97603402677
100834,552137.5380960125,4179432.8686018507,129668.62460860104
910953,549365.6082835655,4191340.571136302,4058350.985804759
101083,548784.7414905586,4175884.2730108197,505389.41721285664
100595,550477.0404876819,4181586.1201882637,61359.982617409216
201362,547255.6602216264,4171041.4421305023,2059044.4511674684
201495,550611.7723979361,4168206.5344723715,217157.65938307144
101011,550141.4122365222,4174505.502365637,508724.6470569375
100991,552969.0662599849,4174756.164623711,168407.92653268125
101205,545318.773748573,4177983.572121252,168272.43921420147
100273,552370.5019254915,4184338.4001522637,47811.82800267847
201414,544886.312433563,4166720.259797137,595615.6199518875
201501,554656.0944048386,4169352.8926062942,5339656.424437041
100545,548671.2907238272,4181664.0126190665,188574.89902268315
100677,548677.8215306518,4179067.864424044,450718.9244765604
100255,552039.7044231608,4183748.2437129444,69133.37422790771
10002Q,552444.9170285569,4182330.7134737833,12554.15921817671
100032,552109.8978906468,4182395.1586741065,29602.410723763678
100732,550950.0831292464,4179355.5411546296,130983.01793544153
100722,551439.7277971293,4178330.157289919,56518.46139338377
201473,551652.7723279302,4168179.6844924195,277337.6665533147
101264,546899.088549769,4175851.1484778863,336389.5392055928
100584,549591.604958148,4181550.561365771,140771.6728569475
101141,546039.2629131795,4179907.0353061454,137694.68691888487
101227,545357.4297672147,4177362.565808565,176838.1147946745
100191,551972.6378415747,4183215.2399664004,32188.03031640971
100516,547944.1049776046,4182536.275898314,106830.07158400246
100251,552294.0947555641,4183894.0968510835,26764.10368446997
10002B,552583.5333521572,4182686.5398400957,8987.840759287174
407053,562601.0424142794,4184254.4267707304,1581449.2755157757
10002L,552654.6106289465,4182587.1354000787,12299.27087904048
407061,562121.4215990283,4187352.9295380325,5670649.420439669
100575,549854.7100516474,4182558.7195027047,67019.57848187348
100344,549830.9211543895,4183579.23769765,69941.85534211539
910972,544607.5800410011,4192114.645676782,1968805.901541835
100364,549182.618505929,4183042.8720154706,90314.5303973787
100021,552213.8801748917,4182716.1417942103,13346.862414223466
10001P,552494.2823240209,4182874.5922963205,3569.6486586413903
100443,545610.9025339452,4180914.207746212,113852.498369631
100082,552838.5885069569,4182732.5546138603,36342.23000077906
100483,546648.5791730222,4181186.305217893,143880.06458989272
101119,547461.1473290015,4177718.24564753,175270.70912139863
201373,546842.095658985,4171901.065726156,276364.7253744526
100811,554484.4920621809,4180200.4536643117,1217537.7587005752
201312,546673.1444307972,4172155.2969004535,228705.10668992178
100743,551257.9995241937,4179205.5555108725,52061.67857030961
100664,547484.4342657737,4179793.1890354203,120938.2919081563
101054,547956.0823428199,4174403.755262233,191065.4484166552
101156,544677.9148729189,4179189.4488905845,102865.29602937507
407082,562977.9382545757,4185622.075834341,427389.15492038423
100895,550760.0134326306,4177105.4623460844,139179.31549388342
100597,550141.4674934631,4181739.4049919895,61490.584672086195
201403,544939.4842062667,4166676.168466537,510467.0736184045
10091E,552383.87935627,4175388.5222350797,192673.89653485946
100971,555740.5554468803,4176590.5391205596,3187036.563477875
100711,550996.0774404763,4178826.6899227262,66364.34647478435
100333,550692.1259418604,4183839.691154324,98755.33991544819
101216,545824.9301305593,4178851.795192277,162098.58055810435
100043,552005.63786975,4182172.591540268,33364.72289636967
100097,553136.0173842921,4183034.045672294,23208.857063553558
201334,548732.0322760323,4173587.3672670936,96576.08317434027
100934,552865.8062039561,4177129.787128924,408260.57910162304
10009A,553277.9103458006,4182890.722177201,20808.458404949102
100432,545462.4156110062,4181760.1756167472,103713.38214722824
100985,552997.3583305532,4174467.8687982727,407415.68037815386
100151,553878.875377349,4182550.6748321876,87538.71842433492
100754,550900.3131673272,4180068.6631013495,134351.4165485038
100822,553466.080314026,4179674.3837842047,135308.1030637928
100162,553098.50911705,4183388.8575912253,32383.19767349425
100646,548600.0891031127,4180298.8704031426,114358.09583341701
100241,551749.461898779,4183702.0318237124,95447.65307622534
10017C,552554.1437758566,4183152.3597534345,6935.8743757381635
407064,561809.2980690993,4185346.9137005326,352324.34814415284
101093,548540.9406161655,4176881.293744329,412636.2476623853
100331,550619.1037709061,4184260.866660997,95526.90813683344
101225,544848.7772042463,4176927.072728197,123983.08521435029
100178,552800.0956158304,4183242.697209842,4395.9187233315415
100371,549635.4967650578,4183866.536320243,91476.78862191962
100541,549066.2330807368,4181888.262726068,95798.88566088417
100573,550584.8379349207,4182674.126992198,90660.66168437399
100292,551517.4391150293,4184199.8696805267,81364.12296241867
101073,547761.4513826743,4176066.904176971,229670.66138877178
100163,553116.7616919571,4183289.1164171593,19789.980238511376
100913,551093.7762344033,4175853.8681660336,120019.7194241545
100016,552818.3448457415,4183142.9554314855,4884.416067166879
100997,552238.1236943926,4174662.743869971,138151.8579334895
201524,551422.1491475402,4165973.5359209627,301415.9587800731
100586,549514.9205803277,4181957.5205098847,82851.89867680852
100643,548989.9208160006,4179912.844019116,112309.67807264361
100173,552685.1434356748,4183319.628606672,14848.365040686163
10001C,552581.5489900274,4182997.1988680796,14946.608006358441
100625,551149.7402285594,4181035.502893803,32684.80815677189
100674,548782.8030025084,4179190.533093388,49454.49264445454
101185,543600.1929456202,4178085.256421923,461828.96707842627
100116,552404.7038931494,4181731.3058220167,51120.22318664729
100871,550965.8486862887,4178016.545639029,80544.31716328941
101174,543823.7281886144,4179140.4819577043,117151.78135674419
100906,550926.8700245424,4177195.253257451,136520.77393381926
10091B,552683.2865694596,4175342.3857160416,74802.46567797102
201337,547477.1235467988,4171860.3103393354,196667.33793518165
100065,551543.6754260479,4181415.2010831796,36347.87065757447
201343,549291.8636570977,4173601.7856197157,335027.1130120789
100366,549650.0552502832,4182912.5339529035,116448.74331701925
100963,554010.5315097995,4175894.526032317,224736.66417744226
201463,549996.2645904359,4169345.588318757,377539.73085832986
101008,550115.5645146576,4175858.9636398344,166460.1495458069
10017B,552553.8604186926,4183196.739636377,6886.976930997938
100632,548977.4399897959,4180678.7889683605,88066.91848990832
100213,551465.1118518352,4182712.8691499215,59397.65597452223
201452,549526.0158965139,4168344.198233515,652832.3408872855
100382,549131.7743536177,4184185.2789764833,45810.03953438418
100167,553011.1828882026,4183277.3403148493,10257.147095629276
201321,547426.856671789,4172998.603593692,267774.3782693018
201441,548196.6622204991,4169423.6629165136,251379.17693167835
100372,549663.1795004916,4183655.8913308773,116927.09215222945
100707,550267.5067716201,4178400.5934340875,176104.27781257548
101062,548615.4282996537,4174707.182276234,63120.59591692661
100436,544641.3080106134,4182407.1505676787,292939.9433782913
10091A,551619.6575259399,4176311.937083324,203160.5773325209
201332,548120.0941448952,4173483.9217726192,107194.76139992522
910990,538051.0079912205,4198672.042234999,3.697581616752208E7
201411,544939.4842062667,4166676.168466537,2679792.7464067983
100342,550411.3631329346,4183682.6310683074,93189.54527555563
100461,546478.6196247593,4181606.076688705,134371.18901763365
10009E,552978.5367592578,4182877.6946000597,21003.85519244292
407242,560893.5735709378,4191171.6174179404,1484222.6620291038
100054,551312.0878681687,4181835.378947369,122718.04211668766
10002D,552363.6243989331,4182651.8519037436,7857.038061296538
101167,544469.9231103184,4178555.898811175,209851.90319657707
101263,547350.7326276186,4175465.396777191,269847.93381948967
101051,548184.0942547345,4174615.8914838545,53548.26052826499
100112,552798.405934331,4182133.255297049,53655.813272995845
101005,549600.4523166305,4175056.994648887,178115.7184174787
100685,549511.3658182923,4178151.9215075267,49899.995795576484
100205,551224.7448745654,4182356.983481088,45241.402439743164
100826,552962.4522052306,4179915.229749361,219058.28078161174
201482,552250.8192973217,4168471.9150338215,110196.54367107539
10001V,552327.1355090018,4182851.337283911,15720.593029680045
100027,552767.652433749,4182809.76756588,13188.486197579248
101274,546527.649062898,4174506.642520337,140395.9547463138
100152,554092.4131703898,4182813.9758259417,481173.5312608002
101214,545891.2858601834,4178008.929234267,236160.06320590212
100917,552698.0066850481,4175797.386836131,160195.5277778019
100592,550095.4809673256,4182060.8901554556,92914.50747293168
100993,552172.1040969654,4173952.229518404,212261.2505731965
10017F,552809.1845871075,4183198.373800562,6252.010425090544
100369,549940.2689596026,4182969.766300006,113322.19893101184
100502,547503.831271888,4181240.9003949654,111084.96523503776
100101,553831.5997350289,4183190.924265251,352666.2554698557
101203,545281.279906282,4178393.8878851947,161275.93351556588
100393,546018.9295671636,4184927.59306446,994286.9282552404
101252,546269.4457493972,4174971.076187056,39015.67165827898
201285,546964.8123435584,4173577.1260752752,319000.0891976043
100956,553971.3886443363,4177835.9557096413,395828.8865012889
100902,551729.6161922313,4177044.9151981347,88366.74534696812
10062D,549894.4320185775,4180362.083937805,188116.5833058642
100844,552036.3206603015,4178722.238000351,82102.88587469936
101044,549897.2748920352,4175524.783539396,97532.65602070253
201493,551100.3826150032,4167643.6871708427,230875.13215390494
100412,544164.6803967861,4181250.2781331697,113722.21002436802
100472,546988.1658926185,4181865.047277198,117070.78297384303
100353,550520.7535200237,4183073.0559173212,192598.99129350495
101105,547074.8971542618,4177471.93688452,266581.8816035985
101178,543186.2865012236,4179736.256032408,383103.4058261794
10091F,552614.8364769691,4175020.1856648363,77326.81044720612
100275,552584.3277477701,4183940.328064521,62222.14226460966
100882,549521.7081572872,4177896.7924734075,312687.5724155694
101191,544462.2508999455,4178345.049169916,314989.4853406539
100394,548623.1563637704,4183849.397202435,323970.9155691102
100679,548310.3291151589,4178644.0824695257,514134.2756379198
100581,549805.2360709433,4182003.652727989,90765.58316906015
100029,552777.0261715376,4182721.064287989,13530.561387827234
201315,545818.0526684563,4172139.4146890193,411838.413434142
101196,544067.0740632422,4178109.9289683956,156435.3218132503
201471,550314.3300219034,4170701.1257370533,2051912.2704410185
100018,552721.9234731337,4183075.7647194085,4005.2523358692897
100952,554143.2226516742,4177160.265155445,484211.09685105947
100833,552157.2611064836,4179100.1329955384,145653.94990446873
101116,546686.2370946647,4177647.250538978,94330.40363413931
100967,553840.1328216026,4176348.320915557,185083.08165039084
100253,552135.068843918,4183981.851235436,74805.76661061357
101066,547677.3716436905,4175367.420946698,93818.88402660738
100423,544280.5030027578,4181034.2104918906,98085.46370872213
100942,553363.6403784056,4177809.8092982573,567186.6026038904
100698,550597.7001509753,4179145.9987752303,82293.22653051966
201291,545690.7002324059,4172848.795282032,305124.21895898564
100838,551761.0102505181,4179075.555233057,142110.34326099642
100141,553081.9840312841,4181868.788617895,418451.79821980523
101113,547211.2248629259,4178282.6670448678,280294.0051591475
101102,547605.5671766136,4177119.936482455,193721.73016803068
100703,550248.332514711,4178655.668250926,105834.76889026209
100782,552852.7728015219,4180535.866739257,393623.82765304623
201553,547018.187394086,4167275.6435776823,1193883.2597992367
100982,553637.3073950931,4175015.672270893,267672.02834648744
100076,551937.4342623742,4181817.108598618,53982.11235013336
101241,543528.9278131981,4176564.957413675,5516942.9595685415
100513,548816.1228799926,4182485.923692809,43962.88964782479
100484,546920.2492205147,4181420.8490152904,59602.44842341442
201308,544903.6303986744,4171668.5114762485,252588.0481478878
407074,562171.7773330079,4185138.827251483,151093.36252518487
100179,552703.3200780898,4183230.981550784,4102.8627488118655
100665,548224.1652304406,4179819.6755601508,715831.6342957965
100546,548725.7014192453,4181398.0469258134,207974.96048717859
100694,549766.8794418646,4179606.8316158154,68633.95894521059
201383,545497.69707638,4171061.53275655,518170.83152655733
100931,553237.3625173409,4176899.1752211037,234384.11571079545
100773,551678.1785120448,4180414.132563076,264317.436356513
407041,560336.9561571177,4183261.2091071135,6893230.084488671
100856,551937.6009088443,4177612.0830831425,110181.78413960776
101144,546086.8382511582,4179274.8735637395,136287.95664895998
101013,549702.3384065403,4174236.561835273,82830.48167770458
100231,551282.0345227957,4183832.250700183,60952.81097627977
100955,554704.1321787689,4178649.3626193004,899997.760599438
101155,545233.762715195,4179026.0529008205,116500.30489609986
100271,551807.6651836379,4184246.0735909706,52403.44205882561
101015,549286.6312679761,4174478.1637650803,190740.72674185006
100675,548956.864344139,4179546.614110039,149773.88901822976
407063,562501.5440938298,4185762.686077338,430232.1291513806
201361,548084.6884618091,4171828.2089288956,3103843.054898514
100415,543863.139730756,4181648.0943118464,135028.97727315643
100821,553385.0107481562,4179951.242795736,133153.16747477144
201435,547527.2688922882,4167722.354100905,331585.19894798484
100053,551385.0950585307,4181425.3055014503,73037.70776649512
101092,549070.5900633832,4176717.9993212107,255370.04512879136
100336,549943.9570941769,4183812.9257323276,63736.845927793445
100087,552908.5989066435,4182799.5768157463,19343.24901733728
100444,545600.9288149303,4181124.962040554,122040.78643219391
100683,549547.9783638775,4178832.2818792616,83725.9268908821
100781,553154.0763761019,4180249.3251804085,73488.8824798828
201372,547108.9243487458,4171492.174924877,362107.257951796
10001N,552749.3320800577,4182920.6043746015,17047.10314473891
100852,552543.4314392409,4178176.7902383255,322373.5747000105
100602,550541.2014861613,4181175.985858445,61118.68380403097
100064,551685.4097491826,4181282.944882689,36348.46326999288
201502,552584.4891233493,4167348.647536791,2068082.9807783337
407231,561699.6577096649,4189175.667594411,814162.4130546617
100195,551746.5867679991,4182758.904263047,28915.146150933644
100771,552388.1328052684,4180432.152905153,150424.45402774803
407243,561981.5437723252,4190518.713678601,454591.0294318622
100426,544584.978979133,4181696.351635329,98192.0765891778
100166,553116.7616919571,4183289.1164171593,10257.127098496361
100524,548429.747110562,4182306.1166828754,102436.0807388359
101122,547233.902301668,4178937.4154727594,173876.1106948462
100433,545161.1571188523,4181937.706132111,200524.76931733298
10009D,553057.34933428,4182944.7747771265,19644.780771356098
101222,546221.7237820908,4177212.0322407214,169412.46128740517
101206,545319.9324113351,4177772.7701020194,159091.84175846545
201554,546859.5938787368,4167241.4587462926,521857.45969045244
100321,550457.0411718749,4184847.92744552,315429.8142416325
910971,545611.3971753292,4190006.3850840507,1085853.5282696418
101211,546115.4982123175,4178875.606155621,179449.91200290993
100041,552146.4535316755,4182184.57755257,27069.75452848176
10001G,552942.1765157091,4183054.987528176,11429.69209266139
100184,552413.0625761161,4183184.746448939,54754.7005406859
100542,549139.1939113946,4181467.07556516,120670.41447093515
100621,549997.0891780818,4180861.9957804354,91657.51342307233
100966,554010.5315097995,4175894.526032317,49766.25716994601
407354,561827.6576745068,4191094.5344129866,300755.8097926566
100733,550977.3616558108,4179004.0991843906,66491.4619736509
100571,550875.1226881859,4182720.297299246,89585.5634309974
100324,550457.0411718749,4184847.92744552,551785.8639500238
201474,551595.0743323761,4168944.8897790327,947499.7592752684
101021,548754.8117993654,4174446.7126688682,284512.1203885009
100015,552827.4340130545,4183098.6320468984,6056.712338517933
10099A,551122.8934110692,4175421.3333326587,2033257.001793993
101151,545185.2175615872,4179846.8315955563,120544.46734109799
100303,550937.0463773807,4184096.3977023833,151059.6636060367
10002A,552636.2913766108,4182697.9724117448,5959.321878689765
100859,551434.7249737008,4177719.884059829,161391.75696897105
101032,549152.3796084444,4174821.3144913116,197192.92249764586
100075,552079.2384205238,4181673.7641566433,53983.01038464154
101084,548774.2896198051,4176161.591645294,164252.86473785999
100401,546518.8646640539,4180763.951870914,2471513.792474488
101024,548011.9316105138,4173893.8130935794,145326.5712388793
100563,550050.2396515751,4182260.331329912,123149.67359135662
100751,550878.518117941,4180745.344096668,74363.14305001697
101133,547221.4698825845,4179569.772922836,117667.0125643772
100242,551785.1361365363,4183489.335254125,67393.62060392417
100419,543110.6739808021,4181979.654851824,1073502.864022442
101127,546747.2170157338,4179322.973827254,233289.47654070953
100361,550175.8943390888,4183315.0446788096,130914.96075678016
100744,551354.824958316,4179217.142645941,113539.70798474007
100721,551392.3601622365,4178862.4371444006,102526.61347384428
101055,547698.8842585732,4174679.644263379,140723.5583225876
100491,547600.1351028597,4182634.1376969274,143424.99759891132
101163,544421.3924500917,4179387.77561291,125106.15655602596
100896,550330.4756238908,4176917.2060133787,88184.42504983052
101046,549832.8402833965,4175979.298794955,159666.09985124585
100596,550422.9817808842,4181785.5053175334,58622.686557497764
100531,548072.232058569,4181704.8750376045,74988.90357741312
10002H,552381.9400584172,4182541.0143309603,8758.822891258827
201421,546227.2082593647,4168325.2136075213,1934052.303333114
100111,552940.2367381183,4182001.021030742,54811.541108720034
100282,552555.2244087827,4184361.768856353,60950.546169136025
100332,550655.6139818436,4184050.278802282,92892.00307429062
100123,552152.6364353185,4181208.2225227472,52520.34205062783
100841,552582.4116373796,4178736.7987991385,128286.50580395522
100201,551483.3458820339,4182613.1246516043,62719.99196449656
10002O,552259.4443147507,4182418.2973566777,15338.421014570315
100122,552212.171097462,4181541.4612429007,52176.311677038386
