Iteration,agencyRevenue_217,agentHoursOnCrowdedTransit,averageMTWaitingTimeInSec,averageOnDemandRideWaitTimeInSec,averageTripExpenditure,averageTripExpenditure_Home,averageTripExpenditure_Secondary,averageTripExpenditure_Work,averageVehicleDelayPerMotorizedLeg_home,averageVehicleDelayPerMotorizedLeg_secondary,averageVehicleDelayPerMotorizedLeg_work,averageVehicleDelayPerPassengerTrip,busCrowding,fuelConsumedInMJ_Diesel,fuelConsumedInMJ_Food,fuelConsumedInMJ_Gasoline,motorizedVehicleMilesTraveled_total,numberOfVehicles_BODY-TYPE-DEFAULT,numberOfVehicles_BUS-DEFAULT,numberOfVehicles_CAR-TYPE-DEFAULT,personTravelTime_car,personTravelTime_drive_transit,personTravelTime_onDemandRide,personTravelTime_others,personTravelTime_walk,personTravelTime_walk_transit,tollRevenue,totalCost_bike,totalCost_car,totalCost_drive_transit,totalCost_onDemandRide,totalCost_onDemandRide_transit,totalCost_transit,totalCost_walk,totalCost_walk_transit,totalHoursOfVehicleTrafficDelay,totalIncentive_bike,totalIncentive_car,totalIncentive_drive_transit,totalIncentive_onDemandRide,totalIncentive_onDemandRide_transit,totalIncentive_transit,totalIncentive_walk,totalIncentive_walk_transit,totalToll_bike,totalToll_car,totalToll_drive_transit,totalToll_onDemandRide,totalToll_onDemandRide_transit,totalToll_transit,totalToll_walk,totalToll_walk_transit,vehicleHoursTraveled_BODY-TYPE-DEFAULT,vehicleHoursTraveled_BUS-DEFAULT,vehicleHoursTraveled_BUS-SMALL-HD,vehicleHoursTraveled_BUS-STD-ART,vehicleHoursTraveled_BUS-STD-HD,vehicleHoursTraveled_CAR-TYPE-DEFAULT,vehicleMilesTraveled_BODY-TYPE-DEFAULT,vehicleMilesTraveled_BUS-DEFAULT,vehicleMilesTraveled_BUS-SMALL-HD,vehicleMilesTraveled_BUS-STD-ART,vehicleMilesTraveled_BUS-STD-HD,vehicleMilesTraveled_CAR-TYPE-DEFAULT
0,1757.25,40.036944444444444,324.8053097345133,1.3750516795865595,0.27889332281525797,1.5855617922025194,1.5371490717432195,0.5711202585111459,1221.601415720829,617.8254465640156,648.100989065429,914.6203272911374,87.768782161235,146953.95255800034,1172.7739287611098,376780.52192213084,68592.41948261915,15000.0,255.0,11892.0,536837.6,18923.983333333334,12235.133333333333,120705.35,106243.75,86042.1,0.0,0.0,0.4910795888019887,1.1607883817427387,4.0926571137744014,0.0,0.0,0.0,1.1652208201892744,3651.8757179118916,0.0,0.0,0.0,0.0,0.0,0.0,0.0,0.0,0.0,0.0,0.0,0.0,0.0,0.0,0.0,0.0,4574.208888888889,157.43333333333334,0.0,0.0,0.0,9365.45,13749.583661524832,4554.716314349363,0.0,0.0,0.0,64037.703168270375
1,1884.0,41.276666666666664,320.07862903225805,1.339136195018544,0.2812420994785061,1.5521916171553654,1.5467346846321748,0.549834059725626,1263.164470876503,859.0567814293652,831.8723890504432,1036.950756101258,89.21623442236444,146953.95255800043,1189.6993792313042,375168.39702377067,68318.42236837275,15000.0,255.0,11889.0,576658.0,20211.15,12088.966666666667,132009.6,104169.06666666667,84394.93333333333,0.0,0.0,0.48559607995373955,1.1843629343629343,4.1405113991451,0.0,0.0,0.0,1.1876882530120483,4326.9650717091945,0.0,0.0,0.0,0.0,0.0,0.0,0.0,0.0,0.0,0.0,0.0,0.0,0.0,0.0,0.0,0.0,4641.891666666666,157.43333333333334,0.0,0.0,0.0,10085.530277777778,13948.017384804152,4554.716314349363,0.0,0.0,0.0,63763.70605402317
2,1881.0,42.879444444444445,323.48865845755023,1.357316428948757,0.29445511430263277,1.6217092823961776,1.6442247316767136,0.5756143833625877,1079.3892658954996,818.2155567470953,792.4402362335811,936.790870693925,89.51887102067607,146953.9525580004,1188.877565362159,375359.44802397426,68350.8934398023,15000.0,255.0,11874.0,587470.15,20457.183333333334,13051.266666666666,131707.81666666668,102414.71666666666,86146.28333333334,0.0,0.0,0.48110186473560973,1.16793893129771,4.492579761107408,0.0,0.0,0.0,1.1806596701649175,4455.481468894828,0.0,0.0,0.0,0.0,0.0,0.0,0.0,0.0,0.0,0.0,0.0,0.0,0.0,0.0,0.0,0.0,4641.715833333334,157.43333333333334,0.0,0.0,0.0,10256.374166666666,13938.382451531072,4554.716314349363,0.0,0.0,0.0,63796.177125453214
3,1887.0,41.92388888888889,325.4161290322581,1.4620063191153219,0.2861843383687012,1.5877650538980694,1.574950669148939,0.5727663718952375,1019.9151784218391,895.5524828189474,924.5134287276669,946.0885262524176,89.17897165458142,146953.95255800034,1195.1938987671097,376939.0606906968,68619.36476776919,15000.0,255.0,11898.0,573460.3166666667,20682.816666666666,12535.616666666667,130194.63333333333,103824.83333333333,86160.63333333333,0.0,0.0,0.4984663704925157,1.2183908045977012,4.214707915465946,0.0,0.0,0.0,1.1744011976047903,4245.046656820918,0.0,0.0,0.0,0.0,0.0,0.0,0.0,0.0,0.0,0.0,0.0,0.0,0.0,0.0,0.0,0.0,4666.732777777778,157.43333333333334,0.0,0.0,0.0,10009.544166666667,14012.43504807643,4554.716314349363,0.0,0.0,0.0,64064.64845342006
4,1920.75,44.330555555555556,322.5340114431024,1.4332380174291917,0.28242642225154957,1.533416202838465,1.508895697613252,0.5644878600732509,1135.6377864484525,787.3559005285094,782.0751635694073,944.9259213821261,90.43893006767644,146953.95255800037,1221.4705481821545,375250.25279637025,68332.33459409379,15000.0,255.0,11883.0,576929.8666666667,21220.5,12161.75,140154.95,102196.46666666666,87410.83333333333,0.0,0.0,0.48276769820128196,1.1517857142857142,4.211318375105441,0.0,0.0,0.0,1.1847664936990363,4288.12632711661,0.0,0.0,0.0,0.0,0.0,0.0,0.0,0.0,0.0,0.0,0.0,0.0,0.0,0.0,0.0,0.0,4771.3425,157.43333333333334,0.0,0.0,0.0,10071.011388888888,14320.502085223517,4554.716314349363,0.0,0.0,0.0,63777.61827974482
5,1928.25,41.797777777777775,322.2814910025707,1.3859722222222224,0.2798508375852628,1.5467003503468333,1.5017878030371612,0.5479085943432319,1135.994299425015,862.3069276810357,799.7222652571252,978.0664841318016,86.15396978463517,146953.95255800034,1221.6182054921046,373834.722954246,68091.75082030032,15000.0,255.0,11912.0,581807.8833333333,20275.55,12144.9,141291.15,101192.98333333334,87760.58333333333,0.0,0.0,0.46929014078484976,1.2011070110701108,4.278040720474208,0.0,0.0,0.0,1.1647892441860466,4368.968647589862,0.0,0.0,0.0,0.0,0.0,0.0,0.0,0.0,0.0,0.0,0.0,0.0,0.0,0.0,0.0,0.0,4769.0008333333335,157.43333333333334,0.0,0.0,0.0,10150.12361111111,14322.233217274259,4554.716314349363,0.0,0.0,0.0,63537.03450595102
6,1983.75,42.60388888888889,326.50346129641287,1.5356414385399881,0.2941694844233637,1.6289062414842146,1.5021970474681576,0.5592436302593214,1284.3460037527736,739.75839723907,787.8505682630966,1009.1594787493235,84.35996269816599,146953.95255800037,1187.4619882021093,377608.8407089266,68733.20073194496,15000.0,255.0,11942.0,607096.8666666667,21434.933333333334,12729.5,134377.56666666668,95471.21666666666,90316.03333333334,0.0,0.0,0.4860988509077386,1.125,4.391831836499206,0.0,0.0,0.0,1.1731843575418994,4745.011804663833,0.0,0.0,0.0,0.0,0.0,0.0,0.0,0.0,0.0,0.0,0.0,0.0,0.0,0.0,0.0,0.0,4638.844166666667,157.43333333333334,0.0,0.0,0.0,10586.804166666667,13921.786246487525,4554.716314349363,0.0,0.0,0.0,64178.48441759617
7,2068.5,46.17944444444444,325.50629119233076,1.3293250688705232,0.28744561281344544,1.5425041595948634,1.5324502923129237,0.5710047997714544,1136.3894743204382,832.6233899631355,837.878207458353,972.2678060898534,89.6916540212443,146953.9525580004,1243.9769773759917,375029.3585176789,68294.79135226496,15000.0,255.0,11897.0,584045.1166666667,20467.233333333334,11886.866666666667,148135.73333333334,96543.63333333333,93430.71666666666,0.0,0.0,0.5020841230052351,1.1669675090252707,4.213718685771502,0.0,0.0,0.0,1.1784267386900742,4431.380600645088,0.0,0.0,0.0,0.0,0.0,0.0,0.0,0.0,0.0,0.0,0.0,0.0,0.0,0.0,0.0,0.0,4866.7202777777775,157.43333333333334,0.0,0.0,0.0,10187.547777777778,14584.367117975193,4554.716314349363,0.0,0.0,0.0,63740.07503791585
8,2054.25,45.751666666666665,324.1482153660012,1.4386045861297525,0.28141464674421085,1.4969820585954907,1.4867333327029266,0.5708942934986495,1144.6449874209109,820.5143900461746,790.3449420232017,971.1177347464211,89.90015267175572,146953.95255800037,1240.7425565358885,376309.3454714567,68512.33822593915,15000.0,255.0,11939.0,593334.5,20965.13333333333,11554.85,148569.6,95839.93333333333,92665.01666666666,0.0,0.0,0.4908908519961812,1.1640625,4.140249083091735,0.0,0.0,0.0,1.1912681912681913,4550.495852065938,0.0,0.0,0.0,0.0,0.0,0.0,0.0,0.0,0.0,0.0,0.0,0.0,0.0,0.0,0.0,0.0,4849.483055555555,157.43333333333334,0.0,0.0,0.0,10331.73361111111,14546.446817355472,4554.716314349363,0.0,0.0,0.0,63957.62191159017
9,2135.25,45.63194444444444,323.85783424077437,1.3761674718196444,0.29291535987937034,1.559954206777787,1.5037627487266334,0.5670318825920544,1310.0346187646994,726.2233366737468,772.4451368359485,1002.6093267987216,87.15398388540734,146953.95255800037,1209.4534592616014,377947.84658010694,68790.81824688609,15000.0,255.0,11941.0,588631.7833333333,21284.1,12042.766666666666,144831.08333333334,90565.55,93379.9,0.0,0.0,0.4995876291417218,1.1859861591695502,4.184999965570221,0.0,0.0,0.0,1.1777266754270697,4499.766359190818,0.0,0.0,0.0,0.0,0.0,0.0,0.0,0.0,0.0,0.0,0.0,0.0,0.0,0.0,0.0,0.0,4726.177222222223,157.43333333333334,0.0,0.0,0.0,10275.380555555555,14179.613917922803,4554.716314349363,0.0,0.0,0.0,64236.101932537
10,2145.0,46.70777777777778,330.04375729288216,1.3094658836689028,0.2877620943313508,1.5604975774277368,1.515437157697084,0.5904028565908347,1219.5499167974347,895.9487563610572,873.7248338043652,1044.6026125928754,89.6623610693902,146953.9525580004,1246.660399979726,375979.3580986196,68456.25349702808,15000.0,255.0,11916.0,623146.8833333333,21058.133333333335,11880.7,150407.53333333333,94566.86666666667,95527.8,0.0,0.0,0.49200409048369115,1.1506849315068493,4.286105419506984,0.0,0.0,0.0,1.2035928143712575,5023.377897002183,0.0,0.0,0.0,0.0,0.0,0.0,0.0,0.0,0.0,0.0,0.0,0.0,0.0,0.0,0.0,0.0,4877.844444444445,157.43333333333334,0.0,0.0,0.0,10843.330277777777,14615.827523671842,4554.716314349363,0.0,0.0,0.0,63901.53718267883
11,2092.5,46.40611111111111,320.0547112462006,1.3117510893246174,0.2921129617956976,1.5752449895473504,1.490326537391152,0.5583889141260373,988.0459000109328,766.9854488902922,784.2730841930554,865.6615310858084,88.12683658170914,146953.95255800037,1192.605571081938,380941.7939966226,69299.6702304804,15000.0,255.0,11988.0,555081.4166666666,21147.133333333335,11927.616666666667,139061.8,91096.53333333334,95028.55,0.0,0.0,0.5062726768123993,1.1816546762589928,4.250716537924238,0.0,0.0,0.0,1.172872340425532,3895.476889886138,0.0,0.0,0.0,0.0,0.0,0.0,0.0,0.0,0.0,0.0,0.0,0.0,0.0,0.0,0.0,0.0,4663.9025,157.43333333333334,0.0,0.0,0.0,9717.298333333334,13982.089533755323,4554.716314349363,0.0,0.0,0.0,64744.95391613173
12,2077.5,44.560833333333335,323.07035478051716,1.385169491525425,0.27538673282110615,1.433718744144498,1.4213050861964625,0.539416555215778,963.9590960688728,750.747927072905,780.7075474048052,845.0588437698045,85.43753718024985,146953.9525580004,1219.6857535209454,374628.77197013714,68226.70757157063,15000.0,255.0,11993.0,545362.2666666667,20456.25,11248.833333333334,150403.91666666666,89820.58333333333,94494.05,0.0,0.0,0.4648188338382168,1.1681654676258992,4.053157471959271,0.0,0.0,0.0,1.1653922872340425,3791.9668228492837,0.0,0.0,0.0,0.0,0.0,0.0,0.0,0.0,0.0,0.0,0.0,0.0,0.0,0.0,0.0,0.0,4769.322777777777,157.43333333333334,0.0,0.0,0.0,9558.06361111111,14299.577179825208,4554.716314349363,0.0,0.0,0.0,63671.99125722169
13,2146.5,44.67777777777778,324.4288245717661,1.270914454277288,0.2778309715996152,1.4756573387694918,1.4364485546128842,0.5424473275782172,979.6540795338898,806.748858466213,844.6583325488416,884.3102817971089,85.38779700792021,146953.9525580003,1215.0528012806528,378320.5828444999,68854.16858712387,15000.0,255.0,11975.0,554839.8,22654.983333333334,10751.433333333332,147115.26666666666,89826.41666666667,93413.0,0.0,0.0,0.5013984451624571,1.1953125,4.144426808924128,0.0,0.0,0.0,1.1674387822634018,3933.9525452724165,0.0,0.0,0.0,0.0,0.0,0.0,0.0,0.0,0.0,0.0,0.0,0.0,0.0,0.0,0.0,0.0,4753.177222222223,157.43333333333334,0.0,0.0,0.0,9700.435,14245.260518390605,4554.716314349363,0.0,0.0,0.0,64299.45227277489
14,2172.75,45.98277777777778,320.8178592548788,1.4285635052689956,0.2893247826984981,1.5610494220996336,1.4909071689781495,0.5733027430832732,992.6917589727866,754.6406790692832,774.8281905492472,864.9411265932425,84.74689754689754,146953.95255800043,1206.770148500999,381409.3475466079,69379.13573813469,15000.0,255.0,11983.0,553166.9833333333,21563.283333333333,11769.483333333334,150693.9,86557.51666666666,93888.11666666667,0.0,0.0,0.5071437921258255,1.1666666666666667,4.208701107624724,0.0,0.0,0.0,1.1834729381443299,3902.326049479846,0.0,0.0,0.0,0.0,0.0,0.0,0.0,0.0,0.0,0.0,0.0,0.0,0.0,0.0,0.0,0.0,4723.448055555556,157.43333333333334,0.0,0.0,0.0,9700.705833333333,14148.15482347334,4554.716314349363,0.0,0.0,0.0,64824.419423785876
15,2181.75,48.564166666666665,321.3934523809524,1.2641666666666678,0.29295993536341586,1.5577699702481362,1.4929067034641499,0.569728380561414,1150.2919647597273,847.1369137247679,867.8600729014835,982.0388578146619,88.91156267887807,146953.9525580004,1212.021949856475,378598.67484621337,68901.43316695942,15000.0,255.0,12015.0,587850.8,22422.2,11908.75,149411.6,85407.85,97383.48333333334,0.0,0.0,0.49120380298887945,1.1701954397394136,4.383845217341113,0.0,0.0,0.0,1.1758064516129032,4444.816985897805,0.0,0.0,0.0,0.0,0.0,0.0,0.0,0.0,0.0,0.0,0.0,0.0,0.0,0.0,0.0,0.0,4743.685833333333,157.43333333333334,0.0,0.0,0.0,10282.826944444445,14209.726862499752,4554.716314349363,0.0,0.0,0.0,64346.716852610516
16,2137.5,45.94138888888889,324.59200470311583,1.479330484330482,0.29192487043376486,1.522217096311625,1.4745736965224763,0.5843304086539354,1062.4524392912824,778.0230323905025,825.6103039343234,910.654061922122,84.74725274725274,146953.95255800037,1200.105131163066,381533.16225584625,69400.1793142678,15000.0,255.0,12017.0,574019.8666666667,22755.216666666667,11641.383333333333,146301.71666666667,86051.03333333334,95236.31666666667,0.0,0.0,0.510582968089421,1.1806451612903226,4.313208949250823,0.0,0.0,0.0,1.1762948207171315,4199.380022769207,0.0,0.0,0.0,0.0,0.0,0.0,0.0,0.0,0.0,0.0,0.0,0.0,0.0,0.0,0.0,0.0,4693.721666666666,157.43333333333334,0.0,0.0,0.0,10053.666666666666,14070.01426181344,4554.716314349363,0.0,0.0,0.0,64845.46299991897
17,2186.25,46.45,326.5750999428898,1.3135542168674696,0.28210213077502994,1.4830382338689387,1.4477539053264428,0.5690134171775298,1062.7941255420096,855.075458123343,854.9995612361059,942.7894079586343,84.76920879748643,146953.95255800034,1235.45940621257,376605.0408340679,68562.59467699636,15000.0,255.0,11961.0,568486.1,22067.033333333333,11370.5,150413.78333333333,86390.1,100659.26666666666,0.0,0.0,0.4801749953386126,1.1709183673469388,4.1846358058792825,0.0,0.0,0.0,1.1815266196279666,4162.939008030681,0.0,0.0,0.0,0.0,0.0,0.0,0.0,0.0,0.0,0.0,0.0,0.0,0.0,0.0,0.0,0.0,4838.679444444444,157.43333333333334,0.0,0.0,0.0,9933.191944444445,14484.507243508018,4554.716314349363,0.0,0.0,0.0,64007.878362646974
18,2167.5,47.216388888888886,326.4610051993068,1.458048919226392,0.291512049990305,1.522425656275308,1.4896811604314795,0.5825241909766976,1206.7664129114044,884.9448993772289,925.9832639742767,1041.2631181355646,87.09335624284078,146953.95255800034,1223.1614127415396,379248.7048071397,69011.91240690589,15000.0,255.0,12000.0,627463.6833333333,22439.683333333334,11983.666666666666,155209.96666666667,85932.61666666667,96017.6,0.0,0.0,0.4979007807868635,1.1525,4.345085930403898,0.0,0.0,0.0,1.1837231968810915,5088.305770622459,0.0,0.0,0.0,0.0,0.0,0.0,0.0,0.0,0.0,0.0,0.0,0.0,0.0,0.0,0.0,0.0,4788.67,157.43333333333334,0.0,0.0,0.0,10951.11611111111,14340.325755540058,4554.716314349363,0.0,0.0,0.0,64457.196092557286
19,2158.5,48.42388888888889,323.51258045640725,1.4530367231638412,0.289596095075003,1.51599719412894,1.5145758135718392,0.5398909757698509,1065.6447836655002,780.8366863073023,830.7164993409583,914.467979028813,88.93412833617263,146953.95255800037,1201.546028433716,379451.2337346138,69046.33426946503,15000.0,255.0,12022.0,578721.8333333334,22425.366666666665,12051.233333333334,150095.81666666668,82591.98333333334,97073.96666666666,0.0,0.0,0.48148860059318,1.16,4.349670518223495,0.0,0.0,0.0,1.1756493506493506,4302.825860213629,0.0,0.0,0.0,0.0,0.0,0.0,0.0,0.0,0.0,0.0,0.0,0.0,0.0,0.0,0.0,0.0,4701.440277777778,157.43333333333334,0.0,0.0,0.0,10127.85638888889,14086.907319447737,4554.716314349363,0.0,0.0,0.0,64491.617955116
20,2244.0,46.598055555555554,327.5252697331062,1.2711111111111115,0.28478351159795057,1.4607275904361143,1.432912025258262,0.5591854809549995,876.9773744576994,750.7406206043929,828.3844727782737,806.587178685056,83.61465324384787,146953.95255800043,1230.749952094417,377155.91882596584,68656.22202574331,15000.0,255.0,11967.0,541572.0166666667,22008.4,11134.333333333334,156582.7,83423.75,98518.63333333333,0.0,0.0,0.4818396147614248,1.1680743243243243,4.226161241878515,0.0,0.0,0.0,1.1908720200752823,3714.782061832841,0.0,0.0,0.0,0.0,0.0,0.0,0.0,0.0,0.0,0.0,0.0,0.0,0.0,0.0,0.0,0.0,4817.906388888889,157.43333333333334,0.0,0.0,0.0,9498.635833333334,14429.29367522373,4554.716314349363,0.0,0.0,0.0,64101.505711394355
21,2268.0,48.05277777777778,326.81563015960376,1.5313470728793286,0.28924304368567194,1.4836553274053592,1.436102875518641,0.6376966288001935,1044.8027014755153,1032.344463443224,1108.1460766279426,1031.7630391000257,87.4349901713002,146953.95255800043,1263.7834648300095,380158.215045724,69166.49297383596,15000.0,255.0,11938.0,592615.6333333333,21960.75,11329.633333333333,159073.58333333334,87266.25,101017.2,0.0,0.0,0.5097032862868158,1.1630067567567568,4.317896781978604,0.0,0.0,0.0,1.1963619402985075,4566.984452238586,0.0,0.0,0.0,0.0,0.0,0.0,0.0,0.0,0.0,0.0,0.0,0.0,0.0,0.0,0.0,0.0,4947.666944444444,157.43333333333334,0.0,0.0,0.0,10347.719722222222,14816.578074930538,4554.716314349363,0.0,0.0,0.0,64611.77665948688
22,2184.0,48.50472222222222,325.11986301369865,1.3868646572104022,0.28650584696152914,1.503291693858776,1.4721316603930017,0.5395689962106024,1112.3382157653145,677.093887225986,697.8044290906543,883.8834803595573,85.84160090191658,146953.95255800034,1211.1822549904357,378435.51836651645,68873.70305457714,15000.0,255.0,12029.0,566367.6666666666,22290.4,11563.083333333334,154413.83333333334,82875.71666666666,95556.18333333333,0.0,0.0,0.48470196279118066,1.1490384615384615,4.384552229674681,0.0,0.0,0.0,1.1830848995463383,4126.999283712166,0.0,0.0,0.0,0.0,0.0,0.0,0.0,0.0,0.0,0.0,0.0,0.0,0.0,0.0,0.0,0.0,4741.081666666667,157.43333333333334,0.0,0.0,0.0,9915.533611111112,14199.882292691691,4554.716314349363,0.0,0.0,0.0,64318.98674022809
23,2216.25,48.047777777777775,323.3168261114237,1.5062860438292947,0.28710187633339285,1.5155721399576683,1.4576992405979325,0.5702367013913455,1040.6769684005726,755.7229583578963,777.4353636961403,883.3357898479233,87.42075578116187,146953.95255800043,1215.2482993415535,380439.005767562,69214.21622875844,15000.0,255.0,11998.0,548946.0666666667,21164.783333333333,11322.9,155091.25,83095.38333333333,95527.88333333333,0.0,0.0,0.5045418392830944,1.1681654676258992,4.2413549491417735,0.0,0.0,0.0,1.1844082654978083,3824.843970041508,0.0,0.0,0.0,0.0,0.0,0.0,0.0,0.0,0.0,0.0,0.0,0.0,0.0,0.0,0.0,0.0,4759.849166666667,157.43333333333334,0.0,0.0,0.0,9618.193055555555,14247.552534676222,4554.716314349363,0.0,0.0,0.0,64659.49991440973
24,2256.0,49.05583333333333,325.43080357142856,1.4039579735175631,0.29373945320180184,1.5298163914761271,1.480387525597692,0.568001560021705,1117.2277205357504,796.1182783289886,816.7635344967417,942.0468517368823,87.25728559533722,146953.95255800034,1243.8635814909587,378593.4025976656,68900.53709439882,15000.0,255.0,11979.0,573550.75,22310.55,11777.4,162210.3,80446.15,99220.96666666666,0.0,0.0,0.49119500944915584,1.118811881188119,4.389548332324417,0.0,0.0,0.0,1.1958827199001871,4257.79009016967,0.0,0.0,0.0,0.0,0.0,0.0,0.0,0.0,0.0,0.0,0.0,0.0,0.0,0.0,0.0,0.0,4872.43,157.43333333333334,0.0,0.0,0.0,10035.6825,14583.03766634784,4554.716314349363,0.0,0.0,0.0,64345.82078004968
25,2225.25,47.44722222222222,325.4477866061294,1.3520539906103297,0.2871343015053518,1.4565330051503156,1.4709540467644506,0.5442160735003667,1195.752685081019,796.5253389189367,762.5856630137123,975.4809116374706,84.68450390189521,146953.95255800034,1233.3303667861342,377676.2426852442,68744.6563871643,15000.0,255.0,12033.0,580315.6333333333,22538.75,11349.666666666666,157229.46666666667,83448.28333333334,98145.56666666667,0.0,0.0,0.48111521250064054,1.1456896551724138,4.321190875080113,0.0,0.0,0.0,1.183125,4338.72232142755,0.0,0.0,0.0,0.0,0.0,0.0,0.0,0.0,0.0,0.0,0.0,0.0,0.0,0.0,0.0,0.0,4830.094444444445,157.43333333333334,0.0,0.0,0.0,10145.745555555555,14459.546417730193,4554.716314349363,0.0,0.0,0.0,64189.940072815254
26,2247.0,46.013888888888886,321.8678489702517,1.4560390763765578,0.2979005783496638,1.583272289272549,1.4549003232433788,0.5195474672390988,1311.2950554895683,746.0998876894419,751.5630579382712,1028.540207158365,82.4294410625346,146953.95255800034,1207.7559146380543,380629.0230576976,69246.51161059171,15000.0,255.0,12059.0,629788.2333333333,23940.416666666668,11998.7,155064.78333333333,78064.45,99199.36666666667,0.0,0.0,0.4877354054782026,1.1367924528301887,4.591591065411081,0.0,0.0,0.0,1.179174484052533,5096.988137695898,0.0,0.0,0.0,0.0,0.0,0.0,0.0,0.0,0.0,0.0,0.0,0.0,0.0,0.0,0.0,0.0,4726.048611111111,157.43333333333334,0.0,0.0,0.0,11007.238055555556,14159.711930635893,4554.716314349363,0.0,0.0,0.0,64691.79529624263
27,2240.25,49.24111111111111,321.781929726715,1.543786808009421,0.2907570621737547,1.5077264967387909,1.5059336408768633,0.5469833894196375,1137.8467010437193,878.5676134322229,855.7185613293564,1003.2429497178983,86.34217067108534,146953.9525580003,1238.001407692661,378575.5522314464,68897.50324209714,15000.0,255.0,12030.0,610752.25,22691.25,11952.416666666666,158190.16666666666,81028.95,102687.01666666666,0.0,0.0,0.48048259776767027,1.1688311688311688,4.486410125972224,0.0,0.0,0.0,1.1700373366521468,4854.859840843196,0.0,0.0,0.0,0.0,0.0,0.0,0.0,0.0,0.0,0.0,0.0,0.0,0.0,0.0,0.0,0.0,4849.072777777777,157.43333333333334,0.0,0.0,0.0,10679.8175,14514.309630107049,4554.716314349363,0.0,0.0,0.0,64342.78692774827
28,2355.0,48.599444444444444,324.18974076116933,1.37604719764012,0.29467329240229473,1.5013604581048687,1.4475475932261859,0.5592098773788804,1024.0389914341804,776.6598898215695,788.5720092767259,889.1213829420014,85.17315068493151,146953.95255800037,1221.1731806326814,380579.9939748914,69238.17861652935,15000.0,255.0,12019.0,562322.9833333333,22717.883333333335,11322.316666666668,157846.01666666666,79453.7,99138.05,0.0,0.0,0.4979996632879696,1.1504854368932038,4.362189599238755,0.0,0.0,0.0,1.193731343283582,4033.6473406135465,0.0,0.0,0.0,0.0,0.0,0.0,0.0,0.0,0.0,0.0,0.0,0.0,0.0,0.0,0.0,0.0,4781.5344444444445,157.43333333333334,0.0,0.0,0.0,9855.5275,14317.01575260682,4554.716314349363,0.0,0.0,0.0,64683.462302180174
29,2326.5,47.3375,321.8647608576141,1.575136363636364,0.28945900596498647,1.4718950694138306,1.462089203717816,0.569293888788137,1064.830777401052,880.7155215541198,890.4673246217478,968.7119378292691,84.23064340239912,146953.9525580004,1255.6451092549612,380357.87079700804,69200.4265107174,15000.0,255.0,11994.0,603162.4166666666,23030.666666666668,11275.316666666668,162571.88333333333,79320.85,105010.15,0.0,0.0,0.4994893188656781,1.1666666666666667,4.374260495753214,0.0,0.0,0.0,1.1873857404021937,4720.048917073113,0.0,0.0,0.0,0.0,0.0,0.0,0.0,0.0,0.0,0.0,0.0,0.0,0.0,0.0,0.0,0.0,4922.309166666667,157.43333333333334,0.0,0.0,0.0,10565.805277777778,14721.164118240225,4554.7163143493635,0.0,0.0,0.0,64645.71019636846
30,2315.25,49.91027777777778,323.53190319031904,1.304587155963306,0.28572309882452007,1.4888326218121164,1.4466576292549103,0.5690317581546802,1197.8399209375652,838.3998213197887,827.6353167167197,1004.0081505087436,87.51301013420981,146953.9525580004,1255.4039635941094,380062.32599131414,69150.19564834755,15000.0,255.0,12019.0,585361.3333333334,22583.316666666666,10874.416666666666,167824.6,78954.38333333333,101639.36666666667,0.0,0.0,0.503970785475149,1.1805555555555556,4.3281030098732645,0.0,0.0,0.0,1.1871928746928746,4424.887032214368,0.0,0.0,0.0,0.0,0.0,0.0,0.0,0.0,0.0,0.0,0.0,0.0,0.0,0.0,0.0,0.0,4919.600555555556,157.43333333333334,0.0,0.0,0.0,10250.806388888888,14718.336930188687,4554.716314349363,0.0,0.0,0.0,64595.47933399852
31,2237.25,48.44027777777778,325.74780701754383,1.5897272727272729,0.28787921378140807,1.5430423779108025,1.4821084909649693,0.5462339420814837,1080.9328154977425,829.3433605200117,857.0651247831895,947.5589228920996,86.44232365145228,146953.95255800034,1257.1058003469595,379609.4836039835,69073.23045324163,15000.0,255.0,12025.0,589426.4666666667,20955.183333333334,11711.916666666666,168893.8,78549.85,102061.28333333334,0.0,0.0,0.49182767752706485,1.1619718309859155,4.517281438601182,0.0,0.0,0.0,1.177314814814815,4491.955716132381,0.0,0.0,0.0,0.0,0.0,0.0,0.0,0.0,0.0,0.0,0.0,0.0,0.0,0.0,0.0,0.0,4930.056388888889,157.43333333333334,0.0,0.0,0.0,10313.71,14738.289238334166,4554.716314349363,0.0,0.0,0.0,64518.51413889311
32,2354.25,50.7125,323.65955117679255,1.4571990320629176,0.2948045813167889,1.4852187166745707,1.4590469927360847,0.5674818418016203,1077.6499434409984,799.6329615313014,827.7268790171138,930.7953620221374,88.25331888377134,146953.95255800037,1241.7035981723066,380018.75908886315,69142.79100770169,15000.0,255.0,12046.0,585276.6333333333,22792.266666666666,11383.916666666666,161923.11666666667,77776.83333333333,104238.1,0.0,0.0,0.4994947855615963,1.1820388349514563,4.447306629028509,0.0,0.0,0.0,1.1917315757938887,4420.760861070696,0.0,0.0,0.0,0.0,0.0,0.0,0.0,0.0,0.0,0.0,0.0,0.0,0.0,0.0,0.0,0.0,4863.068611111111,157.43333333333334,0.0,0.0,0.0,10255.43888888889,14557.714054849532,4554.716314349363,0.0,0.0,0.0,64588.07469335285
33,2330.25,50.33305555555555,323.28209366391184,1.4851557907113446,0.29576901454459237,1.5483076144957815,1.453217996960177,0.550519140376713,1034.2771141850978,740.0013471486744,785.5503785898725,873.366703484673,88.3426001635323,146953.95255800043,1212.4638084794487,382669.1130922101,69593.24577667832,15000.0,255.0,12042.0,550211.2,20865.533333333333,11633.833333333334,157501.5,76112.53333333334,103548.93333333333,0.0,0.0,0.5050707008122451,1.143987341772152,4.405424641175047,0.0,0.0,0.0,1.1732717520858165,3829.2277910561334,0.0,0.0,0.0,0.0,0.0,0.0,0.0,0.0,0.0,0.0,0.0,0.0,0.0,0.0,0.0,0.0,4750.825833333333,157.43333333333334,0.0,0.0,0.0,9642.604444444445,14214.907206259277,4554.716314349363,0.0,0.0,0.0,65038.52946232932
34,2259.75,50.7025,323.73412271259417,1.3611829944547158,0.2830863287252098,1.4691318333103909,1.4362941438976766,0.5606114931321824,1068.3326353638072,930.3148910424,981.7425451486946,991.4651458240318,88.14177283816753,146953.95255800037,1253.159753143257,378646.0260754923,68909.48099265451,15000.0,255.0,11991.0,583066.0166666667,22215.15,10829.0,168097.53333333333,77424.65,102419.0,0.0,0.0,0.490671425029674,1.1564516129032258,4.36339394226304,0.0,0.0,0.0,1.1823694029850746,4389.711933135901,0.0,0.0,0.0,0.0,0.0,0.0,0.0,0.0,0.0,0.0,0.0,0.0,0.0,0.0,0.0,0.0,4907.768055555555,157.43333333333334,0.0,0.0,0.0,10203.15888888889,14692.025841076524,4554.716314349363,0.0,0.0,0.0,64354.76467830566
35,2289.0,48.98138888888889,324.1505494505495,1.5838288288288285,0.2836344044533765,1.4887540666203483,1.4147477765635479,0.5342383090927405,1132.1350424809061,744.0120694166587,725.9638280081535,923.4351155623098,86.38755458515284,146953.95255800037,1226.598078113811,378884.5186259689,68950.0152407552,15000.0,255.0,12049.0,574868.45,22040.966666666667,11095.233333333334,159210.36666666667,76194.0,102150.1,0.0,0.0,0.4822676115577254,1.176517571884984,4.299628277696702,0.0,0.0,0.0,1.1669198055893073,4254.727294953343,0.0,0.0,0.0,0.0,0.0,0.0,0.0,0.0,0.0,0.0,0.0,0.0,0.0,0.0,0.0,0.0,4805.938611111111,157.43333333333334,0.0,0.0,0.0,10056.469722222222,14380.617167971637,4554.716314349363,0.0,0.0,0.0,64395.29892640587
36,2332.5,49.539722222222224,324.0059978189749,1.2795871559633056,0.28976459032301044,1.5063270077847508,1.402647653800019,0.5704912280328932,973.8748350538353,818.4310522561155,878.3576186358465,884.9787294033158,87.4781428183546,146953.9525580004,1252.920013870939,377251.33967729524,68672.43977533015,15000.0,255.0,12041.0,561909.45,21519.433333333334,11207.483333333334,171100.11666666667,76640.35,101573.13333333333,0.0,0.0,0.4762860865872279,1.1575,4.477364565939186,0.0,0.0,0.0,1.1901978417266188,4033.78221410528,0.0,0.0,0.0,0.0,0.0,0.0,0.0,0.0,0.0,0.0,0.0,0.0,0.0,0.0,0.0,0.0,4908.889166666667,157.43333333333334,0.0,0.0,0.0,9854.671666666667,14689.215141502853,4554.716314349363,0.0,0.0,0.0,64117.72346098109
37,2380.5,51.153888888888886,321.6925549009106,1.5237007168458763,0.2943477964701465,1.4843726012203173,1.461670611559981,0.5660739111173342,1015.6726526439626,793.5124032202386,786.3592119215655,891.1768397668847,87.62379679144385,146953.9525580004,1245.7543045151613,378072.7273109669,68812.04300429355,15000.0,255.0,12003.0,560754.8,22152.083333333332,11513.833333333334,164631.21666666667,77426.11666666667,103560.78333333334,0.0,0.0,0.4862492418843931,1.1658878504672898,4.435957537270568,0.0,0.0,0.0,1.18853672985782,4041.9820665871366,0.0,0.0,0.0,0.0,0.0,0.0,0.0,0.0,0.0,0.0,0.0,0.0,0.0,0.0,0.0,0.0,4882.536388888889,157.43333333333334,0.0,0.0,0.0,9831.006944444445,14605.204474259062,4554.716314349363,0.0,0.0,0.0,64257.326689944435
38,2371.5,50.414722222222224,326.81067961165047,1.3066853233830873,0.2832566938329644,1.4326416066640757,1.431834060237563,0.5753935299669437,1010.821160498496,757.2684578205641,768.4592334156506,869.1996714560516,88.02803483941209,146953.9525580004,1235.8181713637618,378692.5611145609,68917.39009847361,15000.0,255.0,12031.0,548946.15,21545.433333333334,10747.083333333334,164342.46666666667,78004.6,101631.03333333334,0.0,0.0,0.48550656700997274,1.1599378881987579,4.344412182878815,0.0,0.0,0.0,1.1829484902309058,3820.856889108894,0.0,0.0,0.0,0.0,0.0,0.0,0.0,0.0,0.0,0.0,0.0,0.0,0.0,0.0,0.0,0.0,4840.6425,157.43333333333334,0.0,0.0,0.0,9616.467777777778,14488.71340067116,4554.716314349363,0.0,0.0,0.0,64362.673784124716
39,2361.75,50.07,323.71824973319104,1.5190132370637794,0.2966441268477369,1.588636667594388,1.4686881372347755,0.5946704801025297,1095.8192850371638,869.090005979112,892.6805902120719,977.4344203878952,85.29322305229455,146953.95255800037,1226.9398598662435,381616.4194057965,69414.32971840215,15000.0,255.0,12023.0,598649.25,23293.516666666666,11650.483333333334,161752.03333333333,76110.73333333334,102808.83333333333,0.0,0.0,0.5045476702509459,1.1503067484662577,4.575764761452612,0.0,0.0,0.0,1.1882476076555024,4637.926324740562,0.0,0.0,0.0,0.0,0.0,0.0,0.0,0.0,0.0,0.0,0.0,0.0,0.0,0.0,0.0,0.0,4810.386111111111,157.43333333333334,0.0,0.0,0.0,10472.47138888889,14384.62421202657,4554.716314349363,0.0,0.0,0.0,64859.61340405301
40,2302.5,49.656666666666666,323.93541202672606,1.2408840579710156,0.29995633569022945,1.5375610726830464,1.4191680243409006,0.548503795757452,1266.75914401438,705.5410340539248,770.5681373231307,972.5958240926158,87.15061058344641,146953.95255800037,1202.126349629238,380782.3254428858,69272.56691883093,15000.0,255.0,12089.0,577411.9333333333,22081.283333333333,11838.533333333333,159415.9,73192.41666666667,101129.31666666667,0.0,0.0,0.4850877819727351,1.1325,4.481974599904335,0.0,0.0,0.0,1.1781212484993997,4292.929901342129,0.0,0.0,0.0,0.0,0.0,0.0,0.0,0.0,0.0,0.0,0.0,0.0,0.0,0.0,0.0,0.0,4707.1288888888885,157.43333333333334,0.0,0.0,0.0,10119.088055555556,14093.710996296893,4554.716314349363,0.0,0.0,0.0,64717.85060448169
41,2396.25,50.02972222222222,325.3431855500821,1.5574938949938928,0.2945390448773737,1.5164142742898523,1.4362848332557587,0.5423815113729462,1034.594370060539,754.5059875578058,785.757472876726,880.7918371570328,84.52165970772442,146953.95255800034,1221.0439641327491,380766.31536538043,69269.84584241862,15000.0,255.0,12060.0,551446.6,21753.95,11520.016666666666,163607.25,71656.0,105183.81666666667,0.0,0.0,0.48376607553574763,1.1711356466876972,4.5272068836217425,0.0,0.0,0.0,1.177325581395349,3877.930727483047,0.0,0.0,0.0,0.0,0.0,0.0,0.0,0.0,0.0,0.0,0.0,0.0,0.0,0.0,0.0,0.0,4783.955555555555,157.43333333333334,0.0,0.0,0.0,9678.214722222223,14315.50082033169,4554.716314349363,0.0,0.0,0.0,64715.12952806972
42,2369.25,50.13527777777778,319.49577167019027,1.3471916971916975,0.2938103037675858,1.4885459462191342,1.4599173971829538,0.5913964801699688,1096.408032364253,891.8939783153756,908.0710382185277,988.3715871901474,84.0257555847569,146953.95255800043,1261.7212384595043,379515.9644728044,69057.33592044427,15000.0,255.0,12016.0,609778.4666666667,23975.15,11395.3,166700.2,76336.55,107263.25,0.0,0.0,0.4955329257171883,1.1702786377708978,4.501083861980419,0.0,0.0,0.0,1.1831550802139037,4820.507868856836,0.0,0.0,0.0,0.0,0.0,0.0,0.0,0.0,0.0,0.0,0.0,0.0,0.0,0.0,0.0,0.0,4946.295277777778,157.43333333333334,0.0,0.0,0.0,10671.798333333334,14792.400564401967,4554.716314349363,0.0,0.0,0.0,64502.619606095155
43,2332.5,50.75944444444445,324.02251510159255,1.5960424133811215,0.29015050352168037,1.5218924625536379,1.445150101987058,0.5511517268926411,1092.476087343201,799.1112552047852,855.9116669324686,939.2133779230602,86.51435470888114,146953.95255800034,1239.3995475715708,379447.35957304254,69045.67581608308,15000.0,255.0,12043.0,571545.65,22818.183333333334,11546.05,168055.41666666666,71296.01666666666,103935.96666666666,0.0,0.0,0.47663896491814484,1.1818181818181819,4.434340274396523,0.0,0.0,0.0,1.188073394495413,4214.198248219775,0.0,0.0,0.0,0.0,0.0,0.0,0.0,0.0,0.0,0.0,0.0,0.0,0.0,0.0,0.0,0.0,4860.164444444445,157.43333333333334,0.0,0.0,0.0,10019.660833333333,14530.701400732363,4554.7163143493635,0.0,0.0,0.0,64490.95950173398
44,2382.0,49.868611111111115,323.0722311396469,1.3846580406654385,0.294282159689958,1.4598492621753218,1.438581322260834,0.5824067665423429,1154.130802775518,770.9770526977186,748.9569288132886,950.2128335101226,85.68201284796574,146953.95255800037,1251.0121328489752,378545.5834321928,68892.40973816217,15000.0,255.0,12040.0,587497.2333333333,23903.483333333334,11366.483333333334,169864.48333333334,75294.58333333333,101342.4,0.0,0.0,0.48029458996111124,1.161144578313253,4.537997249793425,0.0,0.0,0.0,1.1969424460431655,4457.553981199709,0.0,0.0,0.0,0.0,0.0,0.0,0.0,0.0,0.0,0.0,0.0,0.0,0.0,0.0,0.0,0.0,4902.062777777778,157.43333333333334,0.0,0.0,0.0,10285.616666666667,14666.847173487546,4554.716314349363,0.0,0.0,0.0,64337.69342381306
45,2327.25,51.33,329.14293333333336,1.6713174882629087,0.29799937791078024,1.5219998682502525,1.4729536935716567,0.5449431697964366,945.590014952573,801.0307277838101,804.3445000249118,866.2347054057598,90.39331340038053,146953.95255800034,1248.4948349881479,379098.7193500266,68986.420844515,15000.0,255.0,12039.0,557092.4166666666,21903.11666666667,12163.916666666666,169838.86666666667,74526.38333333333,103858.56666666667,0.0,0.0,0.47287883983972634,1.1333865814696487,4.567522802927438,0.0,0.0,0.0,1.1832633473305338,3967.595571509881,0.0,0.0,0.0,0.0,0.0,0.0,0.0,0.0,0.0,0.0,0.0,0.0,0.0,0.0,0.0,0.0,4896.644166666667,157.43333333333334,0.0,0.0,0.0,9787.15361111111,14637.33441174409,4554.716314349363,0.0,0.0,0.0,64431.704530166004
46,2400.0,49.0275,330.7844212835985,1.3285079928952084,0.2931068309842228,1.463229441487468,1.4477256059581702,0.5633153825153286,880.4374068828945,738.6025862839488,810.3249294446001,798.1235773432098,82.57926351527814,146953.95255800037,1203.2933130552874,378732.0829968644,68924.1072465764,15000.0,255.0,12076.0,525287.7833333333,21802.733333333334,11326.183333333332,159606.56666666668,70483.33333333333,105036.38333333333,0.0,0.0,0.473020036728547,1.1337792642140467,4.407546938785347,0.0,0.0,0.0,1.1817660550458715,3459.422305795402,0.0,0.0,0.0,0.0,0.0,0.0,0.0,0.0,0.0,0.0,0.0,0.0,0.0,0.0,0.0,0.0,4717.87,157.43333333333334,0.0,0.0,0.0,9239.760833333334,14107.392457713238,4554.716314349363,0.0,0.0,0.0,64369.39093222717
47,2413.5,48.999722222222225,324.463282937365,1.5846396396396392,0.29557491986986484,1.5459490744358104,1.4505495310587428,0.559006230816785,999.1964150488645,748.7194785565489,800.4556991410086,868.7457065229021,84.084388185654,146953.95255800037,1227.5476425800691,380140.1363196761,69163.42030944629,15000.0,255.0,12044.0,545307.8833333333,22546.15,11512.016666666666,164787.7,73478.1,103128.7,0.0,0.0,0.48698971431566457,1.1712662337662338,4.503435259671137,0.0,0.0,0.0,1.1906902552204177,3817.413425412719,0.0,0.0,0.0,0.0,0.0,0.0,0.0,0.0,0.0,0.0,0.0,0.0,0.0,0.0,0.0,0.0,4810.675833333334,157.43333333333334,0.0,0.0,0.0,9590.627222222221,14391.749847297719,4554.716314349363,0.0,0.0,0.0,64608.70399509722
48,2354.25,50.10583333333334,324.7894736842105,1.2735565476190505,0.30126568082912775,1.5198109976964425,1.4725031463444413,0.5684327981183525,1143.2934161254132,853.499347951377,888.7440926403591,987.3192855597251,85.37187666135034,146953.95255800037,1249.4520886797525,380545.0375414817,69232.23741316002,15000.0,255.0,12038.0,604953.5833333334,23598.183333333334,11906.616666666667,169431.36666666667,73609.65,102720.58333333333,0.0,0.0,0.48904245680076636,1.1728486646884273,4.612330945176469,0.0,0.0,0.0,1.168854415274463,4734.470229615982,0.0,0.0,0.0,0.0,0.0,0.0,0.0,0.0,0.0,0.0,0.0,0.0,0.0,0.0,0.0,0.0,4897.460277777778,157.43333333333334,0.0,0.0,0.0,10585.159166666666,14648.557239430862,4554.716314349363,0.0,0.0,0.0,64677.52109881104
49,2383.5,50.25055555555556,326.65494862087616,1.594103489771359,0.29368619831914766,1.4951796622667552,1.4257313750685217,0.5595018142332658,984.2894250728662,724.0028396949135,718.8128592307909,844.140084619873,86.95661431993612,146953.95255800034,1226.7380793042082,379683.2186918702,69085.7624855432,15000.0,255.0,12049.0,537428.2833333333,22198.5,11526.516666666666,162773.53333333333,74398.05,103125.4,0.0,0.0,0.4813859261306238,1.11328125,4.451097041275795,0.0,0.0,0.0,1.194608131997643,3666.3817675323153,0.0,0.0,0.0,0.0,0.0,0.0,0.0,0.0,0.0,0.0,0.0,0.0,0.0,0.0,0.0,0.0,4808.384444444445,157.43333333333334,0.0,0.0,0.0,9452.90888888889,14382.258539793474,4554.716314349363,0.0,0.0,0.0,64531.04617119434
50,2485.5,52.94027777777778,326.1240147136101,1.3273081534772215,0.29260487905126736,1.4960523225671172,1.4459452430680453,0.5921984098755925,1072.2731707771527,849.7955887472447,896.6908160114726,946.7638696373295,89.05677317137575,146953.95255800043,1258.6576871643422,380848.86237411806,69283.87555079104,15000.0,255.0,12005.0,571736.2666666667,22854.716666666667,11038.583333333334,169445.6,75371.93333333333,105919.33333333333,0.0,0.0,0.49751082912679734,1.1664110429447854,4.312750051632295,0.0,0.0,0.0,1.20713876146789,4229.404597640982,0.0,0.0,0.0,0.0,0.0,0.0,0.0,0.0,0.0,0.0,0.0,0.0,0.0,0.0,0.0,0.0,4938.1475,157.43333333333334,0.0,0.0,0.0,10023.735,14756.483535722156,4554.716314349363,0.0,0.0,0.0,64729.15923644201
51,2435.25,51.61888888888889,328.4668060637742,1.681981552162848,0.29215047450812365,1.5013618653957683,1.4720599779911243,0.583044130052763,1132.482509146836,831.0819847095028,867.3826284633496,973.5447830915132,87.78601472134595,146953.95255800043,1263.8635572550438,379062.74604233814,68980.30681296172,15000.0,255.0,12000.0,600549.1,22078.566666666666,11294.4,169138.23333333334,77056.76666666666,105904.1,0.0,0.0,0.49764794195491197,1.1178797468354431,4.6062643701511625,0.0,0.0,0.0,1.1924398625429553,4672.20367152002,0.0,0.0,0.0,0.0,0.0,0.0,0.0,0.0,0.0,0.0,0.0,0.0,0.0,0.0,0.0,0.0,4956.5675,157.43333333333334,0.0,0.0,0.0,10497.886944444444,14817.517077300618,4554.716314349363,0.0,0.0,0.0,64425.59049861263
52,2439.75,51.85611111111111,327.79936974789916,1.3103822629969446,0.2979863847607182,1.5167995852282066,1.4223006139489323,0.5623968256850347,1241.301482751004,807.505250775612,854.8680163055768,1008.7497042898141,88.40720294426919,146953.95255800037,1265.4114276625876,380765.5119966773,69269.70930169172,15000.0,255.0,11990.0,593921.75,22289.95,11199.1,173455.2,74098.76666666666,104487.75,0.0,0.0,0.5014124490317216,1.163946587537092,4.47488534625805,0.0,0.0,0.0,1.1959696261682242,4571.597618191199,0.0,0.0,0.0,0.0,0.0,0.0,0.0,0.0,0.0,0.0,0.0,0.0,0.0,0.0,0.0,0.0,4960.733333333334,157.43333333333334,0.0,0.0,0.0,10387.061666666666,14835.664286360992,4554.716314349363,0.0,0.0,0.0,64714.9929873426
53,2368.5,48.13166666666667,327.03604088219475,1.5744801223241567,0.29393510187357286,1.5084128608151943,1.4479376455750748,0.5585678774699177,1052.8811810373813,781.5664841043031,772.9779295551766,905.8692544011743,83.52487961476726,146953.95255800043,1246.219465863393,379413.68139088555,69039.95186458761,15000.0,255.0,12066.0,564246.4,21469.766666666666,11606.9,169607.71666666667,74756.4,102766.86666666667,0.0,0.0,0.47789849718987937,1.1442307692307692,4.59358831743605,0.0,0.0,0.0,1.1832352941176472,4106.104025921767,0.0,0.0,0.0,0.0,0.0,0.0,0.0,0.0,0.0,0.0,0.0,0.0,0.0,0.0,0.0,0.0,4884.718333333333,157.43333333333334,0.0,0.0,0.0,9891.631666666666,14610.658018814065,4554.716314349363,0.0,0.0,0.0,64485.2355502385
54,2391.75,50.098055555555554,324.1611170784103,1.3790594362745114,0.28891651897720655,1.492330843958663,1.4300754408701142,0.5479156617292166,907.0073923258333,672.0652481841079,748.6296016937733,778.1236821192398,85.92214304565849,146953.95255800037,1218.6759893986903,380336.1533691287,69196.73541173701,15000.0,255.0,12094.0,534349.0666666667,22452.066666666666,11173.6,160892.43333333332,72834.06666666667,105947.08333333333,0.0,0.0,0.4776992962250313,1.1261682242990654,4.463715447140259,0.0,0.0,0.0,1.1879754242246927,3564.887191442395,0.0,0.0,0.0,0.0,0.0,0.0,0.0,0.0,0.0,0.0,0.0,0.0,0.0,0.0,0.0,0.0,4779.251111111111,157.43333333333334,0.0,0.0,0.0,9410.6725,14287.738720649999,4554.716314349363,0.0,0.0,0.0,64642.01909738789
55,2526.75,51.01444444444444,327.26521969295925,1.5526449968132574,0.29373600402651195,1.4633550461941487,1.4275216433241562,0.5590142360337317,1097.2639369924605,834.168898386751,863.5388597190173,957.2106769204927,85.57598547717842,146953.95255800037,1249.8751215235916,380261.1829585043,69183.99342370182,15000.0,255.0,12047.0,589583.45,23705.65,11059.766666666666,168682.0,72823.1,105587.63333333333,0.0,0.0,0.4867999835732339,1.1575630252100841,4.532939280887507,0.0,0.0,0.0,1.2070245573957739,4494.635911851114,0.0,0.0,0.0,0.0,0.0,0.0,0.0,0.0,0.0,0.0,0.0,0.0,0.0,0.0,0.0,0.0,4897.354722222222,157.43333333333334,0.0,0.0,0.0,10322.28,14653.51687004278,4554.716314349363,0.0,0.0,0.0,64629.277109352755
56,2407.5,50.465,325.792463134899,1.3085161486898262,0.29897767370466233,1.4696196587051868,1.4471722981919592,0.5554222617746671,1115.6980638498167,765.9329270373064,803.6637156417626,932.644544209847,85.44121532364598,146953.9525580004,1223.6013230126466,381897.40604429797,69462.08627136487,15000.0,255.0,12099.0,592048.25,23550.783333333333,11357.05,167626.55,71133.33333333333,101830.46666666666,0.0,0.0,0.4877551165188686,1.1725663716814159,4.543609700324769,0.0,0.0,0.0,1.1781946072684641,4491.97882001515,0.0,0.0,0.0,0.0,0.0,0.0,0.0,0.0,0.0,0.0,0.0,0.0,0.0,0.0,0.0,0.0,4790.7625,157.43333333333334,0.0,0.0,0.0,10374.611388888889,14345.483256851943,4554.716314349363,0.0,0.0,0.0,64907.36995701595
57,2383.5,49.51638888888889,320.29408543263963,1.5411891558841633,0.29736747017332277,1.5606482724333808,1.4288377617683075,0.5515961681828613,1114.2586740538545,748.5273587518574,765.7726844718335,926.7644790067725,84.53218543046357,146953.95255800034,1215.489721291013,385084.5320000764,70003.77092341385,15000.0,255.0,12117.0,574508.9166666666,21855.883333333335,11602.35,165937.16666666666,70650.86666666667,103267.73333333334,0.0,0.0,0.506329009334947,1.178921568627451,4.575586441771176,0.0,0.0,0.0,1.1822033898305084,4227.333197158392,0.0,0.0,0.0,0.0,0.0,0.0,0.0,0.0,0.0,0.0,0.0,0.0,0.0,0.0,0.0,0.0,4764.960277777778,157.43333333333334,0.0,0.0,0.0,10065.590833333334,14250.382961931198,4554.716314349363,0.0,0.0,0.0,65449.054609065075
58,2469.0,50.228611111111114,323.33124018838305,1.3951557632398752,0.29241626520339786,1.4924651371185367,1.4347950776833875,0.5702465738161394,1072.7152630263292,850.0919596121057,852.1841230268924,947.5035600354208,85.5271195365982,146953.95255800046,1270.6145256670438,378719.00398067775,68921.88433401151,15000.0,255.0,12050.0,584403.0,22255.483333333334,11265.066666666668,176100.43333333332,73809.08333333333,105797.8,0.0,0.0,0.484323529818312,1.1405750798722045,4.517543561077218,0.0,0.0,0.0,1.193220338983051,4420.893693865268,0.0,0.0,0.0,0.0,0.0,0.0,0.0,0.0,0.0,0.0,0.0,0.0,0.0,0.0,0.0,0.0,4983.775,157.43333333333334,0.0,0.0,0.0,10252.101666666667,14896.66532804251,4554.716314349363,0.0,0.0,0.0,64367.16801966236
59,2403.75,49.41,321.71792152704137,1.65670119271814,0.2889522966470079,1.5236528489676926,1.4329023007818529,0.5336427427411577,1145.1082397435275,789.2839303849117,689.5142750899236,955.1923998459636,84.1854095338425,146953.95255800037,1247.782708301684,378067.9247352073,68811.22675742571,15000.0,255.0,12055.0,589789.3833333333,20626.05,11456.466666666667,173784.91666666666,73375.33333333333,103849.83333333333,0.0,0.0,0.477375917956589,1.1501677852348993,4.570356656058205,0.0,0.0,0.0,1.1872119815668203,4507.71213360641,0.0,0.0,0.0,0.0,0.0,0.0,0.0,0.0,0.0,0.0,0.0,0.0,0.0,0.0,0.0,0.0,4891.821944444445,157.43333333333334,0.0,0.0,0.0,10328.559722222222,14628.985449328604,4554.716314349363,0.0,0.0,0.0,64256.51044307647
60,2414.25,49.43361111111111,325.3681112894596,1.4965944758317682,0.29304479944542317,1.501147093234854,1.4253490825587287,0.5409146423799186,1045.012394088671,770.1757942550051,866.1909511755155,902.3133252559671,84.88197767145135,146953.9525580004,1236.7987249055782,380658.10221443867,69251.45391068193,15000.0,255.0,12081.0,574768.6333333333,21436.983333333334,11154.933333333332,166899.53333333333,72866.73333333334,104433.55,0.0,0.0,0.48308899175685344,1.1482758620689655,4.58489189757998,0.0,0.0,0.0,1.2002595155709344,4212.048730812924,0.0,0.0,0.0,0.0,0.0,0.0,0.0,0.0,0.0,0.0,0.0,0.0,0.0,0.0,0.0,0.0,4847.691944444445,157.43333333333334,0.0,0.0,0.0,10062.343333333334,14500.209395446469,4554.716314349363,0.0,0.0,0.0,64696.73759633322
61,2479.5,50.12138888888889,326.1852642819007,1.6832236842105233,0.29481889496615665,1.4848927191544343,1.4167126549065134,0.5468377129106115,1196.3641265671522,743.4691196065914,764.5555806256356,961.5318210984889,85.08296373597705,146953.95255800037,1239.2237208081388,380586.5863649021,69239.29906063547,15000.0,255.0,12082.0,594085.5833333334,22517.016666666666,11308.35,169986.15,70574.61666666667,103885.4,0.0,0.0,0.49033405287741855,1.1687697160883281,4.5100783021203545,0.0,0.0,0.0,1.1828379136287157,4549.9151590035435,0.0,0.0,0.0,0.0,0.0,0.0,0.0,0.0,0.0,0.0,0.0,0.0,0.0,0.0,0.0,0.0,4854.230555555556,157.43333333333334,0.0,0.0,0.0,10399.279722222222,14528.640010438407,4554.716314349363,0.0,0.0,0.0,64684.5827462864
62,2496.75,50.594722222222224,326.9931434599156,1.3542486876640458,0.282776279390486,1.4416285178373576,1.380779449643391,0.5654011583675317,1107.7678079567625,895.9520031183803,885.313198486887,989.8835195914529,84.06916129032258,146953.95255800034,1261.687357858955,378307.15501857316,68851.88639077652,15000.0,255.0,12034.0,590998.7833333333,23921.216666666667,10307.666666666666,175439.33333333334,72604.68333333333,103834.56666666667,0.0,0.0,0.48335278252086195,1.1563400576368876,4.403153690575755,0.0,0.0,0.0,1.20223752151463,4525.142522754595,0.0,0.0,0.0,0.0,0.0,0.0,0.0,0.0,0.0,0.0,0.0,0.0,0.0,0.0,0.0,0.0,4946.196666666667,157.43333333333334,0.0,0.0,0.0,10343.610277777778,14792.003348757666,4554.716314349363,0.0,0.0,0.0,64297.17007642748
63,2469.75,49.8875,328.64128686327075,1.7810013046314435,0.2834266497526533,1.4732249810129638,1.3979289188807225,0.5375843962472314,1135.7896522257631,798.0318716303707,783.8478024817433,957.0814961060214,82.6381544841887,146953.9525580004,1243.0465924523605,379711.95574028173,69090.64664082452,15000.0,255.0,12096.0,576542.8166666667,23834.533333333333,10994.85,169005.56666666668,73229.81666666667,104539.18333333333,0.0,0.0,0.4776604701265769,1.1666666666666667,4.488792350635132,0.0,0.0,0.0,1.186096718480138,4320.1595310341245,0.0,0.0,0.0,0.0,0.0,0.0,0.0,0.0,0.0,0.0,0.0,0.0,0.0,0.0,0.0,0.0,4874.276666666667,157.43333333333334,0.0,0.0,0.0,10124.045833333334,14573.459299314469,4554.716314349363,0.0,0.0,0.0,64535.93032647569
64,2481.0,51.56611111111111,325.58700209643604,1.3848659003831445,0.2948691025442578,1.4749898365982435,1.3819994860069837,0.5684880421013423,966.6463889752479,785.1147703628442,827.7886276725694,867.066516629524,86.88007284079085,146953.95255800037,1245.1756803619394,383400.1728777054,69717.49686403076,15000.0,255.0,12063.0,557510.9333333333,22840.35,10888.9,169998.76666666666,72558.28333333334,104050.85,0.0,0.0,0.5036444504993327,1.1654518950437318,4.490652675868102,0.0,0.0,0.0,1.185897435897436,3931.6649492945417,0.0,0.0,0.0,0.0,0.0,0.0,0.0,0.0,0.0,0.0,0.0,0.0,0.0,0.0,0.0,0.0,4881.362222222222,157.43333333333334,0.0,0.0,0.0,9785.790277777778,14598.420693507818,4554.716314349363,0.0,0.0,0.0,65162.78054968185
65,2466.75,49.27638888888889,325.5259026687598,1.591745880861848,0.2904211961122592,1.4928791501562864,1.4346694251819818,0.5485554960104004,1172.656111342212,782.9682631018107,805.1137752229773,965.4799224761408,82.18561786085151,146953.95255800034,1241.882263042595,379390.89929044474,69036.0798136162,15000.0,255.0,12047.0,599025.3666666667,23079.35,11169.816666666668,169275.31666666668,71448.61666666667,105284.76666666666,0.0,0.0,0.48605252711307834,1.162037037037037,4.518620806372243,0.0,0.0,0.0,1.1944285714285714,4612.3121407624085,0.0,0.0,0.0,0.0,0.0,0.0,0.0,0.0,0.0,0.0,0.0,0.0,0.0,0.0,0.0,0.0,4871.163888888889,157.43333333333334,0.0,0.0,0.0,10487.568611111112,14559.808719064868,4554.716314349363,0.0,0.0,0.0,64481.363499267274
66,2441.25,50.373333333333335,328.04266666666666,1.288679245283021,0.2906018211895456,1.4527042879541496,1.3969696355372458,0.5523657372496205,1087.7339926732895,712.1229671107304,762.0724950436226,884.836245589053,84.771555092472,146953.9525580004,1230.715944945888,382767.20354013395,69609.91725150874,15000.0,255.0,12101.0,561450.5666666667,22981.233333333334,10614.75,168200.21666666667,70813.68333333333,104314.01666666666,0.0,0.0,0.5089885776608473,1.1536697247706422,4.357398238159017,0.0,0.0,0.0,1.1794285714285715,4015.436040052322,0.0,0.0,0.0,0.0,0.0,0.0,0.0,0.0,0.0,0.0,0.0,0.0,0.0,0.0,0.0,0.0,4824.9025,157.43333333333334,0.0,0.0,0.0,9854.818055555555,14428.894975932808,4554.716314349363,0.0,0.0,0.0,65055.20093716008
67,2505.75,50.68694444444444,329.041843220339,1.641780376868095,0.28303875535140716,1.4269446945269506,1.3748108007573407,0.5517248117142382,1028.8169847737404,782.4393138802081,781.863990589815,897.4856456795886,84.35281998454803,146953.95255800037,1238.5612325967256,379624.7554769727,69075.82606424704,15000.0,255.0,12061.0,568337.9166666666,23508.05,10566.05,167954.85,71309.38333333333,105751.3,0.0,0.0,0.4811329959280502,1.1644144144144144,4.365502330106581,0.0,0.0,0.0,1.1845637583892616,4142.145556379546,0.0,0.0,0.0,0.0,0.0,0.0,0.0,0.0,0.0,0.0,0.0,0.0,0.0,0.0,0.0,0.0,4854.575833333333,157.43333333333334,0.0,0.0,0.0,9973.462222222222,14520.873008747552,4554.716314349363,0.0,0.0,0.0,64521.109749898125
68,2490.0,49.0675,325.482428115016,1.343520309477759,0.285699514838057,1.435833637559341,1.3636543776531138,0.5488228066932783,1200.092847953991,807.5685617193074,840.1099607080226,986.8207587210073,81.42934923515686,146953.95255800043,1233.996688730626,381901.67251080397,69462.81140098217,15000.0,255.0,12093.0,582309.7166666667,24902.716666666667,10217.733333333334,167469.26666666666,72146.31666666667,102985.01666666666,0.0,0.0,0.4935555442919973,1.1522346368715084,4.323057924582713,0.0,0.0,0.0,1.1898625429553265,4365.311272953345,0.0,0.0,0.0,0.0,0.0,0.0,0.0,0.0,0.0,0.0,0.0,0.0,0.0,0.0,0.0,0.0,4838.8966666666665,157.43333333333334,0.0,0.0,0.0,10207.259166666667,14467.358366049179,4554.716314349363,0.0,0.0,0.0,64908.0950866328
69,2515.5,52.562222222222225,323.153412006157,1.64090626939789,0.3017145074104471,1.5403095573276624,1.4433740054524944,0.5886050423036802,1156.3926611431407,941.1969032254341,891.0097682729615,1046.5690497093267,87.22992045162945,146953.9525580004,1275.5179250786384,380558.8470115042,69234.58447382475,15000.0,255.0,12036.0,625068.5166666667,24319.083333333332,11565.7,178107.46666666667,69722.11666666667,106888.6,0.0,0.0,0.49648480443587756,1.1671732522796352,4.6568395349291345,0.0,0.0,0.0,1.1961279461279462,5081.964877213539,0.0,0.0,0.0,0.0,0.0,0.0,0.0,0.0,0.0,0.0,0.0,0.0,0.0,0.0,0.0,0.0,5004.9975,157.43333333333334,0.0,0.0,0.0,10934.031111111111,14954.1527079903,4554.716314349363,0.0,0.0,0.0,64679.86815947608
70,2455.5,49.990833333333335,322.64255765199164,1.3917137476459527,0.28611237389424643,1.4506198686987266,1.4067417560826452,0.5436447017408729,788.3784687484356,738.5295710597579,820.7799140828603,758.0707934610201,84.86114715805866,146953.9525580004,1255.137850651845,377314.5558928636,68683.18401770017,15000.0,255.0,12034.0,518246.86666666664,22641.3,10805.416666666666,171635.63333333333,70437.73333333334,108228.71666666666,0.0,0.0,0.4744589857962363,1.1213592233009708,4.393202390096295,0.0,0.0,0.0,1.2037671232876712,3376.9948096484386,0.0,0.0,0.0,0.0,0.0,0.0,0.0,0.0,0.0,0.0,0.0,0.0,0.0,0.0,0.0,0.0,4924.2988888888885,157.43333333333334,0.0,0.0,0.0,9128.339166666667,14715.217026110575,4554.716314349362,0.0,0.0,0.0,64128.46770335112
71,2427.75,49.89611111111111,322.22118380062307,1.521257861635219,0.28970384500512797,1.4720323661604795,1.4302496374319473,0.5791586893648057,1167.3389579969225,833.7867074248378,816.9729141040066,990.213362200058,84.95164662833247,146953.95255800037,1257.6317415738645,380486.9215605894,69222.36000783526,15000.0,255.0,12042.0,592149.2,22138.016666666666,11050.266666666666,174030.5,71751.18333333333,105483.53333333334,0.0,0.0,0.49833121040319506,1.1767676767676767,4.451308286273315,0.0,0.0,0.0,1.191657110091743,4516.4731687013755,0.0,0.0,0.0,0.0,0.0,0.0,0.0,0.0,0.0,0.0,0.0,0.0,0.0,0.0,0.0,0.0,4932.231388888889,157.43333333333334,0.0,0.0,0.0,10358.523888888889,14744.455365260172,4554.716314349363,0.0,0.0,0.0,64667.64369348664
72,2527.5,52.73583333333333,323.6850912778905,1.5169534735500336,0.29405731893055276,1.4691833302281465,1.3937020699818194,0.5830669413799958,1161.7165849397686,897.9141947958285,944.0506884596921,1027.9255625340036,88.7302289281998,146953.95255800043,1292.4774827290053,378367.0070598381,68862.05885731829,15000.0,255.0,12032.0,625060.0666666667,23559.016666666666,11185.15,179190.58333333334,73851.91666666667,107972.86666666667,0.0,0.0,0.48663544447583673,1.1907692307692308,4.539222066731834,0.0,0.0,0.0,1.195142378559464,5100.795069196511,0.0,0.0,0.0,0.0,0.0,0.0,0.0,0.0,0.0,0.0,0.0,0.0,0.0,0.0,0.0,0.0,5069.288611111111,157.43333333333334,0.0,0.0,0.0,10938.719722222222,15152.986303329899,4554.716314349363,0.0,0.0,0.0,64307.342542968894
73,2471.25,50.95583333333333,326.5657142857143,1.770410156250001,0.2839764589121545,1.4512815096226335,1.3853774343629686,0.5276407020490445,1135.930656118356,865.0196278920142,888.5798192456148,994.3761413548416,85.2477990678405,146953.95255800037,1246.1149652076722,380287.5261845429,69188.47072438925,15000.0,255.0,12062.0,602166.9,21951.166666666668,10590.8,169748.63333333333,70647.2,107791.46666666666,0.0,0.0,0.49541039669133996,1.146774193548387,4.358571883081298,0.0,0.0,0.0,1.1953389830508474,4695.1126807637775,0.0,0.0,0.0,0.0,0.0,0.0,0.0,0.0,0.0,0.0,0.0,0.0,0.0,0.0,0.0,0.0,4887.742222222222,157.43333333333334,0.0,0.0,0.0,10521.595555555556,14609.432854719595,4554.716314349363,0.0,0.0,0.0,64633.75441004002
74,2425.5,51.11,328.44973821989527,1.4247667910447785,0.29050896796489556,1.497021782296681,1.4028036298336315,0.5515742191227958,1025.7046837248372,785.2012174384233,798.491021160876,897.9325828478147,85.66354410616705,146953.95255800034,1250.0941921352123,380366.3891170745,69201.87428633204,15000.0,255.0,12060.0,564229.7166666667,23040.233333333334,11229.4,173353.16666666666,70368.0,105656.78333333334,0.0,0.0,0.4818258959173957,1.1108695652173912,4.483577394901144,0.0,0.0,0.0,1.1901223776223777,4103.302477897056,0.0,0.0,0.0,0.0,0.0,0.0,0.0,0.0,0.0,0.0,0.0,0.0,0.0,0.0,0.0,0.0,4901.045277777778,157.43333333333334,0.0,0.0,0.0,9906.436944444444,14656.085250553675,4554.716314349363,0.0,0.0,0.0,64647.157971982706
75,2462.25,51.749722222222225,322.4381846635368,1.7109313725490178,0.28580877597878523,1.447425675074408,1.373759419409134,0.55606018272737,1059.1479622035076,796.6458657472095,787.9268795019593,919.5996078704187,85.59477459016394,146953.9525580004,1258.126412958829,378719.6543429592,68921.99486973244,15000.0,255.0,12077.0,582598.15,23502.85,10878.033333333333,171983.6,69997.05,108397.26666666666,0.0,0.0,0.48110670619160745,1.1756134969325154,4.477690049800086,0.0,0.0,0.0,1.180579216354344,4377.805022134233,0.0,0.0,0.0,0.0,0.0,0.0,0.0,0.0,0.0,0.0,0.0,0.0,0.0,0.0,0.0,0.0,4933.461111111111,157.43333333333334,0.0,0.0,0.0,10219.349444444444,14750.254885036187,4554.716314349363,0.0,0.0,0.0,64367.27855538363
76,2504.25,51.43416666666667,325.48673469387757,1.3363531353135338,0.28576357567934585,1.4057870768461123,1.3633894838520209,0.5599757340582179,1032.4188122695962,766.942832180302,816.1215722554039,892.1819161198393,85.48909976917159,146953.95255800037,1265.0178043603835,380258.411228448,69183.52233983176,15000.0,255.0,12037.0,564420.3333333334,22588.766666666666,10299.216666666667,174320.86666666667,71509.85,108104.33333333333,0.0,0.0,0.4846844510893023,1.1966019417475728,4.419149694247951,0.0,0.0,0.0,1.189799331103679,4061.162516515502,0.0,0.0,0.0,0.0,0.0,0.0,0.0,0.0,0.0,0.0,0.0,0.0,0.0,0.0,0.0,0.0,4960.186388888889,157.43333333333334,0.0,0.0,0.0,9891.76,14831.049452766707,4554.716314349363,0.0,0.0,0.0,64628.80602548264
77,2461.5,51.870555555555555,322.82358974358976,1.6598837209302315,0.28388817794568444,1.4320267813022458,1.3698516955214466,0.5820765358631801,1028.2674641285967,846.1042511721009,812.0672423483151,929.4817966098864,87.52791482731757,146953.95255800043,1258.8365980349429,378692.3238670504,68917.34977583289,15000.0,255.0,12036.0,576736.3166666667,22802.1,10574.633333333333,171014.15,72191.31666666667,106871.05,0.0,0.0,0.4857202188192652,1.1932835820895522,4.385718525962197,0.0,0.0,0.0,1.1849137931034484,4274.325317465742,0.0,0.0,0.0,0.0,0.0,0.0,0.0,0.0,0.0,0.0,0.0,0.0,0.0,0.0,0.0,0.0,4935.944166666667,157.43333333333334,0.0,0.0,0.0,10104.66138888889,14758.581084041663,4554.716314349363,0.0,0.0,0.0,64362.633461483674
78,2434.5,50.8475,324.13034518289544,1.361782178217826,0.28576423428995523,1.4706204396596696,1.3873466973516289,0.5690301393911191,1077.2296470726183,886.218211337874,879.3943002213334,975.665206766028,85.42600312662846,146953.9525580004,1276.6236998122647,379742.92752474593,69095.9106123538,15000.0,255.0,12049.0,585578.5166666667,22002.066666666666,10573.816666666668,178594.01666666666,72906.93333333333,105841.85,0.0,0.0,0.4890971426321374,1.1904761904761905,4.539945337549003,0.0,0.0,0.0,1.1966879721092387,4424.099676457956,0.0,0.0,0.0,0.0,0.0,0.0,0.0,0.0,0.0,0.0,0.0,0.0,0.0,0.0,0.0,0.0,5007.345833333334,157.43333333333334,0.0,0.0,0.0,10247.700555555555,14967.116794109474,4554.716314349363,0.0,0.0,0.0,64541.19429800449
79,2515.5,51.37027777777778,323.47772020725387,1.5899523809523801,0.2800756916298521,1.3878776038925416,1.3746354539403436,0.573305492895806,673.096091146702,793.7128611791578,879.9460917289209,736.9932950437893,84.58683401639344,146953.95255800037,1249.6264425508214,376775.6962113275,68591.59930371465,15000.0,255.0,12042.0,493127.31666666665,21685.983333333334,10406.95,169353.41666666666,69222.0,109522.68333333333,0.0,0.0,0.4685078685886176,1.1592987804878048,4.237914636665029,0.0,0.0,0.0,1.198905109489051,2974.177386221159,0.0,0.0,0.0,0.0,0.0,0.0,0.0,0.0,0.0,0.0,0.0,0.0,0.0,0.0,0.0,0.0,4901.903888888889,157.43333333333334,0.0,0.0,0.0,8697.28638888889,14650.601361557232,4554.716314349363,0.0,0.0,0.0,64036.882989365506
80,2543.25,51.543055555555554,325.780010303967,1.4198581560283734,0.2964052894200805,1.490975230251498,1.378969398703371,0.5526926837678667,1127.5519955822795,834.5505130237614,850.1556706206053,966.9055580478861,85.83119548486404,146953.95255800037,1259.5586671516799,382067.72313007084,69491.03340198545,15000.0,255.0,12063.0,590666.0833333334,22756.216666666667,10878.133333333333,172263.33333333334,71527.03333333334,107675.6,0.0,0.0,0.4985991965943942,1.1711711711711712,4.544321646083558,0.0,0.0,0.0,1.1922757475083057,4488.053298605604,0.0,0.0,0.0,0.0,0.0,0.0,0.0,0.0,0.0,0.0,0.0,0.0,0.0,0.0,0.0,0.0,4935.876388888889,157.43333333333334,0.0,0.0,0.0,10344.226666666667,14767.046611358024,4554.716314349363,0.0,0.0,0.0,64936.31708763627
81,2475.0,52.346944444444446,323.00105097214924,1.5583021806853565,0.2965741932182389,1.5263131819073297,1.4300650399333972,0.5624348500778209,941.5151897645609,826.3246195785556,875.3780505920053,878.5050288372421,87.72359200622891,146953.95255800034,1233.474278406669,381028.13990493596,69314.34560068855,15000.0,255.0,12091.0,557578.35,21322.1,11505.283333333333,167142.86666666667,70592.18333333333,107471.18333333333,0.0,0.0,0.48857094764324277,1.1333865814696487,4.58430555468751,0.0,0.0,0.0,1.2033200908059023,3988.656860095756,0.0,0.0,0.0,0.0,0.0,0.0,0.0,0.0,0.0,0.0,0.0,0.0,0.0,0.0,0.0,0.0,4837.186111111111,157.43333333333334,0.0,0.0,0.0,9787.6075,14461.233635375478,4554.716314349363,0.0,0.0,0.0,64759.62928633952
82,2508.0,51.580555555555556,323.293023255814,1.277585638998687,0.28181025228950024,1.4242211256024029,1.3864749661388258,0.5681033394208246,945.1982809073301,821.7437743998553,909.9747317930937,874.3652543663594,86.97980321077162,146953.95255800037,1277.6324370349223,377017.50488921336,68632.69716158436,15000.0,255.0,12068.0,553566.0,21752.533333333333,10301.55,177399.2,71737.0,109214.71666666666,0.0,0.0,0.47341638789970647,1.1299342105263157,4.439435074315534,0.0,0.0,0.0,1.1978417266187051,3927.3572675288974,0.0,0.0,0.0,0.0,0.0,0.0,0.0,0.0,0.0,0.0,0.0,0.0,0.0,0.0,0.0,0.0,5013.5175,157.43333333333334,0.0,0.0,0.0,9705.96388888889,14978.943213929431,4554.716314349363,0.0,0.0,0.0,64077.98084723556
83,2501.25,51.83694444444444,324.597510373444,1.5744993540051664,0.2863229087016003,1.4375804716028142,1.3916202534519226,0.5573670369103476,1107.246843052115,847.1456867260107,874.2364603684023,969.2803267457163,86.3227214377407,146953.95255800034,1251.6765455850068,380300.67722719396,69190.705878588,15000.0,255.0,12056.0,588532.25,22508.05,10681.233333333334,174407.38333333333,70708.93333333333,106714.63333333333,0.0,0.0,0.48629906389869754,1.1590909090909092,4.415448597838426,0.0,0.0,0.0,1.1888571428571428,4490.998847255152,0.0,0.0,0.0,0.0,0.0,0.0,0.0,0.0,0.0,0.0,0.0,0.0,0.0,0.0,0.0,0.0,4910.800277777777,157.43333333333334,0.0,0.0,0.0,10319.885277777777,14674.636738275569,4554.716314349363,0.0,0.0,0.0,64635.989564238844
84,2531.25,50.849444444444444,324.79898218829516,1.3652215799614664,0.29677867700642985,1.5146416585714104,1.4190856250194919,0.5697417200840098,1293.6243602621123,884.3736157207031,879.1125034396249,1083.0996128714057,83.96142131979695,146953.95255800037,1276.451052854725,379990.81363324175,69138.041391711,15000.0,255.0,12053.0,632699.4833333333,21820.85,11128.466666666667,182330.53333333333,68750.11666666667,109064.91666666667,0.0,0.0,0.49764423879538056,1.160828025477707,4.622841349000657,0.0,0.0,0.0,1.193801652892562,5195.869531746993,0.0,0.0,0.0,0.0,0.0,0.0,0.0,0.0,0.0,0.0,0.0,0.0,0.0,0.0,0.0,0.0,5007.704166666666,157.43333333333334,0.0,0.0,0.0,11055.330277777777,14965.092683811366,4554.716314349363,0.0,0.0,0.0,64583.325077362366
85,2492.25,50.9025,329.2044374009509,1.5340765338393432,0.28389710573241467,1.4184711790011386,1.3716593021840575,0.5489557685965791,833.2200162432612,745.9047645055828,845.529127635895,782.3999680128646,85.2378728923476,146953.95255800037,1231.2529120409524,380274.757992457,69186.30063956037,15000.0,255.0,12108.0,532190.7833333333,20947.933333333334,10512.6,169621.05,69514.33333333333,106658.88333333333,0.0,0.0,0.47357117602914434,1.1444805194805194,4.293534009675912,0.0,0.0,0.0,1.1960592509782002,3522.5385226534754,0.0,0.0,0.0,0.0,0.0,0.0,0.0,0.0,0.0,0.0,0.0,0.0,0.0,0.0,0.0,0.0,4829.0072222222225,157.43333333333334,0.0,0.0,0.0,9357.335277777778,14435.190369969152,4554.716314349363,0.0,0.0,0.0,64631.584325211246
86,2554.5,51.493611111111115,326.0015447991761,1.3961538461538487,0.2922456191811314,1.4957701147652698,1.4224076497745453,0.569322995214065,1187.3218166698693,862.8960242227836,792.9879348549786,1013.1960687382845,86.74740932642487,146953.95255800043,1282.5887145202958,379078.9839312704,68983.06660825593,15000.0,255.0,12060.0,605730.2333333333,21842.616666666665,11110.766666666666,179615.08333333334,71888.8,108646.0,0.0,0.0,0.48661819235012516,1.1203125,4.568995825539085,0.0,0.0,0.0,1.1993446204259968,4762.302966422364,0.0,0.0,0.0,0.0,0.0,0.0,0.0,0.0,0.0,0.0,0.0,0.0,0.0,0.0,0.0,0.0,5034.468055555555,157.43333333333334,0.0,0.0,0.0,10596.366666666667,15037.050535608152,4554.7163143493635,0.0,0.0,0.0,64428.35029390666
87,2538.0,50.63361111111111,325.8118759852864,1.6417480468750003,0.29134088678726316,1.4668886925781777,1.4024475732627157,0.5627026855434271,1133.0119299709436,793.0094778922321,778.4895161350189,959.1861268105563,82.847119078105,146953.9525580004,1242.1783615415836,381213.5434104625,69345.85682263991,15000.0,255.0,12099.0,585352.8666666667,21643.933333333334,10935.7,170678.95,70206.53333333334,106599.68333333333,0.0,0.0,0.4938816096678493,1.1568181818181817,4.53214720485437,0.0,0.0,0.0,1.1965871254162042,4407.726693285286,0.0,0.0,0.0,0.0,0.0,0.0,0.0,0.0,0.0,0.0,0.0,0.0,0.0,0.0,0.0,0.0,4870.451666666667,157.43333333333334,0.0,0.0,0.0,10255.492777777778,14563.280173352963,4554.716314349363,0.0,0.0,0.0,64791.140508291144
88,2599.5,50.68611111111111,323.7849846782431,1.4461315280464249,0.2991497979222993,1.4749892828758149,1.407175423301511,0.591387253554919,1043.1241482900673,811.0804458009137,889.0971010499028,917.9690561024786,82.77361357305647,146953.95255800037,1268.4273186211217,379304.6713788845,69021.42449816389,15000.0,255.0,12063.0,581303.6,22452.266666666666,11156.866666666667,172341.2,71011.2,110294.41666666667,0.0,0.0,0.48580356547932146,1.1697247706422018,4.669687167320174,0.0,0.0,0.0,1.204891304347826,4351.938300139167,0.0,0.0,0.0,0.0,0.0,0.0,0.0,0.0,0.0,0.0,0.0,0.0,0.0,0.0,0.0,0.0,4974.918888888889,157.43333333333334,0.0,0.0,0.0,10184.559444444445,14871.022545980662,4554.716314349363,0.0,0.0,0.0,64466.70818381493
89,2537.25,52.0775,323.866085171883,1.825082345191038,0.28826894933355895,1.4261177796480835,1.3865769129398584,0.5554173009712057,1098.924660937215,799.9635061872854,758.7119235563111,935.1876011582265,85.48883756735951,146953.9525580004,1268.01159296902,380921.0171719652,69296.13899663721,15000.0,255.0,12075.0,576007.3666666667,22344.333333333332,10701.7,177160.38333333333,72281.35,105517.73333333334,0.0,0.0,0.4928023100278151,1.1685082872928176,4.438854965864875,0.0,0.0,0.0,1.1938170525127048,4274.5866602940605,0.0,0.0,0.0,0.0,0.0,0.0,0.0,0.0,0.0,0.0,0.0,0.0,0.0,0.0,0.0,0.0,4973.606111111111,157.43333333333334,0.0,0.0,0.0,10087.988888888889,14866.148584773322,4554.716314349363,0.0,0.0,0.0,64741.42268228839
90,2468.25,49.034444444444446,321.62928348909657,1.364029947916671,0.28748606611254435,1.4599771899643013,1.4369333266051183,0.5686997270447102,1101.7543522928052,846.677026426921,860.9153047425664,961.3104622015966,82.34235627739108,146953.95255800037,1244.975900785323,380623.8753647428,69245.63670752563,15000.0,255.0,12082.0,586542.45,21338.45,10798.316666666668,169193.18333333332,69656.03333333334,108885.88333333333,0.0,0.0,0.479954699902204,1.1454081632653061,4.585705948502363,0.0,0.0,0.0,1.192781197537773,4416.954543132391,0.0,0.0,0.0,0.0,0.0,0.0,0.0,0.0,0.0,0.0,0.0,0.0,0.0,0.0,0.0,0.0,4887.3966666666665,157.43333333333334,0.0,0.0,0.0,10251.130277777778,14596.078480797307,4554.716314349363,0.0,0.0,0.0,64690.920393176595
91,2466.75,49.85583333333334,325.05787278415016,1.6067628205128204,0.2859615195723438,1.4851270998385682,1.3732042588794429,0.5474214234084933,1198.9775150498826,733.0586192394875,783.9534464752899,954.748412159741,83.22636622636622,146953.9525580004,1253.3314198259054,380169.1004848764,69168.34306554953,15000.0,255.0,12105.0,578083.1166666667,21926.15,10829.95,173843.58333333334,69472.65,106776.88333333333,0.0,0.0,0.4768151496820171,1.162379421221865,4.470103023560097,0.0,0.0,0.0,1.186056338028169,4295.307023149768,0.0,0.0,0.0,0.0,0.0,0.0,0.0,0.0,0.0,0.0,0.0,0.0,0.0,0.0,0.0,0.0,4916.97,157.43333333333334,0.0,0.0,0.0,10123.605555555556,14694.038458646894,4554.716314349363,0.0,0.0,0.0,64613.62675120046
92,2641.5,51.41277777777778,322.92933401118455,1.3009853039412196,0.2926874282273927,1.4375073588966345,1.406412544235931,0.575427587218762,1038.4314063770662,799.5963681206846,804.9169599253306,907.7049951955382,82.38617074388418,146953.95255800037,1275.7558627605345,378563.5809735427,68895.46860438221,15000.0,255.0,12036.0,579100.75,22647.35,10431.733333333334,175753.85,71306.76666666666,109226.93333333333,0.0,0.0,0.48668358074802787,1.10659509202454,4.610172929038395,0.0,0.0,0.0,1.2125199362041468,4311.346586902364,0.0,0.0,0.0,0.0,0.0,0.0,0.0,0.0,0.0,0.0,0.0,0.0,0.0,0.0,0.0,0.0,5006.174166666667,157.43333333333334,0.0,0.0,0.0,10140.15888888889,14956.942285745317,4554.7163143493635,0.0,0.0,0.0,64340.752290033044
93,2549.25,49.844166666666666,323.86663124335814,1.6317607003891044,0.28773951943016296,1.4250496952788363,1.370001452210274,0.5559006672128457,893.3173207130571,719.4223792392605,816.9168908734512,798.5969834425816,81.83083946233832,146953.95255800034,1234.7151372545673,381370.4388745112,69372.52281138062,15000.0,255.0,12145.0,522685.93333333335,22610.016666666666,10504.25,172830.6,66500.5,106440.83333333333,0.0,0.0,0.48732574731715145,1.1421428571428571,4.385147357457557,0.0,0.0,0.0,1.1836453744493391,3400.2484895021917,0.0,0.0,0.0,0.0,0.0,0.0,0.0,0.0,0.0,0.0,0.0,0.0,0.0,0.0,0.0,0.0,4842.769166666667,157.43333333333334,0.0,0.0,0.0,9206.631388888889,14475.781445590968,4554.716314349363,0.0,0.0,0.0,64817.80649703126
94,2558.25,51.06777777777778,325.7473849372385,1.4201855406270034,0.2889620707745553,1.478083874385589,1.4074366213907226,0.58786302302698,1016.0140168995586,841.1213902580763,871.7233076376924,918.959302039855,83.122495561755,146953.95255800034,1251.5677569878237,380599.35323717387,69241.46892114921,15000.0,255.0,12092.0,569574.5333333333,21711.333333333332,10882.283333333333,174973.5,68816.36666666667,106893.5,0.0,0.0,0.4833479435783789,1.160828025477707,4.482445060459969,0.0,0.0,0.0,1.1922554347826086,4167.99096769632,0.0,0.0,0.0,0.0,0.0,0.0,0.0,0.0,0.0,0.0,0.0,0.0,0.0,0.0,0.0,0.0,4911.181388888889,157.43333333333334,0.0,0.0,0.0,9989.920277777777,14673.36130242067,4554.716314349363,0.0,0.0,0.0,64686.75260680035
95,2511.75,51.29527777777778,324.8023797206415,1.6702721088435382,0.28876739437426147,1.5190376420159186,1.3788050011373814,0.5453076142501143,1366.535924500689,823.4724258829019,793.6991249081306,1084.6082757197394,86.03617571059432,146953.95255800043,1269.8815230556772,377365.20615420135,68691.792547632,15000.0,255.0,12089.0,636601.6666666666,22206.4,10833.133333333333,178355.41666666666,71400.63333333333,106234.16666666667,0.0,0.0,0.47452425153077193,1.1810850439882699,4.784079506934537,0.0,0.0,0.0,1.194224235560589,5234.13877057751,0.0,0.0,0.0,0.0,0.0,0.0,0.0,0.0,0.0,0.0,0.0,0.0,0.0,0.0,0.0,0.0,4980.620555555555,157.43333333333334,0.0,0.0,0.0,11105.072222222223,14888.071616601745,4554.716314349363,0.0,0.0,0.0,64137.076233283
96,2575.5,52.16722222222222,326.86101175268266,1.451039636127359,0.2958873213995745,1.4847381152837746,1.3976527284404952,0.5800607116133066,1042.0465040828726,787.832493065412,829.331906491887,904.6076386809974,84.16670870113494,146953.9525580004,1262.0462961306541,380161.3298346571,69167.02236407196,15000.0,255.0,12051.0,567035.7166666667,21978.85,11037.683333333332,172453.1,70199.18333333333,110889.95,0.0,0.0,0.48757652871273366,1.1322115384615385,4.6326954968683225,0.0,0.0,0.0,1.1986245954692556,4137.826107266662,0.0,0.0,0.0,0.0,0.0,0.0,0.0,0.0,0.0,0.0,0.0,0.0,0.0,0.0,0.0,0.0,4953.873055555556,157.43333333333334,0.0,0.0,0.0,9955.3275,14796.21153558295,4554.716314349363,0.0,0.0,0.0,64612.30604972335
97,2532.75,51.68083333333333,326.6350178662583,1.68130764163373,0.29263380467561206,1.524495424291258,1.416396949614617,0.5477450805105251,1098.118701175909,847.4999772110177,866.3218677211617,963.1293573241885,84.71348457812898,146953.95255800034,1271.3364609941525,380630.60601660796,69246.78065064762,15000.0,255.0,12073.0,596320.8333333334,23125.583333333332,11100.416666666666,177003.05,70249.55,107069.28333333334,0.0,0.0,0.48842172006697177,1.1779411764705883,4.693057346907435,0.0,0.0,0.0,1.19253355704698,4612.587013785093,0.0,0.0,0.0,0.0,0.0,0.0,0.0,0.0,0.0,0.0,0.0,0.0,0.0,0.0,0.0,0.0,4985.0327777777775,157.43333333333334,0.0,0.0,0.0,10444.434444444445,14905.129286811414,4554.716314349363,0.0,0.0,0.0,64692.064336299074
98,2569.5,53.61138888888889,323.14101904271746,1.3318255512321693,0.2946210466245817,1.4592009169339348,1.4241827772478268,0.568382459694092,1106.5902983486671,799.0605665978854,823.1669298592521,939.024165513632,86.10205616850551,146953.9525580004,1269.7631931011074,379660.43201414397,69081.88965661544,15000.0,255.0,12068.0,590177.4833333333,22086.733333333334,10783.633333333333,177146.23333333334,69338.95,108839.5,0.0,0.0,0.4865675857165595,1.1599378881987579,4.596454419767837,0.0,0.0,0.0,1.2,4479.666949591977,0.0,0.0,0.0,0.0,0.0,0.0,0.0,0.0,0.0,0.0,0.0,0.0,0.0,0.0,0.0,0.0,4979.545555555555,157.43333333333334,0.0,0.0,0.0,10336.316388888888,14886.684318018077,4554.716314349363,0.0,0.0,0.0,64527.1733422667
99,2460.75,51.021388888888886,323.6512714063311,1.5879174852652254,0.28205715944733706,1.447491323088905,1.3782163536760417,0.5589860789394886,968.9951696860807,748.3441457250765,845.7895445081257,849.6483978229058,84.2925831202046,146953.9525580004,1249.4421486929048,379062.77663923573,68980.3120132182,15000.0,255.0,12103.0,548530.4666666667,22275.316666666666,10549.2,175300.86666666667,67704.33333333333,107920.36666666667,0.0,0.0,0.4759464234110137,1.1536697247706422,4.449686663625634,0.0,0.0,0.0,1.1926159129937035,3826.957991860672,0.0,0.0,0.0,0.0,0.0,0.0,0.0,0.0,0.0,0.0,0.0,0.0,0.0,0.0,0.0,0.0,4904.4775,157.43333333333334,0.0,0.0,0.0,9641.433611111112,14648.440703176571,4554.716314349363,0.0,0.0,0.0,64425.595698869074
100,2562.75,50.693888888888885,322.9544764795144,1.4701333333333368,0.2895424227733738,1.4218404206379411,1.403520056060944,0.5322854405153633,1011.5529212836412,849.473910573997,811.910505644923,923.5811738012135,84.75971186004631,146953.95255800037,1267.6825764531181,377926.2379285965,68787.14563556205,15000.0,255.0,12076.0,577019.95,20482.316666666666,10634.733333333334,175948.53333333333,71050.7,110578.21666666666,0.0,0.0,0.4772927565851699,1.1656626506024097,4.570708125067453,0.0,0.0,0.0,1.1961242440901594,4307.7365248044935,0.0,0.0,0.0,0.0,0.0,0.0,0.0,0.0,0.0,0.0,0.0,0.0,0.0,0.0,0.0,0.0,4973.299166666667,157.43333333333334,0.0,0.0,0.0,10126.002222222221,14862.291200156797,4554.716314349363,0.0,0.0,0.0,64232.42932121306
