Iteration,RHSummary_deadheadingPerRideHailTrips,RHSummary_multiPassengerTripsPerPoolTrips,RHSummary_multiPassengerTripsPerRideHailTrips,RHSummary_unmatchedPerRideHailRequests,RideTripsWith0Passengers,RideTripsWith1Passengers,RideTripsWith2Passengers,RideTripsWith3Passengers,agencyRevenue_BART,agencyRevenue_SFMTA,agentHoursOnCrowdedTransit,averageMTWaitingTimeInSec,averageOnDemandRideWaitTimeInMin,averageTripExpenditure,averageTripExpenditure_Commute,averageTripExpenditure_Home,averageTripExpenditure_Secondary,averageTripExpenditure_Work,averageVehicleDelayPerMotorizedLeg_home,averageVehicleDelayPerMotorizedLeg_secondary,averageVehicleDelayPerMotorizedLeg_work,averageVehicleDelayPerPassengerTrip,averagekWhPerDriver_CAV,averagekWhPerDriver_Human,busCrowding,chargingCountPerDriver_CAV,chargingCountPerDriver_Human,fuelConsumedInMJ_Diesel,fuelConsumedInMJ_Electricity,fuelConsumedInMJ_Food,fuelConsumedInMJ_Gasoline,personTravelTime_bike,personTravelTime_bike_transit,personTravelTime_car,personTravelTime_cav,personTravelTime_mixed_mode,personTravelTime_onDemandRide,personTravelTime_onDemandRide_pooled,personTravelTime_walk,personTravelTime_walk_transit,tollRevenue,totalCost_bike,totalCost_bike_transit,totalCost_car,totalCost_cav,totalCost_drive_transit,totalCost_onDemandRide,totalCost_onDemandRide_pooled,totalCost_onDemandRide_transit,totalCost_transit,totalCost_walk,totalCost_walk_transit,totalHoursOfVehicleTrafficDelay,totalIncentive_bike,totalIncentive_bike_transit,totalIncentive_car,totalIncentive_cav,totalIncentive_drive_transit,totalIncentive_onDemandRide,totalIncentive_onDemandRide_pooled,totalIncentive_onDemandRide_transit,totalIncentive_transit,totalIncentive_walk,totalIncentive_walk_transit,totalToll_bike,totalToll_bike_transit,totalToll_car,totalToll_cav,totalToll_drive_transit,totalToll_onDemandRide,totalToll_onDemandRide_pooled,totalToll_onDemandRide_transit,totalToll_transit,totalToll_walk,totalToll_walk_transit
0,0.6293082153112433,0.1655011655011655,0.1265597147950089,0.003552397868561279,2499.0,558.0,36.0,1.0,7.15,37.0,0.0,595.75,5.286898395721927,0.18863165840319682,4.830619474300781E-5,4.9686595051232394E-5,4.9686595051232394E-5,4.830619474300781E-5,47.048296599002875,42.21758218525316,42.21758218525316,52.809459814804995,0.0,0.0,705.0357142857143,0.0,0.0,805144.0136873586,0.0,1624.469977592602,53893.14998302925,1703.5333333333333,532.5,5521.066666666667,5994.6,107.26666666666667,925.8666666666667,5471.816666666667,5758.35,276.9666666666667,0.0,0.0,24.0,543.4882981239624,0.0,0.0,696.1190638595401,1750.3828634319218,0.0,0.0,0.0,20.15,5120.63993235378,0.0,0.0,0.0,0.0,0.0,0.0,0.0,0.0,0.0,0.0,0.0,0.0,0.0,0.0,0.0,0.0,0.0,0.0,0.0,0.0,0.0,0.0
1,0.6441784835747908,0.16756756756756758,0.12109375,0.001949317738791423,2452.0,508.0,32.0,2.0,5.2,12.0,0.0,595.75,5.349674479166662,0.17750108456668465,5.1423357375787944E-5,4.7239519111772434E-5,4.7239519111772434E-5,5.1423357375787944E-5,78.68913651684888,97.80106406215113,97.80106406215113,53.11535734649617,0.0,0.0,674.0,0.0,0.0,805144.0136873585,0.0,1717.3574512596394,56004.118182636965,1618.3666666666668,0,5665.35,6940.533333333334,44.96666666666667,1035.1833333333334,4891.0,7766.8,276.9666666666667,0.0,0.0,0.0,531.449479720991,0.0,0.0,764.0244903666872,1542.430975167445,0.0,0.0,0.0,17.2,5149.430614881296,0.0,0.0,0.0,0.0,0.0,0.0,0.0,0.0,0.0,0.0,0.0,0.0,0.0,0.0,0.0,0.0,0.0,0.0,0.0,0.0,0.0,0.0
2,0.6266978303726973,0.1588089330024814,0.11895910780669144,0.005545286506469501,2460.0,534.0,33.0,2.0,7.15,18.0,0.0,595.75,5.340768277571248,0.18805879404996764,5.244301333619877E-5,4.618881339130951E-5,4.618881339130951E-5,5.244301333619877E-5,85.12995560063042,105.49900444105347,105.49900444105347,53.200896259395144,0.0,0.0,776.2142857142857,0.0,0.0,805144.0136873584,0.0,1699.0086567396693,55256.895036737566,1812.4166666666667,58.8,5998.816666666667,6637.9,146.2,981.7166666666667,5471.016666666666,8392.683333333332,276.9666666666667,0.0,0.0,2.0,551.2179660133753,0.0,0.0,773.6018528589185,1674.9558834214358,0.0,0.0,0.0,23.15,5156.629872182522,0.0,0.0,0.0,0.0,0.0,0.0,0.0,0.0,0.0,0.0,0.0,0.0,0.0,0.0,0.0,0.0,0.0,0.0,0.0,0.0,0.0,0.0
3,0.640304335774697,0.14248704663212436,0.10638297872340426,0.0019305019305019305,2447.0,514.0,28.0,1.0,5.2,16.0,0.0,611.8,5.392875564152156,0.18287708607736605,5.222994197929127E-5,4.657150655183492E-5,4.657150655183492E-5,5.222994197929127E-5,92.97674868631022,107.54180426787146,107.54180426787146,53.23352990020065,0.0,0.0,827.4166666666666,0.0,0.0,805144.0136873585,0.0,1642.4986700821987,56840.89978061409,1712.4666666666667,24.733333333333334,5825.116666666667,7174.333333333333,83.0,988.0,5211.5,7681.383333333333,364.31666666666666,0.0,0.0,2.0,541.2492056764135,0.0,0.0,735.3184617775017,1643.8102621005173,0.0,0.0,0.0,19.2,5161.537846215094,0.0,0.0,0.0,0.0,0.0,0.0,0.0,0.0,0.0,0.0,0.0,0.0,0.0,0.0,0.0,0.0,0.0,0.0,0.0,0.0,0.0,0.0
4,0.635808655838416,0.164021164021164,0.12109375,0.007751937984496124,2439.0,508.0,32.0,2.0,3.25,20.0,0.0,556.5,5.502897135416664,0.18894283135097467,5.333198124986106E-5,4.867004628012331E-5,4.867004628012331E-5,5.333198124986106E-5,96.02503478886398,105.7602010555953,105.7602010555953,53.24669454232695,0.0,0.0,877.875,0.0,0.0,805144.0136873584,0.0,2012.615727246635,55772.19404668895,1713.5833333333333,122.75,5857.583333333333,6955.183333333333,168.75,1036.0166666666667,5279.283333333334,9405.0,280.8666666666667,0.0,0.0,5.0,554.4784242923523,0.0,0.0,787.457140304537,1673.959877683541,0.0,0.0,0.0,18.25,5162.267035878598,0.0,0.0,0.0,0.0,0.0,0.0,0.0,0.0,0.0,0.0,0.0,0.0,0.0,0.0,0.0,0.0,0.0,0.0,0.0,0.0,0.0,0.0
5,0.6451208421208203,0.15616438356164383,0.11632653061224489,0.006085192697768763,2424.0,488.0,29.0,1.0,5.2,19.0,0.0,516.6666666666666,5.464829931972789,0.178973740724377,5.18523956836609E-5,4.590771327927575E-5,4.590771327927575E-5,5.18523956836609E-5,90.51853156641832,96.91702844456573,96.91702844456573,53.216989686844705,0.0,0.0,719.2,0.0,0.0,805144.0136873585,0.0,1944.5627346291315,56091.9970961987,2144.5333333333333,149.5,5709.033333333334,7172.766666666666,121.48333333333333,924.4333333333334,5067.8,9396.066666666666,231.06666666666666,0.0,0.0,6.0,554.3511009866332,0.0,0.0,695.1179249533873,1605.123593611587,0.0,0.0,0.0,18.2,5159.638452590893,0.0,0.0,0.0,0.0,0.0,0.0,0.0,0.0,0.0,0.0,0.0,0.0,0.0,0.0,0.0,0.0,0.0,0.0,0.0,0.0,0.0,0.0
6,0.6428944112990354,0.15733333333333333,0.11637080867850098,0.0058823529411764705,2434.0,504.0,30.0,1.0,7.15,20.0,0.0,595.75,5.415581854043392,0.1858316809668389,5.068117596834943E-5,4.6867182350290335E-5,4.6867182350290335E-5,5.068117596834943E-5,90.86862376751947,99.344367231767,99.344367231767,53.24933100791083,0.0,0.0,672.3571428571429,0.0,0.0,805144.0136873586,0.0,1961.486553400902,56638.30284386103,2040.4333333333334,55.61666666666667,5575.816666666667,7244.416666666667,153.71666666666667,1003.8833333333333,5200.266666666666,8865.55,314.51666666666665,0.0,0.0,2.0,540.3683729376396,0.0,0.0,750.6807054070855,1670.9035100068763,0.0,0.0,0.0,25.15,5163.143883412048,0.0,0.0,0.0,0.0,0.0,0.0,0.0,0.0,0.0,0.0,0.0,0.0,0.0,0.0,0.0,0.0,0.0,0.0,0.0,0.0,0.0,0.0
7,0.6531850488333801,0.12777777777777777,0.09349593495934959,0.002028397565922921,2425.0,488.0,24.0,2.0,5.2,15.0,0.0,556.5,5.585907859078589,0.17785720259565843,4.9772903098317066E-5,4.5388199589907684E-5,4.5388199589907684E-5,4.9772903098317066E-5,90.11987266403675,101.97309473859823,101.97309473859823,53.24803228466902,0.0,0.0,780.25,0.0,0.0,805144.0136873585,0.0,2152.1664178486267,56371.84603277011,2200.45,32.16666666666667,5788.283333333333,7049.55,122.7,1003.3166666666666,5039.233333333334,9776.866666666667,318.41666666666663,0.0,0.0,2.0,563.180077276292,0.0,0.0,732.2803876631451,1545.1726388117297,0.0,0.0,0.0,18.2,5162.160072077397,0.0,0.0,0.0,0.0,0.0,0.0,0.0,0.0,0.0,0.0,0.0,0.0,0.0,0.0,0.0,0.0,0.0,0.0,0.0,0.0,0.0,0.0
8,0.6469222940682733,0.14127423822714683,0.10408163265306122,0.0,2423.0,487.0,26.0,1.0,11.049999999999999,19.0,0.0,595.75,5.531904761904764,0.17864571281701583,5.1104051348608644E-5,4.602374546048464E-5,4.602374546048464E-5,5.1104051348608644E-5,87.47336288036604,94.52672961973144,94.52672961973144,53.21900835351689,0.0,0.0,601.6428571428571,0.0,0.0,805144.0136873586,0.0,2106.407153221898,56558.24347302157,2252.7,115.31666666666666,5417.916666666667,7227.65,30.183333333333334,1000.9666666666667,5052.883333333333,9086.566666666668,314.51666666666665,0.0,0.0,8.9,543.5137190668963,0.0,0.0,729.0394328775636,1570.9131387172417,0.0,0.0,0.0,21.15,5160.115049956998,0.0,0.0,0.0,0.0,0.0,0.0,0.0,0.0,0.0,0.0,0.0,0.0,0.0,0.0,0.0,0.0,0.0,0.0,0.0,0.0,0.0,0.0
9,0.6430458558627765,0.14824797843665768,0.11,0.00398406374501992,2430.0,497.0,28.0,1.0,9.1,17.0,0.0,516.6666666666666,5.490966666666667,0.17955297112195215,4.9977151612904746E-5,4.5141387180934016E-5,4.5141387180934016E-5,4.9977151612904746E-5,88.74894863043615,97.48474136499804,97.48474136499804,53.22315564008952,0.0,0.0,608.0909090909091,0.0,0.0,805144.0136873586,0.0,2206.8936015761938,56013.73857617521,2133.7833333333333,167.95,5475.733333333334,7049.3,112.86666666666666,985.75,5221.766666666666,8840.2,231.06666666666666,0.0,0.0,9.9,556.2067980138619,0.0,0.0,700.6112266935986,1605.1915157891387,0.0,0.0,0.0,16.2,5160.058860356179,0.0,0.0,0.0,0.0,0.0,0.0,0.0,0.0,0.0,0.0,0.0,0.0,0.0,0.0,0.0,0.0,0.0,0.0,0.0,0.0,0.0,0.0
10,0.6536744863644103,0.15,0.10931174089068826,0.006036217303822937,2426.0,490.0,28.0,2.0,5.2,19.0,0.0,516.6666666666666,5.442914979757082,0.17954661757510518,5.16801664304901E-5,4.6603270158485725E-5,4.6603270158485725E-5,5.16801664304901E-5,87.63299319086983,91.47805513271915,91.47805513271915,53.218652687580295,0.0,0.0,714.8571428571429,0.0,0.0,805144.0136873584,0.0,2299.0205137246653,56121.94913566027,1901.1333333333334,152.75,5328.15,7112.966666666666,148.36666666666667,1044.35,4960.566666666667,10157.5,231.06666666666666,0.0,0.0,6.0,556.7799249765767,0.0,0.0,756.0731984151643,1550.9542203038243,0.0,0.0,0.0,18.2,5160.184045301345,0.0,0.0,0.0,0.0,0.0,0.0,0.0,0.0,0.0,0.0,0.0,0.0,0.0,0.0,0.0,0.0,0.0,0.0,0.0,0.0,0.0,0.0
11,0.6400687051772926,0.15915119363395225,0.11764705882352941,0.0,2437.0,506.0,31.0,2.0,1.95,14.0,0.0,510.0,5.531732026143792,0.18348041465864565,4.912107619957461E-5,4.620377873586244E-5,4.620377873586244E-5,4.912107619957461E-5,86.92380251983988,96.40039385732697,96.40039385732697,53.20371420787169,0.0,0.0,599.1111111111111,0.0,0.0,805144.0136873585,0.0,1948.1866229267855,56328.61921041307,2070.9333333333334,81.63333333333333,5410.95,7114.75,90.5,994.5666666666667,5230.0,9056.233333333334,162.25,0.0,0.0,5.0,550.0251095302433,0.0,0.0,771.8628596954635,1613.4445005586097,0.0,0.0,0.0,10.95,5158.898148166279,0.0,0.0,0.0,0.0,0.0,0.0,0.0,0.0,0.0,0.0,0.0,0.0,0.0,0.0,0.0,0.0,0.0,0.0,0.0,0.0,0.0,0.0
12,0.6527814641152531,0.17473118279569894,0.13,0.005964214711729622,2420.0,497.0,33.0,1.0,5.2,18.0,0.0,516.6666666666666,5.3895,0.1774972339453591,5.033536233492869E-5,4.6049408456799226E-5,4.6049408456799226E-5,5.033536233492869E-5,85.89100947667745,89.85638945637604,89.85638945637604,53.20079808136894,0.0,0.0,865.2,0.0,0.0,805144.0136873585,0.0,2011.3348017581206,56164.574866735304,2279.6666666666665,208.48333333333332,5547.55,7014.133333333333,96.83333333333334,947.75,5150.566666666667,9201.1,231.06666666666666,0.0,0.0,7.0,564.2243096621585,0.0,0.0,692.811837321318,1574.8068610276298,0.0,0.0,0.0,16.2,5158.305047971131,0.0,0.0,0.0,0.0,0.0,0.0,0.0,0.0,0.0,0.0,0.0,0.0,0.0,0.0,0.0,0.0,0.0,0.0,0.0,0.0,0.0,0.0
13,0.6498238984896365,0.14887640449438203,0.10905349794238683,0.00816326530612245,2427.0,483.0,27.0,1.0,5.2,20.0,0.0,516.6666666666666,5.509224965706449,0.17426802144727105,4.9170215239925674E-5,4.569457936015958E-5,4.569457936015958E-5,4.9170215239925674E-5,85.87708260071312,93.45237990263408,93.45237990263408,53.21019004960328,0.0,0.0,615.0,0.0,0.0,805144.0136873585,0.0,2305.9941315012156,56217.070919918646,2002.8666666666666,54.233333333333334,5488.933333333333,7156.033333333334,198.4,960.5833333333334,4988.466666666666,9852.266666666666,251.89999999999998,0.0,0.0,2.0,558.5622435238623,0.0,0.0,698.8950054381602,1520.4438760173318,0.0,0.0,0.0,23.2,5159.496516943088,0.0,0.0,0.0,0.0,0.0,0.0,0.0,0.0,0.0,0.0,0.0,0.0,0.0,0.0,0.0,0.0,0.0,0.0,0.0,0.0,0.0,0.0
14,0.6466799719538041,0.17073170731707318,0.12778904665314403,0.00404040404040404,2421.0,490.0,32.0,1.0,7.15,16.0,0.0,595.75,5.4116970926301535,0.1798588614882802,5.052303870054426E-5,4.6599830864322336E-5,4.6599830864322336E-5,5.052303870054426E-5,84.15301561073095,91.1313896845716,91.1313896845716,53.214431038761326,0.0,0.0,733.8333333333334,0.0,0.0,805144.0136873584,0.0,2498.5560902151433,56434.11141754895,2233.4166666666665,59.13333333333333,5704.95,7155.35,216.8,893.2833333333333,5176.616666666667,8819.366666666667,314.51666666666665,0.0,0.0,2.0,549.5188431297693,0.0,0.0,678.0345237725294,1642.326420136689,0.0,0.0,0.0,21.15,5159.464288508702,0.0,0.0,0.0,0.0,0.0,0.0,0.0,0.0,0.0,0.0,0.0,0.0,0.0,0.0,0.0,0.0,0.0,0.0,0.0,0.0,0.0,0.0
15,0.6514265226699639,0.18351063829787234,0.14081632653061224,0.008097165991902834,2417.0,486.0,35.0,1.0,9.1,17.0,0.0,588.4,5.552755102040814,0.1744660452646332,4.8453353825073826E-5,4.599014220081607E-5,4.599014220081607E-5,4.8453353825073826E-5,87.1763191658197,95.1003093366893,95.1003093366893,53.238662174805945,0.0,0.0,883.8333333333334,0.0,0.0,805144.0136873584,0.0,1921.0086101800757,56190.099413395394,2451.9166666666665,0,5566.95,7125.916666666667,168.3,825.9333333333334,5216.033333333334,8113.116666666667,409.43333333333334,0.0,0.0,0.0,563.3099362600592,0.0,0.0,606.630089341206,1610.2463124803603,0.0,0.0,0.0,26.099999999999998,5161.56224043379,0.0,0.0,0.0,0.0,0.0,0.0,0.0,0.0,0.0,0.0,0.0,0.0,0.0,0.0,0.0,0.0,0.0,0.0,0.0,0.0,0.0,0.0
16,0.6506846679592181,0.18181818181818182,0.13991769547325103,0.004098360655737705,2417.0,483.0,35.0,2.0,9.1,15.0,0.0,516.6666666666666,5.49842249657064,0.1713002215234631,4.930639605046057E-5,4.569410728924645E-5,4.569410728924645E-5,4.930639605046057E-5,85.03519183082285,95.74760537324802,95.74760537324802,53.214059470346974,0.0,0.0,586.25,0.0,0.0,805144.0136873586,0.0,2382.7111701923504,56017.187985945435,2342.5333333333333,25.71666666666667,5511.233333333334,7154.366666666667,102.1,856.2666666666667,5182.983333333334,10116.666666666666,231.06666666666666,0.0,0.0,3.9,548.374597763191,0.0,0.0,605.7248112181481,1577.1646542235676,0.0,0.0,0.0,20.2,5159.383917630677,0.0,0.0,0.0,0.0,0.0,0.0,0.0,0.0,0.0,0.0,0.0,0.0,0.0,0.0,0.0,0.0,0.0,0.0,0.0,0.0,0.0,0.0
17,0.6555400766516025,0.19166666666666668,0.1422680412371134,0.00205761316872428,2417.0,482.0,35.0,1.0,7.15,16.0,0.0,595.75,5.512989690721652,0.17328160348783922,4.9574459388555296E-5,4.745063181178097E-5,4.745063181178097E-5,4.9574459388555296E-5,85.87921797978356,91.03823998057777,91.03823998057777,53.21620821858722,0.0,0.0,557.4166666666666,0.0,0.0,805144.0136873586,0.0,2483.788540532202,56075.64260208209,1977.35,24.65,5673.7,7184.033333333334,92.65,931.6166666666667,4980.1,10072.8,314.51666666666665,0.0,0.0,2.0,556.2432343879775,0.0,0.0,701.6727734617776,1506.1685842521392,0.0,0.0,0.0,21.15,5159.784419753973,0.0,0.0,0.0,0.0,0.0,0.0,0.0,0.0,0.0,0.0,0.0,0.0,0.0,0.0,0.0,0.0,0.0,0.0,0.0,0.0,0.0,0.0
18,0.6422185391159986,0.16164383561643836,0.11895161290322581,0.004016064257028112,2430.0,493.0,30.0,1.0,7.15,17.0,0.0,617.5,5.436323924731175,0.18318885254605902,5.066731119607123E-5,4.587766274962108E-5,4.587766274962108E-5,5.066731119607123E-5,84.746688079807,92.26312505796118,92.26312505796118,53.198516565453836,0.0,0.0,794.8333333333334,0.0,0.0,805144.0136873588,0.0,2062.1061916012654,56038.459963219306,2261.133333333333,79.98333333333333,5292.333333333333,7076.65,147.23333333333332,931.1833333333333,5120.1,9188.75,327.6166666666667,0.0,0.0,5.0,553.7934461678383,0.0,0.0,726.3280733374769,1642.321173698048,0.0,0.0,0.0,19.15,5158.0099472607035,0.0,0.0,0.0,0.0,0.0,0.0,0.0,0.0,0.0,0.0,0.0,0.0,0.0,0.0,0.0,0.0,0.0,0.0,0.0,0.0,0.0,0.0
19,0.6440731539660332,0.15803814713896458,0.11507936507936507,0.0,2439.0,499.0,30.0,2.0,5.2,8.0,0.0,539.0,5.380787037037037,0.17854428787295837,5.0046720692160784E-5,4.659002560933802E-5,4.659002560933802E-5,5.0046720692160784E-5,87.86618969060746,90.45862224553515,90.45862224553515,53.19541978694378,0.0,0.0,538.0,0.0,0.0,805144.0136873582,0.0,2206.7693399609457,56196.702255431854,2283.5833333333335,41.333333333333336,5478.566666666667,7208.433333333333,57.56666666666667,1033.6666666666667,5010.516666666666,9393.316666666668,149.25,0.0,0.0,2.0,551.1875957875154,0.0,0.0,747.8910060596644,1559.6062685893573,0.0,0.0,0.0,11.2,5157.9461145860405,0.0,0.0,0.0,0.0,0.0,0.0,0.0,0.0,0.0,0.0,0.0,0.0,0.0,0.0,0.0,0.0,0.0,0.0,0.0,0.0,0.0,0.0
20,0.6408503516115814,0.16842105263157894,0.1292929292929293,0.0,2425.0,492.0,32.0,0,11.049999999999999,19.0,0.0,595.75,5.519629629629631,0.17756744625227203,4.990326801390439E-5,4.6981771011311704E-5,4.6981771011311704E-5,4.990326801390439E-5,88.1272485676246,91.91497993573138,91.91497993573138,53.20644560065497,0.0,0.0,732.9230769230769,0.0,0.0,805144.0136873585,0.0,2043.5546376654163,55896.60520383255,2236.9166666666665,150.2,5546.45,7149.266666666666,60.733333333333334,873.3,5211.666666666667,8982.733333333334,314.51666666666665,0.0,0.0,8.9,557.143527213655,0.0,0.0,640.2629210689869,1628.7159246851556,0.0,0.0,0.0,21.15,5158.409239688167,0.0,0.0,0.0,0.0,0.0,0.0,0.0,0.0,0.0,0.0,0.0,0.0,0.0,0.0,0.0,0.0,0.0,0.0,0.0,0.0,0.0,0.0
21,0.6455145348316851,0.16020671834625322,0.12277227722772277,0.001976284584980237,2429.0,502.0,32.0,2.0,5.85,23.0,0.0,551.0,5.476798679867984,0.17859251329042525,5.00526742697283E-5,4.544031558167294E-5,4.544031558167294E-5,5.00526742697283E-5,85.86780101612409,88.79977346372274,88.79977346372274,53.20786566969196,0.0,0.0,875.6428571428571,0.0,0.0,805144.0136873585,0.0,1695.3131408538272,56654.94992828102,2181.5333333333333,175.96666666666667,5557.75,7160.5,54.06666666666666,875.3166666666667,5354.066666666667,7889.2,402.6166666666667,0.0,0.0,7.95,557.053172556179,0.0,0.0,627.553137041641,1659.20426667867,0.0,0.0,0.0,20.9,5159.256354773623,0.0,0.0,0.0,0.0,0.0,0.0,0.0,0.0,0.0,0.0,0.0,0.0,0.0,0.0,0.0,0.0,0.0,0.0,0.0,0.0,0.0,0.0
22,0.6459139505205947,0.1484375,0.11154598825831702,0.001953125,2442.0,508.0,29.0,1.0,5.2,17.0,0.0,588.4,5.437671232876711,0.1795027163928429,4.928712541997109E-5,4.5190904698553444E-5,4.5190904698553444E-5,4.928712541997109E-5,85.40449363204631,96.52739218202507,96.52739218202507,53.2130308832841,0.0,0.0,884.1666666666666,0.0,0.0,805144.0136873585,0.0,2031.6260784287995,56414.80560546672,2437.733333333333,33.4,5618.483333333334,7094.033333333334,63.3,959.05,5283.383333333333,8257.183333333332,371.8833333333333,0.0,0.0,2.0,553.6877526269132,0.0,0.0,685.0940040397762,1626.3194365121853,0.0,0.0,0.0,20.2,5159.225065096407,0.0,0.0,0.0,0.0,0.0,0.0,0.0,0.0,0.0,0.0,0.0,0.0,0.0,0.0,0.0,0.0,0.0,0.0,0.0,0.0,0.0,0.0
23,0.6381628979595949,0.16062176165803108,0.12109375,0.0038910505836575876,2442.0,507.0,32.0,2.0,5.2,14.0,0.0,516.6666666666666,5.429036458333328,0.18264891243916878,5.038184448336246E-5,4.612584755093985E-5,4.612584755093985E-5,5.038184448336246E-5,87.40914809727745,95.80566351140192,95.80566351140192,53.232971880171974,0.0,0.0,726.9090909090909,0.0,0.0,805144.0136873585,0.0,1751.9709086715745,56574.285407223055,2105.883333333333,54.233333333333334,5433.816666666667,7181.666666666667,96.5,943.7666666666667,5322.55,7935.383333333333,231.06666666666666,0.0,0.0,2.0,557.8296699140386,0.0,0.0,697.9273718147921,1662.9507148552009,0.0,0.0,0.0,17.2,5161.631609804442,0.0,0.0,0.0,0.0,0.0,0.0,0.0,0.0,0.0,0.0,0.0,0.0,0.0,0.0,0.0,0.0,0.0,0.0,0.0,0.0,0.0,0.0
24,0.6452285356305689,0.15844155844155844,0.1203155818540434,0.0058823529411764705,2442.0,504.0,31.0,1.0,7.15,23.0,0.0,603.0,5.237771203155816,0.17916615026920357,4.959248086495446E-5,4.541801981554207E-5,4.541801981554207E-5,4.959248086495446E-5,84.57737600344507,88.2768766631722,88.2768766631722,53.19450777597433,0.0,0.0,1030.5555555555557,0.0,0.0,805144.0136873586,0.0,1749.1672647360924,56623.384659931595,2105.133333333333,0,5448.433333333333,7220.583333333333,154.63333333333333,891.8,5157.8,7989.233333333334,566.15,0.0,0.0,0.0,555.0597500095762,0.0,0.0,662.2737935052826,1634.4039835652832,0.0,0.0,0.0,30.15,5158.28619528839,0.0,0.0,0.0,0.0,0.0,0.0,0.0,0.0,0.0,0.0,0.0,0.0,0.0,0.0,0.0,0.0,0.0,0.0,0.0,0.0,0.0,0.0
25,0.6438838472281708,0.15915119363395225,0.11834319526627218,0.003929273084479371,2438.0,503.0,31.0,2.0,7.15,18.0,0.0,534.25,5.35420775805391,0.18347004152234594,4.927623847480641E-5,4.694616259702232E-5,4.694616259702232E-5,4.927623847480641E-5,84.21097039043566,90.64521980777837,90.64521980777837,53.196418659866474,0.0,0.0,503.0,0.0,0.0,805144.0136873585,0.0,1422.7412991314864,55938.941714709166,2324.983333333333,128.43333333333334,5520.45,7030.016666666666,95.85,967.4833333333333,5164.183333333333,8349.916666666666,302.26666666666665,0.0,0.0,4.0,566.4216138845399,0.0,0.0,723.5163921690491,1636.0276118333472,0.0,0.0,0.0,21.15,5158.028190741381,0.0,0.0,0.0,0.0,0.0,0.0,0.0,0.0,0.0,0.0,0.0,0.0,0.0,0.0,0.0,0.0,0.0,0.0,0.0,0.0,0.0,0.0
26,0.6483016938126624,0.15,0.11354581673306773,0.003968253968253968,2437.0,499.0,29.0,1.0,7.15,13.0,0.0,633.25,5.3203851261620185,0.17548596227378294,4.939544062119178E-5,4.6041036590543924E-5,4.6041036590543924E-5,4.939544062119178E-5,84.83516858247393,87.35282231942114,87.35282231942114,53.20000641896111,0.0,0.0,1023.0,0.0,0.0,805144.0136873585,0.0,1725.6363635006223,56330.44521962753,2323.7,58.8,5275.316666666667,7116.7,80.0,879.6,5172.95,8764.016666666666,319.2,0.0,0.0,2.0,553.0253160320455,0.0,0.0,642.2338377874455,1607.282549354307,0.0,0.0,0.0,18.15,5158.0509556890565,0.0,0.0,0.0,0.0,0.0,0.0,0.0,0.0,0.0,0.0,0.0,0.0,0.0,0.0,0.0,0.0,0.0,0.0,0.0,0.0,0.0,0.0
27,0.640109928967091,0.15363881401617252,0.11176470588235295,0.005847953216374269,2443.0,506.0,29.0,1.0,5.2,11.0,0.0,584.6666666666666,5.427254901960786,0.18391905198054825,4.950727557617501E-5,4.575430979876823E-5,4.575430979876823E-5,4.950727557617501E-5,82.86207233442566,91.34789982783329,91.34789982783329,53.20242174040858,0.0,0.0,766.875,0.0,0.0,805144.0136873585,0.0,1525.980688002949,56638.86071626722,2360.883333333333,0,5415.25,7110.233333333334,194.43333333333334,1041.6666666666667,5159.35,7274.966666666666,236.59999999999997,0.0,0.0,0.0,562.9418722649896,0.0,0.0,781.6898990055937,1597.5061798365332,0.0,0.0,0.0,16.2,5158.905830113069,0.0,0.0,0.0,0.0,0.0,0.0,0.0,0.0,0.0,0.0,0.0,0.0,0.0,0.0,0.0,0.0,0.0,0.0,0.0,0.0,0.0,0.0
28,0.6395883109488135,0.13541666666666666,0.10097087378640776,0.005791505791505791,2452.0,513.0,26.0,0,11.049999999999999,26.0,0.0,603.0,5.38498381877023,0.18456602685203619,5.094503952819682E-5,4.704206516255415E-5,4.704206516255415E-5,5.094503952819682E-5,85.24838876201139,92.11568754147135,92.11568754147135,53.21864399080407,0.0,0.0,1063.8947368421052,0.0,0.0,805144.0136873585,0.0,1456.2246713467528,56099.29520693293,2378.7166666666667,226.26666666666665,5376.233333333334,7099.466666666666,95.33333333333333,958.2,5254.116666666667,7308.75,496.7833333333333,0.0,0.0,10.899999999999999,554.4011594325486,0.0,0.0,740.0287150403976,1637.2646674420575,0.0,0.0,0.0,26.15,5160.197985001675,0.0,0.0,0.0,0.0,0.0,0.0,0.0,0.0,0.0,0.0,0.0,0.0,0.0,0.0,0.0,0.0,0.0,0.0,0.0,0.0,0.0,0.0
29,0.6431074491952287,0.17771883289124668,0.1303501945525292,0.005802707930367505,2434.0,511.0,34.0,1.0,7.15,19.0,0.0,595.75,5.290888456549938,0.18228724687870762,5.0479477356401697E-5,4.739887853733711E-5,4.739887853733711E-5,5.0479477356401697E-5,83.89246470228677,90.0959970859268,90.0959970859268,53.207270359305085,0.0,0.0,686.3846153846154,0.0,0.0,805144.0136873584,0.0,1467.3916421207132,56524.18992213545,2265.0,58.8,5428.233333333334,7156.133333333333,152.51666666666668,1024.8333333333333,5081.516666666666,7121.783333333333,335.35,0.0,0.0,2.0,561.9404516324507,0.0,0.0,771.0997622747047,1572.9001521368593,0.0,0.0,0.0,24.15,5158.962154240899,0.0,0.0,0.0,0.0,0.0,0.0,0.0,0.0,0.0,0.0,0.0,0.0,0.0,0.0,0.0,0.0,0.0,0.0,0.0,0.0,0.0,0.0
30,0.6338230153854928,0.14545454545454545,0.10894941634241245,0.005802707930367505,2446.0,510.0,29.0,2.0,7.15,25.0,0.0,588.4,5.479831387808041,0.18751615068998007,5.17246936317283E-5,4.7142007269139924E-5,4.7142007269139924E-5,5.17246936317283E-5,85.38645840198419,89.32778550061671,89.32778550061671,53.19021347925364,0.0,0.0,737.0,0.0,0.0,805144.0136873585,0.0,1719.8337328225482,56028.33727268708,2248.2,109.8,5462.533333333334,7099.083333333333,122.86666666666666,956.8,5345.316666666667,7377.216666666666,409.43333333333334,0.0,0.0,6.0,556.4630989196905,0.0,0.0,728.6260518955869,1698.9581330330532,0.0,0.0,0.0,26.15,5157.707250490228,0.0,0.0,0.0,0.0,0.0,0.0,0.0,0.0,0.0,0.0,0.0,0.0,0.0,0.0,0.0,0.0,0.0,0.0,0.0,0.0,0.0,0.0
