householdId,incomeValue,locationX,locationY
016000-2014000455995-0,347129.0,550984.029290079,4182015.6160535384
061100-2013000008150-1,104255.0,552362.9989770898,4183420.0780098783
017000-2015000063355-0,142428.0,549299.0889048352,4179783.2757463735
012902-2016000182530-0,110346.0,549930.5792267792,4183836.9216214092
011100-2014001267489-0,48609.0,550911.6652699315,4182717.932657238
021800-2012000597914-0,19841.0,550417.2185786779,4177083.665660807
010600-2015000498519-0,12547.0,552275.1340768847,4183881.8602885194
035202-2015000355565-0,154245.0,543416.8427844793,4179448.0446122345
031302-2013000160510-0,300659.0,546576.6387304771,4174178.929856349
032802-2013000341024-2,492010.0,545541.8212820783,4178766.7237475757
033203-2012000297907-0,206464.0,546509.2864426486,4174290.644455398
042601-2012001371043-0,312251.0,545894.4460841003,4179907.0431377897
012902-2016000616747-0,54461.0,550616.7355603179,4183711.980013381
012800-2014001355299-0,35827.0,549476.1046162976,4183415.9372832505
035300-2015000297796-0,82976.0,544596.1082080854,4176421.8834670302
032902-2015000237058-1,218278.0,544907.8831611394,4178292.349467132
012700-2012000397830-0,38612.0,548596.5656749854,4184332.8922042507
010600-2015001346035-0,8999.0,552156.926965849,4183650.120192326
016400-2013000081115-0,13715.0,549445.1914206587,4180777.369339255
026001-2015000132478-0,54849.0,550209.5144605337,4175298.2768315626
030900-2014000226093-0,191494.0,546505.2537434042,4175386.27324495
060502-2016001173133-0,259163.0,551135.8905008894,4174019.6905352394
020800-2013001345354-0,93976.0,551222.2423822194,4179708.262387032
045100-2013000254479-1,7563.0,548100.217951847,4180505.2216344615
017601-2016000823983-0,292466.0,551901.2623012087,4181453.9618175505
030800-2013000290904-0,19729.0,546941.0948995093,4177261.3751603235
012800-2012000307582-0,133181.0,548816.7456577634,4183359.35236591
016700-2013000416445-0,158142.0,549762.3308154824,4180830.151280825
061500-2013000303330-1,330234.0,552433.3948089585,4182094.9849433256
020800-2013001279170-1,348123.0,551137.391722745,4179598.2522151433
017000-2015000497455-0,15557.0,549307.6605919499,4179610.7616492333
042800-2016001351601-0,72228.0,544765.6016323796,4179847.759084087
031201-2014000419339-0,139134.0,547704.6362910551,4174889.8757929355
047701-2012000506200-0,104160.0,545520.9073868942,4179883.990013161
022702-2013001174005-0,28289.0,553441.4200489759,4179525.817661513
010900-2012001140018-0,216270.0,551250.8243467123,4183501.458084468
016400-2016001345781-0,27300.0,549445.1914206587,4180777.369339255
031201-2016001275552-0,207498.0,547838.5120192124,4174991.722115683
026402-2015000950980-0,171643.0,552397.4442507563,4174576.8501280425
016801-2016001409190-0,51204.0,550068.7114839472,4180775.244153819
042601-2013000611431-0,128091.0,545902.7413636873,4179916.8642041227
030202-2014000639823-0,36777.0,547117.8787880171,4179465.8001570855
023103-2014000408809-0,23013.0,554978.956650971,4177466.1353942645
021600-2016001018413-0,146449.0,550016.4245099414,4177581.6723008836
031302-2014001135852-0,102972.0,546889.8691624375,4174170.734099415
035400-2015000777810-0,144562.0,543353.6708285096,4177583.2883587116
017101-2013000767409-0,33159.0,548921.4512788372,4179967.7252052645
020200-2016000071368-0,240538.0,550709.7534131062,4180426.4055647557
013102-2012000088760-0,8631.0,550449.5792875972,4182951.852219401
032700-2013000255010-0,178539.0,545140.5463100512,4179137.104146475
025600-2013000213997-0,110636.0,550839.270344273,4176032.233666382
033000-2012001101876-1,919322.0,545563.0971311087,4176865.959252201
012202-2014001317122-0,63958.0,551164.1462553078,4182231.42351441
025702-2015000866130-0,112365.0,552687.812016408,4175911.7478895853
021800-2012001178100-1,215804.0,550283.2923822457,4177169.946032881
045100-2015001319835-0,163283.0,548161.767731785,4180564.846970698
033000-2014000025730-0,73464.0,546235.1617307494,4176588.569664047
012700-2013001173617-0,59691.0,549039.1190290372,4183820.887328857
017601-2016001314748-1,405271.0,551859.248190429,4181495.6543137254
016000-2016001255287-0,187893.0,550984.029290079,4182015.6160535384
012000-2016001041982-3,325850.0,551189.2377313457,4182527.4707105905
010400-2012001111568-1,115633.0,551954.7073447222,4184176.095506529
030302-2012001160042-0,95139.0,546709.6352959309,4178283.6878868053
047702-2014000788620-0,4770.0,545520.9073868942,4179883.990013161
026100-2015000176781-0,5507.0,548884.0676909224,4174718.349939773
016100-2013000299037-0,285034.0,550984.029290079,4182015.6160535384
020300-2012000254343-0,66932.0,550397.2494654134,4180118.0849590036
035300-2012001378514-0,83552.0,544052.8386358421,4176786.97315615
022903-2015001470545-0,279929.0,552463.2893546158,4178662.2946718745
010900-2012000768576-0,42644.0,551250.8243467123,4183501.458084468
020800-2016000935099-1,273704.0,551095.7999681758,4178920.9520701934
015700-2013000432658-0,28054.0,549217.777122008,4180740.607778494
026301-2014001060732-2,173572.0,549395.2797467844,4174326.4984436063
032602-2014000094508-0,96172.0,546083.2471081787,4179194.829343321
025300-2016000293257-0,1986.0,551017.1004758489,4177447.879483122
013400-2012000349614-2,284768.0,549209.8286834252,4182795.5752764046
047701-2015000283136-1,121854.0,545520.9073868942,4179883.990013161
061400-2015001282334-1,189628.0,552936.182301803,4178355.05334259
030700-2012000079366-0,173988.0,548009.2616201447,4176618.884244778
020900-2014001008328-0,64017.0,551317.4896969353,4178582.3853909434
021600-2015000197744-0,229640.0,549598.1761255338,4177907.1053712163
025403-2014000405130-0,120435.0,551437.8803695457,4176489.890689284
031400-2014000788156-0,325147.0,547935.354017521,4174562.007468274
021500-2015001455603-1,499054.0,550601.4469042758,4177629.866733744
033100-2016000792194-0,296515.0,544962.9196726694,4176164.386909739
013300-2013000240624-0,244833.0,548773.9064142697,4182722.886196107
030700-2016000221287-0,36007.0,547686.8795848922,4176854.0384577294
012301-2015000488247-0,99913.0,552158.7549740067,4182290.932916917
030201-2015000502336-0,137056.0,546047.2231431219,4179810.507044538
031302-2014000996485-0,28456.0,546855.8014387314,4173723.639543105
016700-2013000625848-0,230205.0,549779.4804082667,4180727.0462321644
017601-2012000405878-0,54333.0,551999.6079608442,4181746.2742618313
010900-2016000805028-0,32610.0,550933.5341411035,4183764.9066924546
015700-2013001443049-0,190601.0,548887.7530687945,4180685.9124247096
021800-2015000742202-0,106010.0,550002.2613170097,4176613.1026073853
032802-2015000355182-0,9347.0,545510.7008964347,4178432.7641411615
033000-2015001265097-0,44778.0,545255.233583857,4177257.5545507562
060700-2014000005294-0,178568.0,553876.3038829905,4181749.312428534
035400-2014000660131-0,140448.0,543882.5906233087,4178022.2420056025
016300-2012000576020-0,195717.0,550068.7114839472,4180775.244153819
016801-2015000213706-0,140061.0,550409.7306385813,4180513.1274907943
017601-2014000027259-0,29062.0,551811.4015273494,4181420.187764574
010200-2014000909482-0,104560.0,550933.5341411035,4183764.9066924546
035100-2014000315414-0,331344.0,544288.2560692702,4178358.181504448
031302-2013000818418-0,98164.0,546956.074225175,4173924.759380311
010800-2016001385884-0,74865.0,551510.072482034,4183279.659201352
021200-2014000896410-1,74557.0,549622.7197044437,4178800.200238886
013102-2013000343063-0,196293.0,550318.9592538967,4183289.638783551
010600-2015000598330-0,18314.0,552049.4149761647,4183950.8189048497
042601-2012000726013-0,146885.0,545709.7093196239,4179895.5312897097
035100-2012000390561-0,223921.0,544463.9346707163,4178471.432354457
035100-2015000185832-2,590779.0,543819.5151362465,4179056.4581350046
032901-2015001358920-0,67599.0,545121.9395783301,4177890.2529288195
600600-2012001449901-0,60097.0,547458.2778848264,4172876.876574287
016400-2016000237898-0,41899.0,549445.1914206587,4180777.369339255
015700-2014001212701-1,269524.0,548951.097382822,4182552.187682421
020700-2014001294560-0,113024.0,550735.8693800276,4178801.617730966
047902-2016001447354-0,121281.0,543534.8478627043,4179772.6185854236
017000-2014000310991-0,229353.0,549045.6677084025,4179585.6706449627
033204-2013001005226-0,134975.0,546112.9606606032,4174855.315837007
010400-2014001477600-3,205698.0,552449.6257058231,4183911.136346972
047600-2014000038346-0,261587.0,546371.5058873092,4179946.067675711
060700-2014000542215-1,366377.0,553836.85480804,4181524.5995021593
021300-2012000618474-0,35485.0,549324.5478311549,4178329.0973422257
047802-2015000658288-0,38043.0,544765.6016323796,4179847.759084087
020300-2012001373007-0,9791.0,550022.4096244676,4179908.113425158
012301-2012001424584-0,266469.0,551964.2657273884,4182336.98607969
035201-2014000847839-0,127036.0,543160.4366284539,4179465.1268151673
016400-2015001364898-0,82890.0,549762.3308154824,4180830.151280825
010400-2015000635660-0,500010.0,551869.9503843202,4184239.7037523007
016400-2014000107126-0,136739.0,550051.5542822268,4180878.2931419755
025900-2013001087427-0,49200.0,551816.23793528,4175518.598690086
013102-2015000557669-0,226144.0,550237.9041210408,4183330.174655777
022903-2014000691728-0,41200.0,552484.2635358828,4178403.729195942
021800-2013000077130-0,94922.0,550533.487805437,4176804.2773535717
016100-2012000437445-0,906582.0,550984.029290079,4182015.6160535384
013000-2013000980929-0,32531.0,550745.6130904327,4183447.199706979
030800-2016001364106-0,76027.0,546988.1409486239,4176759.4468068704
047801-2013001201643-0,17332.0,544765.6016323796,4179847.759084087
017802-2015001103130-0,2307.0,551881.573884205,4180811.754088063
020100-2012000028777-1,673287.0,551136.2522552053,4179908.1877148533
030202-2012000294274-0,39153.0,547010.9519140787,4179567.016053285
016000-2012000503933-0,66290.0,550984.029290079,4182015.6160535384
021500-2013001033977-0,159815.0,550800.2011237289,4177736.1556433653
010600-2016000103186-0,82028.0,552484.998709488,4183577.217395071
035300-2013000800750-0,161272.0,544071.4237560816,4178033.750788818
045200-2016000926749-0,17330.0,546661.4208860728,4179963.8534777313
060700-2014000220927-0,362260.0,553836.85480804,4181524.5995021593
035400-2015000355182-0,16217.0,543376.0103052926,4177377.1528496486
035100-2016000185194-0,58906.0,544127.802717213,4178660.0580969425
012202-2016001049565-0,9770.0,551181.239959978,4182128.4037909475
030202-2016000025297-0,27644.0,546822.0667460532,4179658.9354259092
012602-2014001016459-0,22647.0,549416.0689105692,4184469.115124357
031302-2016000204353-0,14563.0,546621.0910146128,4174348.6758710556
016200-2013000629950-0,17407.0,550366.557856311,4180772.9157866416
025402-2016000097817-0,214181.0,551486.8155695961,4176818.2781078895
013101-2014001499292-0,24292.0,550690.7617314679,4182841.791756314
061400-2013001270771-1,36077.0,553390.1853810934,4179378.8990629436
032801-2016001006825-0,7200.0,545700.6162656103,4177717.8032895895
025100-2012000275249-0,13140.0,552162.9919430644,4177571.9483917253
020300-2015000105861-0,146123.0,550511.6195769676,4179893.971884201
042602-2012000478352-0,15196.0,546371.5058873092,4179946.067675711
025701-2016000596503-0,63399.0,551681.9950847833,4175914.9778126823
016300-2014001297346-0,73303.0,550051.5542822268,4180878.2931419755
012100-2016000719449-0,18024.0,551929.602257682,4182544.3677871693
600200-2015000929834-0,221421.0,551342.6553236635,4173094.5941922497
013400-2012000506009-2,678655.0,548906.7203690512,4182594.9239755133
030202-2013001137202-0,67388.0,546661.4208860728,4179963.8534777313
032700-2016001305358-0,18607.0,544452.1865515319,4178887.293825685
012901-2016001446789-0,180600.0,550279.2214899927,4183973.920177026
025401-2012001153799-0,237893.0,551007.2689800177,4176801.568133789
030800-2016000227368-1,89645.0,546592.3511092642,4177149.383030103
031302-2012000358469-0,9178.0,546543.9859895885,4174363.5796927814
030202-2016000076919-0,135864.0,547181.4750212115,4179969.033896032
017102-2016000053183-0,55390.0,548440.8985355627,4179600.1512343204
013500-2015000443201-0,222852.0,549839.699660561,4182596.8466666467
010800-2014000742242-0,4981.0,551381.6624535453,4183157.023577286
017802-2014000839166-0,18042.0,552293.9534325725,4181632.008325073
020600-2015000596876-0,25473.0,550615.1576655845,4179327.0096970294
022702-2013000402305-0,41527.0,553232.2041711395,4179721.994554771
023003-2012000121328-0,47497.0,552954.6304091329,4176210.316522328
042800-2016000854485-0,10048.0,544907.2808778539,4179851.4534634016
012501-2013001183738-0,202671.0,551890.9423548938,4181882.810956383
022901-2015000835056-0,132411.0,551547.9734696177,4178135.0955074914
032602-2015001118156-0,22543.0,545102.7727209155,4179756.1981751905
025402-2014000492634-0,209172.0,551892.5099952461,4176721.9003738873
032902-2012000208696-0,31505.0,545068.212728461,4178613.4979409906
033204-2012000973077-0,32500.0,545634.6345399541,4174922.4347678963
030700-2013000784517-0,156444.0,548259.9225105521,4176338.28757817
025402-2013000712809-0,229405.0,551792.372563519,4176866.924492325
022600-2015000138415-0,14658.0,554179.1312271447,4178587.7321403306
010600-2013000040063-0,160982.0,552186.2410581178,4183867.2881692657
600401-2015001118560-0,31966.0,548771.8270782819,4173473.1945031006
010500-2015000121225-0,11938.0,552870.5196026672,4183951.8815869074
017000-2014001105619-0,174052.0,549495.3428627262,4179593.6018044553
026100-2012000066457-0,11539.0,549249.3698092349,4174897.7840209706
047802-2016000763052-0,2953.0,544482.9751008437,4179820.5874922504
015900-2014000226919-0,150077.0,549805.7527396872,4182538.3519002264
030102-2014000737619-0,58689.0,547730.4712943926,4179514.366634694
010100-2013001163188-0,4472.0,552001.4311682961,4184691.6403385387
035300-2015001202094-1,58755.0,544288.2560692702,4178358.181504448
047802-2016000976430-0,12470.0,544482.9751008437,4179820.5874922504
016300-2016000202136-0,158038.0,550068.7114839472,4180775.244153819
020200-2013000318971-0,340455.0,550738.0902320624,4179739.38522572
016900-2015001293998-0,53305.0,549845.9745111064,4179728.3652768624
012201-2016000799995-0,63418.0,551245.3172452068,4182350.887136126
022802-2012001386215-0,74810.0,552251.2174584453,4179178.7340531293
033204-2015000312571-0,204738.0,546042.7154610872,4174598.198755498
031400-2016000027951-1,42250.0,548304.2814486863,4174265.0932642026
012501-2016000706115-0,519407.0,551806.3477795317,4181807.828434531
011100-2015001111372-0,324759.0,551265.9418509507,4182961.389267792
035300-2016000883913-0,140204.0,544135.1753128315,4177933.6696171993
033000-2014000885580-0,76578.0,545361.3844065573,4177074.4905435275
012000-2012001332565-0,263999.0,551070.3302269888,4182347.974619404
022903-2016000105103-0,165690.0,552397.9983681103,4178415.5073608104
026200-2016000932981-0,324951.0,548880.8315229177,4174018.1854377715
035400-2015000350730-0,335483.0,543505.1431746897,4177999.2441376327
026302-2012000031464-0,169168.0,550431.0120333871,4173694.209099205
033000-2014000265406-3,604822.0,545053.8951602215,4176802.455534988
026401-2014000056046-0,46163.0,551984.7861293405,4174034.273578447
026001-2013001098042-0,3918.0,549917.4898259842,4174886.8971054987
017000-2013001124342-0,180140.0,549307.6605919499,4179610.7616492333
021600-2014000354590-0,112220.0,548803.9515756149,4177658.8192604464
016600-2013000239445-0,68754.0,548618.1114100886,4180533.598139924
026404-2013000504012-0,33745.0,551214.749255962,4173655.7897544247
017601-2016000010048-2,46577.0,552043.1156427546,4181702.960892151
021500-2012000035208-0,7400.0,550792.8611021149,4177824.2680594875
022801-2016000262460-0,37290.0,552167.3743956115,4179564.143647533
017101-2015001226391-0,29824.0,548786.463570256,4179637.566889854
025701-2016000056682-0,102015.0,551403.0290943142,4175971.684923979
023003-2013000382737-0,245708.0,552954.6304091329,4176210.316522328
035201-2015001379985-0,114111.0,543762.9358797164,4178430.079664287
026303-2013000882280-0,67461.0,549397.7916307133,4173763.787235859
012800-2013000120600-0,8329.0,549043.3519199498,4183343.951413245
015300-2012001493578-0,17266.0,549194.1855814136,4182436.91957811
035400-2016000410053-0,437023.0,543501.8942425101,4176705.273601312
030301-2016001476215-0,89026.0,547205.5026628049,4179159.523784383
010900-2014001274324-0,10610.0,551099.5142095679,4183511.3682310088
031400-2013001106601-0,361065.0,547996.4841467775,4173890.8109274087
017601-2014000833783-0,45940.0,552034.3398283259,4181369.888610695
015600-2015000156378-0,8115.0,548184.7657540732,4180585.601871842
030202-2015000856216-0,174410.0,547031.0856384377,4179564.323850726
047902-2013001019908-0,91577.0,543728.3249291338,4179774.575068162
013300-2013000524563-0,83991.0,548773.9064142697,4182722.886196107
061500-2014000724828-1,23887.0,553374.733552109,4181942.1133921375
023300-2015001029325-0,126412.0,553298.0237706398,4175952.081910014
045200-2015000685348-0,4751.0,547129.1259781084,4179981.9322136305
061000-2013000498813-0,23513.0,554490.1352003382,4174295.8414475364
020600-2016000427518-3,127432.0,549911.6412979662,4179448.3011851967
600200-2015000249377-0,56397.0,551606.7057739682,4172931.9474949287
017601-2014001104232-0,26586.0,551938.0053667829,4181272.7174716266
061500-2014000705464-4,394120.0,552771.6726270716,4182416.111362092
025500-2015001456857-0,211205.0,549157.6781703741,4175643.634620209
012201-2014000784581-0,3931.0,551223.6446339259,4182320.8224474564
045200-2015001053769-0,182198.0,548100.217951847,4180505.2216344615
010500-2015001345120-1,28931.0,552982.7271190013,4183394.1918495586
030102-2013000651120-0,3055.0,547983.7952410411,4179180.544614952
061100-2016001405141-2,207723.0,552687.4454001442,4183248.1722456394
030800-2013000422164-0,145403.0,546592.3511092642,4177149.383030103
032902-2012000329549-0,74052.0,544974.5453385803,4178751.077040175
047902-2012001051890-0,13392.0,543913.1381128912,4179785.8320178846
015500-2014000174901-0,13666.0,549733.4589419637,4182526.3756436026
010800-2016000432298-0,66961.0,551326.760037083,4183486.8523372603
061000-2013000872151-0,147609.0,553012.7826340878,4174458.2596106837
021200-2016000359631-0,272572.0,549273.0622881724,4178369.115074827
047801-2016000099641-0,15519.0,544765.6016323796,4179847.759084087
033203-2012000378914-1,239623.0,545849.3633544532,4174405.73712614
013102-2014001390575-0,10617.0,550417.1780707311,4183146.5328369867
012201-2014000245828-0,15683.0,551349.0662935623,4182368.1377518764
030102-2016000915765-0,440665.0,547615.403156572,4179216.1041481993
016600-2016000093294-1,57883.0,548760.8806354585,4180345.1393714207
016500-2016000168884-0,472188.0,549115.3031432258,4180670.1178616467
020700-2013000080675-0,51408.0,550604.5619559055,4179638.8118634447
600900-2013000179752-0,60053.0,546065.0878307987,4173028.075221696
060700-2012000760995-0,13599.0,554109.5355274363,4180277.458350336
030700-2014001382787-0,193839.0,547564.908418935,4176826.6609149016
016500-2013001015955-0,10717.0,549217.777122008,4180740.607778494
032802-2012000308517-0,109308.0,545539.8917749438,4178019.6240452197
015200-2012001459593-0,210003.0,549805.7527396872,4182538.3519002264
032602-2016001358668-0,129027.0,545298.9424074714,4179645.0018187505
015500-2015000171399-0,151565.0,550354.4274837875,4182629.7702505467
016500-2015000892233-3,196459.0,548804.3349231994,4180723.9125879444
016000-2015000370869-0,37680.0,550984.029290079,4182015.6160535384
025300-2013001223329-0,4152.0,551162.6611677222,4177169.7180236885
017102-2015000610535-0,41425.0,548597.2932756073,4180211.4509206302
016300-2016000391945-0,250618.0,550366.557856311,4180772.9157866416
022902-2012001105608-0,18590.0,552000.8943887168,4178127.8596774694
047902-2015000434920-0,14570.0,543913.1381128912,4179785.8320178846
016500-2013000373520-0,11001.0,548804.3349231994,4180723.9125879444
010400-2012000546598-0,2526.0,552598.9774481412,4183776.4090655665
033000-2013001140814-1,521694.0,546021.4672450889,4177114.639533364
061500-2013000588265-9,1438277.0,553233.7021863629,4182033.1814727336
030301-2016001389672-0,46686.0,546491.201778592,4178850.7387993163
032801-2016000379814-0,46388.0,545970.9840647532,4177942.09763256
032801-2016000136507-0,14328.0,545970.9840647532,4177942.09763256
031400-2012001369472-0,7338.0,548140.1681336202,4174592.1967812227
023102-2016001203317-0,8430.0,554043.6368241031,4176837.90790273
010500-2016000806879-0,39672.0,552921.4291143063,4183881.159114389
020800-2013000381029-0,19439.0,551001.5985788753,4178882.5835434897
047600-2014001170285-0,114905.0,546091.6196481673,4179924.0043512625
020600-2014000896410-0,272385.0,550483.7078161621,4179138.1604178585
060700-2014000470961-5,124462.0,552926.2364812018,4180286.1823029723
016500-2013000194064-0,142346.0,548184.7657540732,4180585.601871842
030202-2014000751651-1,234793.0,546662.032506492,4179953.8379389714
023102-2014001060732-0,126503.0,554324.2538085098,4176293.6715281107
042700-2015000104440-1,27764.0,545520.9073868942,4179883.990013161
015700-2014000686170-0,14124.0,548804.3349231994,4180723.9125879444
030301-2016000012842-0,281065.0,547020.6375969048,4178733.09262021
022902-2013000533151-0,22563.0,551813.4512586012,4178444.7658022195
020900-2014000181043-1,246636.0,551019.7877415726,4178660.856422998
015400-2015000437915-3,255363.0,548806.3586555115,4182528.116922065
016400-2015001093698-0,171487.0,549445.1914206587,4180777.369339255
026402-2016000321066-0,50344.0,552553.3857840712,4174547.5803675405
033100-2015001057865-0,41628.0,545968.5358222526,4176193.5339636756
060700-2016000567146-1,18123.0,554109.5355274363,4180277.458350336
030101-2015001362468-1,184008.0,547278.0988207206,4179940.5625662087
047902-2012000446359-0,28601.0,543728.3249291338,4179774.575068162
021800-2013000371919-0,253993.0,550239.3501875343,4176809.2872670656
016300-2016000772596-0,20439.0,550051.5542822268,4180878.2931419755
035300-2014000513296-1,45604.0,544137.5054716208,4177726.313705464
016000-2014000088156-0,27314.0,550984.029290079,4182015.6160535384
021500-2016000645938-0,18036.0,550601.4469042758,4177629.866733744
032700-2012000996623-1,407261.0,544561.6032538479,4179308.5752018318
017802-2014000235576-1,16251.0,552175.5414412995,4181376.0413788143
021600-2013000573783-0,84750.0,549272.8569224769,4177701.0238679503
017101-2015000407936-0,98841.0,548777.5402509724,4180021.5939171067
061100-2013000363105-0,18420.0,552389.6330625161,4183260.190489061
010900-2014001424656-0,42243.0,550802.5297352629,4183530.450319648
026002-2014001331159-0,74018.0,550311.8481433869,4175471.5253892355
012202-2013000609715-0,100812.0,550958.2099815772,4182170.791386802
060700-2016000674094-2,261017.0,553101.8358071155,4180785.8057676386
030800-2015000705172-0,340094.0,546665.0792757634,4176635.754237092
033000-2015000751741-0,26595.0,545631.4502941982,4177297.5454082284
012000-2012001224143-1,37097.0,551198.1551145402,4182474.051972796
025701-2012000622524-0,81246.0,551403.0290943142,4175971.684923979
045100-2015000452054-1,12065.0,548184.7657540732,4180585.601871842
012301-2013000721346-0,127532.0,551840.7623293707,4182184.749887519
061500-2015000872072-1,461128.0,553053.5935816625,4182258.936950625
013400-2012000256849-0,189053.0,548951.097382822,4182552.187682421
035400-2016000933833-1,100946.0,543772.481382394,4177496.551278265
012901-2015000949151-0,4357.0,550261.9354623388,4184077.672940272
023001-2014000339233-0,63082.0,552894.3242933488,4176433.6832586247
020900-2015000488247-1,442793.0,551154.3521910522,4178211.514828584
020300-2015000608252-1,342566.0,550090.7385361935,4179821.263631903
021500-2014001179105-0,240170.0,550601.4469042758,4177629.866733744
047600-2014000938906-0,31812.0,546371.5058873092,4179946.067675711
012100-2014000799990-0,85706.0,551563.6988927643,4182510.352069502
016200-2013001119078-0,110300.0,551073.4971362804,4180955.509513076
013102-2013000091344-1,229717.0,550256.875939015,4182769.5079965927
016700-2015000848414-0,16693.0,549239.2355323411,4180116.953783503
045100-2015000216279-0,4241.0,548100.217951847,4180505.2216344615
032601-2013001043506-0,270250.0,545693.9337381003,4179377.774180184
035201-2013000397335-1,57419.0,543267.2588411542,4178815.2886738395
023103-2014000917864-0,34545.0,554896.4554836879,4176407.736155371
060502-2014000241606-0,66027.0,551290.3567318269,4173753.98038409
010500-2015001431224-0,29466.0,552648.2719394779,4184259.264954436
010800-2014001033451-0,127101.0,551278.9334167003,4183612.170831864
025402-2013001153428-0,133742.0,551573.2926912553,4176881.4068802586
035400-2014000424217-0,74679.0,543718.9532653026,4177597.0554555682
031201-2012001433882-0,171113.0,548062.3926284167,4175094.4884682572
010600-2014001477120-0,12129.0,552305.5109925489,4183566.1776605463
016801-2013000074938-0,21313.0,550085.937703669,4180671.7740083206
010900-2013000486930-0,11510.0,551250.8243467123,4183501.458084468
023003-2016000498183-0,100228.0,553199.5324999029,4176065.433932256
010900-2015000946194-0,24802.0,551256.5475213681,4183396.081746454
010100-2013001257089-0,4151.0,551928.6027930507,4184702.2593312105
010600-2014000766675-0,68124.0,552366.6005788639,4183684.9543851325
030102-2015000368400-0,6199.0,547308.772681052,4179160.3489239216
061500-2012001149313-0,301512.0,553845.4112546889,4182658.2759676324
016400-2013001366906-0,41393.0,549762.3308154824,4180830.151280825
061400-2012000590665-0,62063.0,553324.7868099194,4178548.6917551467
026303-2016000613976-0,200650.0,549322.4957924592,4173523.4646587577
020700-2016001360898-0,419188.0,550737.3753605827,4179649.486521285
020700-2015001260178-0,322372.0,550896.4875507078,4178993.764040922
016900-2014000373437-0,19593.0,550005.698929149,4180086.2806056626
032601-2013001351602-0,69023.0,545894.4460841003,4179907.0431377897
042601-2013000953782-0,584361.0,545902.7413636873,4179916.8642041227
012201-2016000785486-0,36678.0,551440.6739574072,4182171.5779359397
012201-2013001187473-0,97062.0,551386.450674829,4182234.710469616
030600-2015000935210-0,198906.0,547938.4844123299,4177364.384455059
012602-2012001015491-0,245676.0,550251.1213202671,4184584.1722273463
020900-2016000007292-0,126173.0,551413.6627297639,4178590.274283447
031400-2014000403670-0,67305.0,547850.3713321893,4174513.433885173
010900-2013000290674-0,111134.0,550745.6667712056,4183733.33916816
042601-2012001405189-0,88035.0,545902.7413636873,4179916.8642041227
030500-2016000120558-0,121220.0,547674.5771721185,4177991.260090835
018000-2014001272495-1,42785.0,552953.8673806789,4181750.55781784
020100-2016000413711-0,36420.0,550932.3641777933,4180724.185266467
047801-2014001061515-0,59630.0,544765.6016323796,4179847.759084087
026200-2012000899249-0,518848.0,548280.2290547995,4174035.8316348903
025403-2016000883421-0,36652.0,551799.9794427236,4176477.7939575566
600300-2013000025013-0,17119.0,550676.669337565,4173066.0489136926
015700-2014000915225-0,103841.0,548806.3586555115,4182528.116922065
061500-2014000189243-0,342474.0,553907.2596473319,4182272.9365812056
010900-2013000949422-0,184708.0,550802.5297352629,4183530.450319648
025300-2012000990045-0,140396.0,551256.7188460163,4177596.4556592987
012901-2014001011378-0,91474.0,550261.9354623388,4184077.672940272
030301-2014000688612-0,54282.0,547143.1220675675,4179051.886863233
600700-2015001079908-0,13535.0,547029.5917210308,4172818.005350657
016000-2013000348243-0,40044.0,550984.029290079,4182015.6160535384
025403-2012000818695-0,160688.0,550637.6496910036,4176544.160617242
022901-2012000981507-0,207585.0,551565.0430719911,4178513.242044625
011100-2015000798286-0,126093.0,551095.3419832715,4182644.5320627103
022600-2015001087739-1,500087.0,553847.9683134572,4179634.1976415683
013400-2015001096767-0,15939.0,549112.2347594396,4182475.934927934
047702-2014000719650-0,74890.0,545709.7093196239,4179895.5312897097
010400-2013001126970-0,48107.0,552314.888970159,4183729.389892265
035100-2014000688612-0,75720.0,543901.2562030788,4179268.283903078
017000-2016001077525-0,129756.0,549616.2078422729,4179559.894491716
010600-2014001221139-0,17440.0,552192.6993376089,4183606.2148845023
061400-2015001458133-0,122367.0,553245.9265907102,4178830.4646803136
020100-2013001461505-0,215817.0,551163.1234434536,4180700.689557905
015500-2012001093907-0,34528.0,549194.1855814136,4182436.91957811
030400-2013000687996-0,278590.0,547288.9921751537,4177848.901446135
016300-2013000560401-0,68598.0,550051.5542822268,4180878.2931419755
012000-2014000584044-0,24101.0,551257.0760040036,4182565.306736498
030101-2013001284059-0,18248.0,547759.4762073904,4179889.9815764064
031400-2016000714271-0,85886.0,547939.0311319483,4174277.1436361307
016300-2015000074476-0,30515.0,550366.557856311,4180772.9157866416
035300-2015000232684-0,67198.0,544200.6361680394,4176692.179380525
047701-2015000478526-1,240020.0,545520.9073868942,4179883.990013161
023003-2012000097895-0,57966.0,552954.6304091329,4176210.316522328
023001-2013001477429-0,41297.0,552522.7431359214,4176403.57077164
025403-2012001395754-0,198823.0,551785.7519134687,4176445.6337175346
042800-2016001459267-0,47624.0,545520.9073868942,4179883.990013161
030101-2016001472918-0,83538.0,547373.578710458,4179585.6690461794
010200-2013001407490-0,2590.0,551248.080794323,4184901.1940419227
061500-2013001018912-0,102492.0,552778.4953951987,4182532.412881215
030102-2015001114514-1,12043.0,548410.4933980247,4179279.014592913
025200-2015000075945-0,118787.0,551494.6074871251,4177014.7355896924
035400-2015000576110-0,132189.0,543380.5589513087,4177788.684268352
011100-2015001442319-1,83939.0,551239.9671259627,4182668.6147597376
016400-2016001071577-0,2208.0,549762.3308154824,4180830.151280825
016801-2012000035208-0,14815.0,550344.7464874062,4180455.9494527616
047600-2016001208137-2,298733.0,546091.6196481673,4179924.0043512625
021600-2013000971589-0,82107.0,549963.1144274066,4177756.4487064127
032902-2013000836936-0,170498.0,545109.3056957055,4178097.197595877
030800-2016001359359-0,79628.0,547322.6257947411,4176929.085151232
033100-2012001472832-0,115323.0,545184.0838402886,4176293.710930438
047600-2012000577946-0,204962.0,546371.5058873092,4179946.067675711
026002-2015000593536-0,17206.0,550134.0162455325,4175898.3530326104
012201-2012000896708-0,143226.0,551436.2117286131,4182382.628926795
047701-2014001410353-0,88825.0,545615.2401513938,4179889.7597321626
061100-2016000747949-0,153794.0,552589.1182520108,4183408.3161824285
010400-2013000141206-0,163068.0,551910.132009584,4183928.1310564633
026004-2013001289447-0,11969.0,549704.8539591301,4175012.4321238752
061500-2014000470961-6,143925.0,552754.1377624335,4182094.9976441446
047902-2013001304170-0,24430.0,543256.3356915871,4179745.8326805593
010900-2013000465563-0,146890.0,551042.9178497295,4183572.102770573
010800-2014000531215-0,21096.0,551445.9299147658,4183217.911886599
047702-2015001181387-0,99429.0,545520.9073868942,4179883.990013161
060700-2016001337690-1,553707.0,553336.5864412648,4180258.321509011
017101-2016000883421-0,108488.0,548855.271702959,4179696.729585711
026401-2014000622970-0,58212.0,551502.2576472755,4174102.2254620316
016200-2012001011623-0,95417.0,551073.4971362804,4180955.509513076
031400-2015000649880-0,63795.0,547520.9003960073,4174225.215333903
600600-2013001182320-0,18697.0,547259.1647042604,4172579.6998968124
061500-2013000495332-2,364599.0,553785.1908219128,4182538.5397767927
012700-2016000578949-0,60318.0,549294.3851608464,4184448.8180387374
015200-2013000965631-0,79732.0,550499.0193817539,4182653.8785237167
033203-2016000627124-0,191700.0,546503.5455544533,4174507.8271185663
012201-2016000792133-2,165980.0,551436.2117286131,4182382.628926795
026302-2015000792433-0,32450.0,550007.8549064647,4174313.5827141413
032902-2013000039618-0,31025.0,544599.4954120959,4178688.792419969
020800-2016000343847-1,48923.0,551384.4767728387,4178944.9705966017
033000-2014001465996-1,45431.0,545020.6095933153,4177365.0141467624
600300-2016001265541-0,186717.0,550385.9711186255,4173124.7333818804
030302-2012000506698-0,179937.0,546922.6639576118,4178369.6261602063
045200-2013000703503-0,3614.0,546755.7256765414,4179969.641668272
032801-2012000486182-0,109335.0,545687.962958415,4177924.8026001127
012000-2014000804368-1,101935.0,551358.0531442575,4182404.7086989833
026001-2014000155507-0,76193.0,550106.9659049739,4175125.588666524
035202-2015001117089-0,55819.0,543593.049019265,4179664.093595381
021600-2014000980463-0,16291.0,549490.4344139285,4178035.068170202
010200-2016000706643-1,33442.0,550935.8410640245,4184617.4474083288
020900-2014000062447-0,41812.0,551252.596052897,4178202.3222878287
012901-2013000257129-0,31203.0,550608.709138125,4184188.227833897
023400-2016000792533-0,52167.0,553958.0537716255,4174984.0334888143
033204-2015000963616-0,159591.0,546219.3043381937,4174852.731894158
031302-2015000103849-0,181144.0,546703.5473687593,4174283.6195025826
061500-2015000683993-0,361985.0,553322.9353243974,4183145.4877406415
010900-2015000858974-3,282296.0,551174.7948923981,4183508.568380925
016600-2016000021993-0,137921.0,548838.9308283154,4180517.2125253687
012902-2015000726088-0,1118.0,550421.7094791078,4183785.831780799
047902-2016000084420-0,179422.0,543913.1381128912,4179785.8320178846
061500-2016001208919-2,140054.0,553340.3843610868,4182365.070282118
010500-2015000974297-0,8804.0,552807.2305577435,4183168.775405433
025701-2015001018132-0,163588.0,552052.5981118014,4176104.690324907
016200-2016000518702-0,80510.0,551226.4816798067,4181122.8843974727
010400-2013000210619-0,258838.0,552225.4313322701,4184267.5325490455
042800-2014000088156-0,13962.0,544765.6016323796,4179847.759084087
021600-2013001213921-0,185846.0,548843.0714731663,4177870.4820875814
600402-2012000910390-0,71237.0,547995.7029635438,4173240.452544535
030302-2013000586989-0,7674.0,546376.59850845,4178278.540160508
015400-2013000958884-0,251640.0,548806.3586555115,4182528.116922065
010400-2015000939365-0,178990.0,551985.2102357647,4183993.0915900953
600401-2015000572456-0,203134.0,548935.7757770834,4173359.346604687
020800-2014001318600-0,179133.0,551273.7619210456,4179114.4112601858
012800-2013000769552-0,76557.0,549026.1401361851,4183447.2797145518
020200-2016000979789-0,125228.0,550540.5162022129,4180126.335437143
016900-2012000560508-0,335386.0,550286.0601032816,4180270.8316869563
026002-2015000602251-0,51201.0,550639.7625057736,4175628.6039077784
030600-2015001362009-0,435774.0,548165.7016405084,4177398.977433129
061500-2016000298400-0,66269.0,553302.6223914359,4182558.779339758
030700-2014001273305-0,326041.0,548125.8974386975,4177241.5147478953
012202-2016001130461-0,167463.0,551181.239959978,4182128.4037909475
030201-2013000340172-0,671488.0,546165.8465139323,4179404.0426163785
061500-2016000611544-3,287216.0,553514.077532849,4183087.8224541126
035201-2013000968322-0,46708.0,543267.2588411542,4178815.2886738395
016300-2015000664621-0,9857.0,550051.5542822268,4180878.2931419755
042601-2014000668297-0,19155.0,545902.7413636873,4179916.8642041227
022902-2014000069925-0,98893.0,552056.1643983303,4178464.774145973
012700-2014000464255-1,157679.0,548806.3875112562,4184313.8074041763
016500-2014000164056-0,63160.0,548804.3349231994,4180723.9125879444
013000-2016000482583-2,266259.0,550220.6900773863,4183433.5672561247
015900-2012000745560-0,376716.0,549805.7527396872,4182538.3519002264
016400-2012000614316-1,239997.0,549445.1914206587,4180777.369339255
013000-2014000005386-2,365449.0,550203.4542243666,4183536.993054812
032602-2014001108222-1,177650.0,545813.579842011,4178970.6228865115
010400-2012000203588-0,62982.0,551861.472134197,4184132.934331407
030202-2016000656691-1,79986.0,546957.2982034103,4179767.5064210314
025402-2012000199690-0,48040.0,551494.6074871251,4177014.7355896924
025701-2012000830049-0,133323.0,551640.6791330993,4176230.1635848847
017000-2015000524445-0,9510.0,549289.9636684763,4179992.9111735225
016500-2012000206828-0,22799.0,549217.777122008,4180740.607778494
010200-2014000809809-0,17600.0,550699.4325895904,4184149.847312311
025401-2013000203714-1,167834.0,551186.2126977993,4176772.9912833055
061500-2012000225982-3,827294.0,553571.6916924515,4183026.2847295916
030102-2012000902073-0,44175.0,547545.1540558701,4178410.317763038
010200-2012000700304-0,54663.0,550745.6667712056,4183733.33916816
025500-2012000538044-0,313520.0,549363.6146770276,4175871.4617599715
031400-2012001043023-1,248649.0,547939.0311319483,4174277.1436361307
022702-2012000947039-0,188320.0,553441.4200489759,4179525.817661513
030500-2016000806483-0,62322.0,547940.7826317782,4178376.887640306
035201-2015000828777-0,94693.0,543187.029244103,4179122.2980960123
017000-2015000379537-0,208295.0,549528.3108759868,4180006.456293933
012202-2015000619883-0,35181.0,551039.9697174164,4182104.9089332838
016500-2016000949691-0,47838.0,549217.777122008,4180740.607778494
032901-2014001368476-0,142890.0,544769.3416213449,4177454.315787888
600300-2014000697035-0,28470.0,549599.6373934199,4173516.854152522
020700-2012001147482-1,335597.0,550615.1576655845,4179327.0096970294
061500-2013001111447-2,725292.0,553648.832890823,4182059.142843447
025701-2012000035333-1,147209.0,551794.6137372036,4176281.1964188097
010600-2015000858092-0,186810.0,552140.3588150404,4183929.9249716764
010200-2015000933737-0,412074.0,550716.5591063094,4184046.4272476686
600401-2013001000559-0,22811.0,549031.2310326339,4173268.6046264973
026402-2016000324417-1,159145.0,552362.0980589758,4174800.22335161
035100-2012000855238-0,171236.0,544316.5550138868,4178671.5500955996
026302-2015001148963-1,123935.0,550151.9147861458,4173595.62578805
025401-2013000275022-0,79422.0,551111.8019678621,4176917.6895486335
015300-2013001404358-0,9340.0,549486.7435861822,4182485.3565181773
031201-2014001268258-0,191221.0,547388.8457919487,4175154.2295609685
061200-2013001345049-0,11688.0,553283.6492413335,4176824.7582660867
016500-2014000050840-1,72338.0,548600.7388003985,4180638.107523039
020200-2013001484167-1,587772.0,550616.1783155653,4179864.9726169268
010200-2013001027012-0,227211.0,550668.2135253994,4184464.625494087
061500-2015000863453-1,171990.0,552584.553308292,4182334.5389758637
022704-2012000848705-0,20684.0,552902.3767089312,4179765.594803688
026200-2014000707966-1,375092.0,548022.6502091414,4173555.8281472432
010200-2014001327621-0,165929.0,550780.3459152604,4183871.735014328
600500-2013001023414-0,19813.0,548201.9876593776,4172694.2526228353
013101-2012000431285-0,107342.0,550610.4153571335,4182878.450565825
015700-2012000226415-0,31721.0,548951.097382822,4182552.187682421
012201-2014000319822-1,22168.0,551473.2094940145,4182070.397423954
060700-2016000050220-0,272783.0,553876.3038829905,4181749.312428534
025800-2014000974015-0,32213.0,552756.9580541768,4174875.911263177
022704-2014000207959-0,96811.0,552829.7689287574,4179424.9835377415
010600-2014000231580-0,213.0,551870.7312500667,4183921.7135602385
033204-2012000025664-0,349112.0,545424.4914812886,4174998.974383817
060700-2016000101584-2,261391.0,553924.4780727387,4181086.953522783
047902-2015001203262-0,144662.0,543728.3249291338,4179774.575068162
061100-2014001079165-0,135400.0,552389.6330625161,4183260.190489061
047600-2012001099597-0,10366.0,546091.6196481673,4179924.0043512625
013102-2013000148113-0,16817.0,550481.987494236,4182756.9831848154
020700-2016000410804-0,20014.0,550768.9922666659,4178983.263272605
016801-2013001058570-0,244402.0,550068.7114839472,4180775.244153819
025300-2014000370597-0,60639.0,551062.9345822462,4177659.689358808
032901-2013000336615-0,144823.0,544448.8895988971,4178056.930055936
600700-2016001146049-2,520834.0,547211.3317354877,4173367.3640232477
018000-2016001507854-0,66796.0,551798.3640809236,4180586.1721027354
010400-2015000035619-0,29139.0,551806.3431157409,4184176.4138508784
016600-2014001273369-0,35513.0,548473.5343888019,4180509.5292834714
035300-2014001428766-2,999756.0,544515.3395667599,4177852.7825051956
012602-2016000257342-0,80527.0,549294.3851608464,4184448.8180387374
025600-2012000096708-0,121071.0,550569.4020455193,4176070.717573775
022801-2013000710023-3,381893.0,552077.8978640842,4179180.7659550477
042601-2016001471865-0,14799.0,545615.2401513938,4179889.7597321626
035300-2012000522346-0,19256.0,544178.3447153443,4177832.5520357145
016200-2012001042020-0,9255.0,551113.283497053,4180998.6731474306
030301-2014000696748-0,289794.0,546655.4806169171,4179285.418211381
012000-2013000756113-0,91127.0,551189.2377313457,4182527.4707105905
012000-2014001308445-0,18184.0,551418.9309998204,4182486.2517364416
016700-2016001403392-0,2372.0,549239.2355323411,4180116.953783503
031400-2015000648324-0,25246.0,548038.5563747167,4174000.4872433934
032902-2016000528021-0,30451.0,544612.1469212389,4178481.8082436426
017802-2013000328004-1,19538.0,552490.3689190308,4181557.45422256
020600-2013001280709-1,426009.0,550395.8429854123,4179666.846602658
015500-2015000355519-0,32066.0,549194.1855814136,4182436.91957811
013400-2012001183878-1,299839.0,549194.1855814136,4182436.91957811
032700-2015001362468-0,303395.0,544857.3317401083,4179119.797127908
013000-2016001426787-0,24691.0,549850.4843719554,4183425.108467646
015300-2012000075137-0,16212.0,549486.7435861822,4182485.3565181773
030101-2016001422251-0,346852.0,547754.7941662598,4179838.400309391
010100-2012000596480-0,191592.0,551130.2960340485,4184682.7295167553
022801-2016000324670-0,239224.0,551697.2552619587,4179238.406493119
030800-2015001150102-0,68535.0,547164.6930300836,4177229.6260113483
020800-2016000883171-0,29290.0,551265.1906812977,4179024.4858290358
022902-2015001037251-0,8793.0,551879.9715153235,4178632.6286390047
010600-2014001183243-2,51018.0,552484.998709488,4183577.217395071
022902-2012001172726-0,106345.0,551894.9711570346,4178447.675165432
035400-2016000022874-0,130971.0,543718.9532653026,4177597.0554555682
033203-2012000648526-0,30625.0,546429.4120355994,4174221.9817530685
010200-2012000376103-0,180200.0,550742.4652890572,4184316.759652541
012700-2012000543919-0,34036.0,548685.9023662733,4184144.5995216398
030302-2012001297122-0,89710.0,546293.5330621174,4178480.616190009
020200-2012001413414-0,172624.0,550773.9901114356,4180431.60549276
033203-2016000471058-0,15603.0,545486.7415945367,4174713.1352489023
015200-2014000146991-0,73764.0,550499.0193817539,4182653.8785237167
030400-2013000868842-0,242515.0,547288.9921751537,4177848.901446135
035100-2016000912092-1,341725.0,544058.8038478133,4178240.5747562973
012301-2016000897147-0,877.0,551700.6159112818,4182134.1391731463
023300-2015000753362-0,55080.0,553021.5621259117,4175687.3420384917
021200-2013000865611-0,154113.0,549196.3424359289,4178637.817069127
031201-2014001254541-1,43480.0,548268.2841167895,4174987.883604455
032802-2015000621093-1,150438.0,545851.4486779695,4178349.9903256837
020600-2016000462731-0,218485.0,549956.3285545564,4179496.7698010076
026100-2015001011192-0,234937.0,549605.748646298,4175198.5851206053
012202-2012000692733-0,85294.0,551039.9697174164,4182104.9089332838
025500-2013000081232-0,141947.0,549067.9178368561,4175754.228720743
032902-2012000767249-0,15264.0,544490.0572151488,4178266.945064406
060700-2014000563285-0,12892.0,553884.9317760337,4181872.7778133643
016600-2012001418731-1,46139.0,548905.1161510897,4180581.3868161617
015900-2012000321836-0,180619.0,550984.029290079,4182015.6160535384
013300-2014001287572-0,323047.0,548806.3586555115,4182528.116922065
060700-2012000481992-0,672889.0,553972.4474918342,4180774.731991496
010600-2012000620079-0,25446.0,552484.998709488,4183577.217395071
010900-2014000137760-0,15180.0,550802.5297352629,4183530.450319648
020100-2014000539191-0,39311.0,550927.0595876507,4179782.7575714067
016200-2012000069769-0,26906.0,551226.4816798067,4181122.8843974727
060700-2013000634576-1,485415.0,554033.4608757112,4180573.1510441583
030400-2012000827420-0,80837.0,547196.1182265361,4178308.460259185
018000-2016000002009-0,17712.0,552649.2279818477,4181443.7528803754
025701-2013001213422-0,17863.0,551158.1124247204,4175988.730482473
030102-2014001255531-0,22857.0,548290.7610349783,4179269.2134123035
025403-2014001324460-0,180225.0,550940.2423808151,4176381.0313770026
060700-2013001437404-2,294003.0,554019.5166282497,4180627.854292554
012202-2012000497271-0,48913.0,551057.238717993,4182001.096761288
021600-2016001372390-0,288957.0,549791.0091133129,4177567.2928109067
031400-2016000145824-1,126418.0,548004.2202850017,4174610.505574107
033204-2014000898431-0,215574.0,546132.3170934322,4174883.2895449298
061500-2013000484805-1,185012.0,553887.1077357219,4182443.8242280222
026404-2016000179018-0,290107.0,551800.3368980376,4173630.1624930454
031400-2012001413655-0,218054.0,547939.0311319483,4174277.1436361307
021700-2015001111362-0,25695.0,549337.5223016548,4177220.070655594
600401-2015000521130-0,44135.0,548821.3193590315,4173359.7225920837
030201-2016000875533-0,65701.0,546646.4777285666,4179433.344342067
026402-2014001494560-0,26681.0,552716.0963419483,4174708.594043388
035201-2014000837629-0,527540.0,543242.137644326,4178710.7958748443
013102-2012001171760-2,103668.0,550449.5792875972,4182951.852219401
035100-2013001059897-0,200321.0,544316.5550138868,4178671.5500955996
015200-2015000533984-0,94038.0,550273.5619263505,4182669.230121053
026301-2014000847897-0,112532.0,549150.3743322145,4174027.1971782725
031201-2016001287029-0,18203.0,547748.6169502512,4174990.8686698554
016100-2013000785833-0,128584.0,550984.029290079,4182015.6160535384
012501-2013000588265-1,428979.0,551938.890618125,4182042.03280933
015200-2015000085904-0,68818.0,549733.4589419637,4182526.3756436026
600700-2016000359632-0,24877.0,547532.9142168404,4173086.787406385
030700-2015001002095-0,13371.0,548231.1096670965,4176674.0260703852
021700-2013001217174-0,15264.0,548460.8044684646,4177500.885127287
045200-2015000079844-0,149194.0,546371.5058873092,4179946.067675711
033201-2012000025664-0,135417.0,545673.8638337341,4175028.1385124796
031201-2016001005485-0,142806.0,547838.5120192124,4174991.722115683
025300-2013001027615-0,180966.0,550872.9486159959,4177319.1933090817
017000-2012000811422-0,8336.0,549545.8607781753,4180239.34669191
021800-2012001236155-0,16977.0,550801.3754602304,4177327.44522974
023400-2015001200123-0,19525.0,553958.0537716255,4174984.0334888143
023001-2012000208056-0,152442.0,553019.9457094694,4176561.9915267956
060400-2016001462293-0,30870.0,544140.3248996687,4174490.94604682
061000-2012000608867-0,154979.0,553955.7359457006,4174302.555582108
015400-2014000237061-0,19046.0,548806.3586555115,4182528.116922065
016300-2015000639464-0,52201.0,550051.5542822268,4180878.2931419755
025200-2014000712853-0,131435.0,551459.3693098114,4177740.115110404
023300-2013000958844-0,11063.0,553314.1253451693,4175579.5720286136
010900-2016000955704-0,123429.0,551155.2180628867,4183732.4461565856
016100-2013000603996-0,10793.0,550051.5542822268,4180878.2931419755
015500-2015000633660-0,61346.0,549631.3845485374,4182509.4164751777
020700-2015001322215-0,270565.0,550756.1214984318,4179428.228139463
017101-2014000127137-0,10711.0,548640.1438554047,4179953.150367227
016801-2012001020283-0,162536.0,550333.011955511,4180527.0598204993
010900-2014000673949-0,56546.0,551053.1575082876,4183786.329921082
032601-2012001201746-0,76946.0,545869.9856330166,4179597.8272490995
015400-2013000857371-0,10484.0,548806.3586555115,4182528.116922065
061500-2014001093093-3,325680.0,552340.9685731739,4182182.3224104047
013400-2014001252223-0,18592.0,549533.9854453059,4182649.074741857
035300-2016001023916-1,245798.0,544323.0976772213,4177010.9840300567
026004-2013001095891-0,95936.0,549498.9915669143,4174584.8946304354
030201-2013000359552-0,97668.0,546483.6882446086,4179738.4699588697
061500-2015000570464-2,266791.0,553507.8031074483,4181809.6710657803
021500-2012000127148-0,56137.0,550226.6099562226,4177420.354173822
015200-2014000156511-0,125142.0,550499.0193817539,4182653.8785237167
010600-2012001448305-0,41328.0,552255.0989424582,4183772.6206151396
015900-2013001445609-0,19389.0,550273.5619263505,4182669.230121053
015400-2015001188273-0,44772.0,548806.3586555115,4182528.116922065
060700-2013001385093-3,205335.0,553876.3038829905,4181749.312428534
021300-2012001331300-0,39944.0,549583.7671220254,4178082.884257488
030900-2014000783178-0,135677.0,547169.4689369746,4176451.4971443545
017000-2014001309733-0,265650.0,549559.4830926212,4179574.276440479
010900-2014000151829-0,155280.0,551024.7271019302,4183515.51437278
021600-2016000809642-0,127815.0,549909.1302840819,4177724.1783387484
035400-2013000328068-0,142729.0,543410.3504181723,4177059.913006038
025500-2013001425605-1,673785.0,549565.5414091937,4175909.6749505363
010900-2012001405223-0,112142.0,551227.4191998362,4183816.0054946574
016900-2012001395754-1,83159.0,549824.4917298685,4179895.1146578044
021600-2012000788704-0,21761.0,548878.5274441862,4177681.895252553
030202-2013000087276-0,162580.0,547129.1259781084,4179981.9322136305
013102-2014000643218-1,259823.0,550237.9041210408,4183330.174655777
016700-2012001387739-0,55482.0,549071.9121162251,4180362.153369319
012501-2013000072110-0,23916.0,551890.9423548938,4181882.810956383
600200-2015000813499-0,117188.0,551384.3755614131,4173664.5215591043
021200-2015000763909-0,23944.0,549184.8959875864,4178495.8572057737
047600-2014001318838-0,88496.0,546371.5058873092,4179946.067675711
026004-2013000261007-0,99887.0,549479.9127334252,4174868.9118615147
017802-2013000609715-0,146887.0,552307.7673768378,4181295.6284150584
025900-2013001288243-0,30924.0,551535.8334013389,4175347.6831722576
013102-2012000256849-0,81001.0,550417.1780707311,4183146.5328369867
021800-2013000180849-0,89160.0,550519.2722798162,4177001.1313940324
010900-2012001379980-0,457051.0,550745.6667712056,4183733.33916816
010500-2012000138732-0,86132.0,553158.0018156418,4183552.97164247
061500-2014000750075-1,119139.0,553090.6119039659,4182025.5839879215
060700-2013000312160-2,682911.0,554075.9777203976,4180128.509636339
013101-2013001313378-0,91146.0,550477.409429013,4183231.4539845493
021700-2012001267291-0,89342.0,549980.0369620319,4177325.0894179298
016700-2016001074249-0,57582.0,549031.1175464211,4180332.2083029365
023300-2015000870818-0,159664.0,553053.2632334654,4175640.463404674
021300-2015000781002-0,179910.0,549591.1375515755,4177993.3953120066
016300-2012000760117-0,23248.0,550366.557856311,4180772.9157866416
061400-2014000584044-0,43599.0,552670.1381465198,4178750.8954171645
032802-2015000455334-0,113262.0,546122.5032007406,4178550.1897049416
020300-2013000416466-0,199716.0,550160.8202855967,4180028.983649604
060700-2013001017578-0,74621.0,553729.1324254426,4181588.99286675
013000-2016000398737-0,63597.0,550694.4145260521,4183671.837637878
030102-2016000006217-0,22955.0,547772.0119101885,4178837.3366624746
026200-2014000664715-0,82347.0,547818.7583002732,4173781.1635417473
013000-2014000417685-0,3706.0,550348.1231036091,4183561.077243506
030101-2013000343725-0,164566.0,547784.5895981393,4179725.656621106
016000-2015000256008-0,64066.0,550958.2099815772,4182170.791386802
030700-2015001355718-0,145059.0,548278.2693145081,4177248.225036777
022803-2015000695352-0,156494.0,551929.7888514455,4178989.95688467
010500-2012000203588-0,150131.0,553289.2214060377,4183372.0047009923
013101-2015000050212-0,70235.0,550561.7520939559,4183170.6089847386
012000-2012000374827-0,379506.0,551358.0531442575,4182404.7086989833
020600-2013001280709-0,426009.0,550575.5623275078,4179278.945705897
013500-2012001001272-0,92011.0,549884.1734923909,4182757.6214840617
061500-2012000688967-5,485142.0,553071.4634380658,4182142.949787412
033000-2015000413884-0,262761.0,544835.7801878784,4177145.976269944
030900-2013001008156-0,159530.0,546493.4094738597,4175567.728825098
025500-2012000324064-0,36459.0,549711.2400318577,4175993.189041769
010900-2012001139656-0,30780.0,551171.9657568265,4183666.2164364737
012602-2012000700963-0,64938.0,549767.8277243641,4184391.2873235424
600402-2016000105511-0,16137.0,548151.1525001938,4173089.481819502
032801-2012000487844-0,163529.0,545889.3179483596,4177729.3418085077
020600-2012000496406-0,178893.0,549896.0424400459,4179625.5984021737
061500-2013000948227-2,324152.0,553307.9648640098,4182108.289701094
600700-2014000110789-0,26465.0,548005.2570986103,4173460.4921775963
061500-2014001085534-3,251133.0,553571.6916924515,4183026.2847295916
010200-2015000371606-0,148110.0,551130.2960340485,4184682.7295167553
015200-2014000230596-0,20306.0,549805.7527396872,4182538.3519002264
013102-2015000327024-0,2562.0,550796.0065342952,4182699.24932862
017102-2013000668307-0,22412.0,548456.2756404046,4179507.6793486965
015500-2013000102647-0,248217.0,549486.7435861822,4182485.3565181773
015500-2015000042380-0,177037.0,549805.7527396872,4182538.3519002264
011100-2012000242051-3,459608.0,551307.0321364473,4182712.365171119
021600-2016001333897-0,103025.0,549757.9161604771,4177919.9449209915
035100-2014000438519-0,34602.0,544288.2560692702,4178358.181504448
023102-2015001488666-0,76263.0,554073.5414769761,4176344.799341851
020200-2012000323637-0,20383.0,550582.1747994274,4180452.399871677
030600-2014000768058-0,123606.0,548284.926936414,4177441.4096843656
035300-2013001314089-0,213789.0,544310.5320726364,4177216.986649381
012201-2015001194177-0,243635.0,551325.9048996972,4182152.471436525
020200-2014000087937-0,169312.0,550787.777580444,4179788.006079558
015400-2014001269289-0,163583.0,548806.3586555115,4182528.116922065
010900-2013001485345-0,21009.0,551041.2016987575,4183416.551301425
032602-2014001180865-0,233663.0,545305.210306539,4179542.3223996796
061500-2015000398447-1,144067.0,553885.513188537,4182509.9260349493
015700-2016000126373-0,15333.0,548804.3349231994,4180723.9125879444
030400-2015001060705-0,104190.0,547029.933634577,4177615.341170397
026403-2016000711545-0,48530.0,551944.848852997,4173788.944684757
061500-2013000073819-1,889091.0,553071.4634380658,4182142.949787412
018000-2015000777866-1,737912.0,552860.1734062439,4181109.806953353
032700-2015000856216-1,50519.0,544668.6828745625,4179108.2764983783
023102-2012000121328-0,66086.0,554357.3285844717,4176091.2495436594
012902-2015000521193-2,171681.0,549906.7544443307,4183911.9205413666
030201-2016000470661-0,318624.0,546288.1255988679,4179726.490210903
030400-2015000382639-0,189410.0,547309.9398833553,4178230.963497037
025200-2016000338365-0,35326.0,551835.1214164917,4177710.7469606055
022702-2014001168008-0,95410.0,553220.5136720499,4179863.4239758966
030400-2014001310132-0,93652.0,547136.2032200678,4178036.4732213393
023003-2016000212389-0,46908.0,553584.5531508399,4176218.2617720608
020700-2014001089657-0,187836.0,550811.4045541381,4178852.3724690443
030800-2012001447302-0,156232.0,547359.786950238,4177125.512235455
015200-2012000561336-0,292578.0,549984.4121298678,4182620.985431583
010900-2014000058545-1,40339.0,551250.8243467123,4183501.458084468
013400-2012000213253-1,191164.0,549323.7134008103,4182563.9206884503
030301-2015001348209-0,125186.0,546775.6162931985,4178858.0730322534
600800-2014001325153-3,341956.0,546277.2127696496,4173035.7628559284
045100-2013000144850-0,196263.0,548184.7657540732,4180585.601871842
035400-2016001479397-0,71347.0,543472.8787537646,4176964.3415826918
016400-2014000132504-0,58109.0,549639.357368986,4180809.68166958
026301-2016001507091-0,159734.0,549877.6125728772,4174335.6953067454
017802-2013000355041-0,64216.0,552325.1150915546,4181176.6240715142
012902-2015001506748-0,131370.0,549785.8747299756,4183812.8056549053
047802-2016001176125-0,220037.0,544765.6016323796,4179847.759084087
032601-2012001243911-0,51671.0,545894.4460841003,4179907.0431377897
030700-2016000407652-0,26925.0,549460.7225479973,4176395.4886993347
026003-2014001230128-0,243215.0,550264.2010578098,4175148.3302324153
022704-2013000970689-0,112314.0,552624.9045883338,4179814.7954654656
061500-2016000798990-0,207244.0,553572.2211548707,4182748.718980754
016500-2012000933140-1,694851.0,549217.777122008,4180740.607778494
013000-2015001345120-2,54946.0,550527.146908493,4183378.351631891
015100-2014000805103-1,22186.0,550837.115685327,4182389.4207599736
010900-2016000427822-0,22033.0,551158.0607873085,4183608.6779820444
032801-2016000629576-1,297934.0,545700.6162656103,4177717.8032895895
022704-2015000953620-0,15197.0,552624.9045883338,4179814.7954654656
015500-2016000077941-0,92778.0,549194.1855814136,4182436.91957811
047801-2014000862655-0,19015.0,544765.6016323796,4179847.759084087
016700-2013001237688-0,181410.0,549088.111801403,4180406.092889891
035400-2015000320373-0,9899.0,543442.3451620403,4176760.008211106
026200-2014000069002-1,337407.0,548291.2800525955,4173669.9777218765
061500-2016001502738-0,57139.0,553439.8031615263,4181485.848047786
015400-2012001040227-0,24240.0,548806.3586555115,4182528.116922065
017700-2012000718529-0,13508.0,552029.4083685561,4180269.707149408
021500-2016000442052-0,195239.0,550923.2124918678,4177744.7138461815
010400-2016000821780-0,85344.0,551815.48262091,4184017.5017502923
061400-2014000809942-0,13010.0,553515.4045365262,4179094.249265044
015200-2015000704715-0,145636.0,550273.5619263505,4182669.230121053
042700-2013000122241-0,106985.0,544765.6016323796,4179847.759084087
032700-2016000421109-0,35692.0,544967.3250781747,4179645.6932008388
033100-2012001090927-0,115547.0,545184.0838402886,4176293.710930438
047801-2015000998356-0,13276.0,544907.2808778539,4179851.4534634016
016400-2015001332953-0,180186.0,549445.1914206587,4180777.369339255
020200-2012001366627-0,14050.0,550689.6408912779,4180329.142101261
016801-2014000489904-0,18783.0,550344.7464874062,4180455.9494527616
022903-2012000143600-0,15864.0,552070.444931593,4178286.9340807013
021300-2015000786649-0,24245.0,549576.7699478273,4178171.121699975
061500-2012000084651-3,1416840.0,553788.6743190736,4182717.6263082214
026402-2016000017946-0,107627.0,552715.2913149905,4174339.8539800756
015600-2012000506200-0,121929.0,548184.7657540732,4180585.601871842
026402-2015000788408-0,81916.0,552718.7115774958,4174413.659397074
035300-2014001145490-0,25749.0,544135.1753128315,4177933.6696171993
045200-2013001088780-0,153241.0,546921.9442388882,4179969.7764992723
016700-2012001395754-0,331258.0,549843.2562745904,4180790.647152145
020700-2013001459789-0,1550.0,550778.3616844851,4179697.937142353
047702-2013001414738-0,169099.0,545520.9073868942,4179883.990013161
012000-2015000952815-0,227127.0,550932.3640914599,4182325.4285322623
010400-2016001011747-0,20370.0,552469.2594050115,4183967.5764754713
042700-2013001014778-0,217537.0,544765.6016323796,4179847.759084087
016700-2013000027772-0,215698.0,549037.8769078593,4180049.6903329184
030302-2016000933833-0,49854.0,546293.5330621174,4178480.616190009
016600-2013000625586-0,71650.0,548196.7817407027,4180357.037160568
025403-2014000712726-0,15443.0,551317.9700348455,4176434.59943686
020100-2016001168592-0,52667.0,551005.7410660685,4180353.0285104113
061100-2016001385848-0,234038.0,552653.1022202026,4183457.506287229
060700-2012001070158-1,87126.0,553290.3202631108,4180726.4753051065
012501-2015001394702-0,24754.0,551956.0441419106,4181938.8041206775
016400-2015000383914-0,92928.0,549445.1914206587,4180777.369339255
021600-2015000195821-0,39424.0,550096.0819269947,4177811.389184879
031400-2015000857370-0,39697.0,547939.0311319483,4174277.1436361307
042700-2012000117107-0,226892.0,544765.6016323796,4179847.759084087
047701-2013000697331-0,76676.0,545520.9073868942,4179883.990013161
013400-2016001339453-0,12367.0,549598.0499998017,4182709.9914497295
030800-2015001124034-0,19943.0,546784.0152698709,4176629.160548893
061500-2015000104665-2,117408.0,553071.4634380658,4182142.949787412
047701-2012000224584-0,248105.0,545520.9073868942,4179883.990013161
012902-2015000291319-0,137915.0,549862.4796334156,4183799.3728166567
020600-2014001002231-1,359849.0,549941.2732685232,4179092.8985980097
