vehicleId,vehicleTypeId,householdId
1-0,Car,016000-2014000455995-0
1-1,Car,016000-2014000455995-0
1-2,Car,016000-2014000455995-0
2-0,Car,061100-2013000008150-1
2-1,Car,061100-2013000008150-1
3-0,Car,017000-2015000063355-0
3-1,Car,017000-2015000063355-0
3-2,Car,017000-2015000063355-0
4-0,Car,012902-2016000182530-0
4-1,Car,012902-2016000182530-0
5-0,Car,011100-2014001267489-0
5-1,Car,011100-2014001267489-0
6-0,Car,021800-2012000597914-0
6-1,Car,021800-2012000597914-0
7-0,Car,010600-2015000498519-0
7-1,Car,010600-2015000498519-0
7-2,Car,010600-2015000498519-0
8-0,Car,035202-2015000355565-0
8-1,Car,035202-2015000355565-0
8-2,Car,035202-2015000355565-0
8-3,Car,035202-2015000355565-0
8-4,Car,035202-2015000355565-0
9-0,Car,031302-2013000160510-0
9-1,Car,031302-2013000160510-0
9-2,Car,031302-2013000160510-0
10-0,Car,032802-2013000341024-2
10-1,Car,032802-2013000341024-2
10-2,Car,032802-2013000341024-2
10-3,Car,032802-2013000341024-2
11-0,Car,033203-2012000297907-0
11-1,Car,033203-2012000297907-0
11-2,Car,033203-2012000297907-0
12-0,Car,042601-2012001371043-0
12-1,Car,042601-2012001371043-0
12-2,Car,042601-2012001371043-0
12-3,Car,042601-2012001371043-0
12-4,Car,042601-2012001371043-0
13-0,Car,012902-2016000616747-0
13-1,Car,012902-2016000616747-0
13-2,Car,012902-2016000616747-0
14-0,Car,012800-2014001355299-0
14-1,Car,012800-2014001355299-0
15-0,Car,035300-2015000297796-0
15-1,Car,035300-2015000297796-0
15-2,Car,035300-2015000297796-0
15-3,Car,035300-2015000297796-0
15-4,Car,035300-2015000297796-0
16-0,Car,032902-2015000237058-1
16-1,Car,032902-2015000237058-1
16-2,Car,032902-2015000237058-1
17-0,Car,012700-2012000397830-0
17-1,Car,012700-2012000397830-0
17-2,Car,012700-2012000397830-0
18-0,Car,010600-2015001346035-0
18-1,Car,010600-2015001346035-0
19-0,Car,016400-2013000081115-0
19-1,Car,016400-2013000081115-0
19-2,Car,016400-2013000081115-0
20-0,Car,026001-2015000132478-0
20-1,Car,026001-2015000132478-0
20-2,Car,026001-2015000132478-0
21-0,Car,030900-2014000226093-0
21-1,Car,030900-2014000226093-0
22-0,Car,060502-2016001173133-0
22-1,Car,060502-2016001173133-0
22-2,Car,060502-2016001173133-0
22-3,Car,060502-2016001173133-0
22-4,Car,060502-2016001173133-0
23-0,Car,020800-2013001345354-0
23-1,Car,020800-2013001345354-0
23-2,Car,020800-2013001345354-0
24-0,Car,045100-2013000254479-1
24-1,Car,045100-2013000254479-1
25-0,Car,017601-2016000823983-0
25-1,Car,017601-2016000823983-0
26-0,Car,030800-2013000290904-0
26-1,Car,030800-2013000290904-0
27-0,Car,012800-2012000307582-0
27-1,Car,012800-2012000307582-0
28-0,Car,016700-2013000416445-0
28-1,Car,016700-2013000416445-0
29-0,Car,061500-2013000303330-1
29-1,Car,061500-2013000303330-1
30-0,Car,020800-2013001279170-1
30-1,Car,020800-2013001279170-1
30-2,Car,020800-2013001279170-1
30-3,Car,020800-2013001279170-1
30-4,Car,020800-2013001279170-1
31-0,Car,017000-2015000497455-0
31-1,Car,017000-2015000497455-0
32-0,Car,042800-2016001351601-0
32-1,Car,042800-2016001351601-0
33-0,Car,031201-2014000419339-0
33-1,Car,031201-2014000419339-0
34-0,Car,047701-2012000506200-0
34-1,Car,047701-2012000506200-0
34-2,Car,047701-2012000506200-0
35-0,Car,022702-2013001174005-0
35-1,Car,022702-2013001174005-0
35-2,Car,022702-2013001174005-0
36-0,Car,010900-2012001140018-0
36-1,Car,010900-2012001140018-0
36-2,Car,010900-2012001140018-0
37-0,Car,016400-2016001345781-0
37-1,Car,016400-2016001345781-0
37-2,Car,016400-2016001345781-0
38-0,Car,031201-2016001275552-0
38-1,Car,031201-2016001275552-0
38-2,Car,031201-2016001275552-0
38-3,Car,031201-2016001275552-0
39-0,Car,026402-2015000950980-0
39-1,Car,026402-2015000950980-0
39-2,Car,026402-2015000950980-0
40-0,Car,016801-2016001409190-0
40-1,Car,016801-2016001409190-0
41-0,Car,042601-2013000611431-0
41-1,Car,042601-2013000611431-0
41-2,Car,042601-2013000611431-0
41-3,Car,042601-2013000611431-0
42-0,Car,030202-2014000639823-0
42-1,Car,030202-2014000639823-0
42-2,Car,030202-2014000639823-0
43-0,Car,023103-2014000408809-0
43-1,Car,023103-2014000408809-0
44-0,Car,021600-2016001018413-0
44-1,Car,021600-2016001018413-0
45-0,Car,031302-2014001135852-0
45-1,Car,031302-2014001135852-0
45-2,Car,031302-2014001135852-0
45-3,Car,031302-2014001135852-0
46-0,Car,035400-2015000777810-0
46-1,Car,035400-2015000777810-0
46-2,Car,035400-2015000777810-0
47-0,Car,017101-2013000767409-0
47-1,Car,017101-2013000767409-0
48-0,Car,020200-2016000071368-0
48-1,Car,020200-2016000071368-0
48-2,Car,020200-2016000071368-0
48-3,Car,020200-2016000071368-0
48-4,Car,020200-2016000071368-0
49-0,Car,013102-2012000088760-0
49-1,Car,013102-2012000088760-0
50-0,Car,032700-2013000255010-0
50-1,Car,032700-2013000255010-0
50-2,Car,032700-2013000255010-0
50-3,Car,032700-2013000255010-0
51-0,Car,025600-2013000213997-0
51-1,Car,025600-2013000213997-0
51-2,Car,025600-2013000213997-0
51-3,Car,025600-2013000213997-0
52-0,Car,033000-2012001101876-1
52-1,Car,033000-2012001101876-1
52-2,Car,033000-2012001101876-1
52-3,Car,033000-2012001101876-1
52-4,Car,033000-2012001101876-1
53-0,Car,012202-2014001317122-0
53-1,Car,012202-2014001317122-0
53-2,Car,012202-2014001317122-0
53-3,Car,012202-2014001317122-0
54-0,Car,025702-2015000866130-0
54-1,Car,025702-2015000866130-0
54-2,Car,025702-2015000866130-0
54-3,Car,025702-2015000866130-0
55-0,Car,021800-2012001178100-1
55-1,Car,021800-2012001178100-1
55-2,Car,021800-2012001178100-1
55-3,Car,021800-2012001178100-1
55-4,Car,021800-2012001178100-1
56-0,Car,045100-2015001319835-0
56-1,Car,045100-2015001319835-0
56-2,Car,045100-2015001319835-0
56-3,Car,045100-2015001319835-0
56-4,Car,045100-2015001319835-0
57-0,Car,033000-2014000025730-0
57-1,Car,033000-2014000025730-0
57-2,Car,033000-2014000025730-0
57-3,Car,033000-2014000025730-0
57-4,Car,033000-2014000025730-0
58-0,Car,012700-2013001173617-0
58-1,Car,012700-2013001173617-0
58-2,Car,012700-2013001173617-0
59-0,Car,017601-2016001314748-1
59-1,Car,017601-2016001314748-1
59-2,Car,017601-2016001314748-1
60-0,Car,016000-2016001255287-0
60-1,Car,016000-2016001255287-0
60-2,Car,016000-2016001255287-0
60-3,Car,016000-2016001255287-0
60-4,Car,016000-2016001255287-0
61-0,Car,012000-2016001041982-3
61-1,Car,012000-2016001041982-3
62-0,Car,010400-2012001111568-1
62-1,Car,010400-2012001111568-1
63-0,Car,030302-2012001160042-0
63-1,Car,030302-2012001160042-0
63-2,Car,030302-2012001160042-0
64-0,Car,047702-2014000788620-0
64-1,Car,047702-2014000788620-0
65-0,Car,026100-2015000176781-0
65-1,Car,026100-2015000176781-0
66-0,Car,016100-2013000299037-0
66-1,Car,016100-2013000299037-0
67-0,Car,020300-2012000254343-0
67-1,Car,020300-2012000254343-0
68-0,Car,035300-2012001378514-0
68-1,Car,035300-2012001378514-0
68-2,Car,035300-2012001378514-0
68-3,Car,035300-2012001378514-0
68-4,Car,035300-2012001378514-0
69-0,Car,022903-2015001470545-0
69-1,Car,022903-2015001470545-0
69-2,Car,022903-2015001470545-0
69-3,Car,022903-2015001470545-0
69-4,Car,022903-2015001470545-0
70-0,Car,010900-2012000768576-0
70-1,Car,010900-2012000768576-0
70-2,Car,010900-2012000768576-0
71-0,Car,020800-2016000935099-1
71-1,Car,020800-2016000935099-1
72-0,Car,015700-2013000432658-0
72-1,Car,015700-2013000432658-0
73-0,Car,026301-2014001060732-2
73-1,Car,026301-2014001060732-2
73-2,Car,026301-2014001060732-2
74-0,Car,032602-2014000094508-0
74-1,Car,032602-2014000094508-0
74-2,Car,032602-2014000094508-0
75-0,Car,025300-2016000293257-0
75-1,Car,025300-2016000293257-0
76-0,Car,013400-2012000349614-2
76-1,Car,013400-2012000349614-2
77-0,Car,047701-2015000283136-1
77-1,Car,047701-2015000283136-1
78-0,Car,061400-2015001282334-1
78-1,Car,061400-2015001282334-1
78-2,Car,061400-2015001282334-1
79-0,Car,030700-2012000079366-0
79-1,Car,030700-2012000079366-0
80-0,Car,020900-2014001008328-0
80-1,Car,020900-2014001008328-0
80-2,Car,020900-2014001008328-0
80-3,Car,020900-2014001008328-0
81-0,Car,021600-2015000197744-0
81-1,Car,021600-2015000197744-0
81-2,Car,021600-2015000197744-0
81-3,Car,021600-2015000197744-0
82-0,Car,025403-2014000405130-0
82-1,Car,025403-2014000405130-0
82-2,Car,025403-2014000405130-0
82-3,Car,025403-2014000405130-0
82-4,Car,025403-2014000405130-0
83-0,Car,031400-2014000788156-0
83-1,Car,031400-2014000788156-0
83-2,Car,031400-2014000788156-0
83-3,Car,031400-2014000788156-0
83-4,Car,031400-2014000788156-0
84-0,Car,021500-2015001455603-1
84-1,Car,021500-2015001455603-1
84-2,Car,021500-2015001455603-1
84-3,Car,021500-2015001455603-1
84-4,Car,021500-2015001455603-1
85-0,Car,033100-2016000792194-0
85-1,Car,033100-2016000792194-0
85-2,Car,033100-2016000792194-0
85-3,Car,033100-2016000792194-0
86-0,Car,013300-2013000240624-0
86-1,Car,013300-2013000240624-0
86-2,Car,013300-2013000240624-0
87-0,Car,030700-2016000221287-0
87-1,Car,030700-2016000221287-0
87-2,Car,030700-2016000221287-0
87-3,Car,030700-2016000221287-0
87-4,Car,030700-2016000221287-0
88-0,Car,012301-2015000488247-0
88-1,Car,012301-2015000488247-0
88-2,Car,012301-2015000488247-0
89-0,Car,030201-2015000502336-0
89-1,Car,030201-2015000502336-0
89-2,Car,030201-2015000502336-0
89-3,Car,030201-2015000502336-0
90-0,Car,031302-2014000996485-0
90-1,Car,031302-2014000996485-0
90-2,Car,031302-2014000996485-0
91-0,Car,016700-2013000625848-0
91-1,Car,016700-2013000625848-0
91-2,Car,016700-2013000625848-0
92-0,Car,017601-2012000405878-0
92-1,Car,017601-2012000405878-0
92-2,Car,017601-2012000405878-0
93-0,Car,010900-2016000805028-0
93-1,Car,010900-2016000805028-0
93-2,Car,010900-2016000805028-0
93-3,Car,010900-2016000805028-0
94-0,Car,015700-2013001443049-0
94-1,Car,015700-2013001443049-0
94-2,Car,015700-2013001443049-0
94-3,Car,015700-2013001443049-0
94-4,Car,015700-2013001443049-0
95-0,Car,021800-2015000742202-0
95-1,Car,021800-2015000742202-0
95-2,Car,021800-2015000742202-0
95-3,Car,021800-2015000742202-0
95-4,Car,021800-2015000742202-0
96-0,Car,032802-2015000355182-0
96-1,Car,032802-2015000355182-0
97-0,Car,033000-2015001265097-0
97-1,Car,033000-2015001265097-0
97-2,Car,033000-2015001265097-0
98-0,Car,060700-2014000005294-0
98-1,Car,060700-2014000005294-0
98-2,Car,060700-2014000005294-0
98-3,Car,060700-2014000005294-0
99-0,Car,035400-2014000660131-0
99-1,Car,035400-2014000660131-0
99-2,Car,035400-2014000660131-0
100-0,Car,016300-2012000576020-0
100-1,Car,016300-2012000576020-0
100-2,Car,016300-2012000576020-0
100-3,Car,016300-2012000576020-0
101-0,Car,016801-2015000213706-0
101-1,Car,016801-2015000213706-0
101-2,Car,016801-2015000213706-0
101-3,Car,016801-2015000213706-0
101-4,Car,016801-2015000213706-0
102-0,Car,017601-2014000027259-0
102-1,Car,017601-2014000027259-0
103-0,Car,010200-2014000909482-0
103-1,Car,010200-2014000909482-0
103-2,Car,010200-2014000909482-0
104-0,Car,035100-2014000315414-0
104-1,Car,035100-2014000315414-0
104-2,Car,035100-2014000315414-0
104-3,Car,035100-2014000315414-0
104-4,Car,035100-2014000315414-0
105-0,Car,031302-2013000818418-0
105-1,Car,031302-2013000818418-0
105-2,Car,031302-2013000818418-0
106-0,Car,010800-2016001385884-0
106-1,Car,010800-2016001385884-0
106-2,Car,010800-2016001385884-0
107-0,Car,021200-2014000896410-1
107-1,Car,021200-2014000896410-1
108-0,Car,013102-2013000343063-0
108-1,Car,013102-2013000343063-0
109-0,Car,010600-2015000598330-0
109-1,Car,010600-2015000598330-0
110-0,Car,042601-2012000726013-0
110-1,Car,042601-2012000726013-0
110-2,Car,042601-2012000726013-0
111-0,Car,035100-2012000390561-0
111-1,Car,035100-2012000390561-0
111-2,Car,035100-2012000390561-0
111-3,Car,035100-2012000390561-0
112-0,Car,035100-2015000185832-2
112-1,Car,035100-2015000185832-2
112-2,Car,035100-2015000185832-2
112-3,Car,035100-2015000185832-2
112-4,Car,035100-2015000185832-2
113-0,Car,032901-2015001358920-0
113-1,Car,032901-2015001358920-0
113-2,Car,032901-2015001358920-0
114-0,Car,600600-2012001449901-0
114-1,Car,600600-2012001449901-0
114-2,Car,600600-2012001449901-0
115-0,Car,016400-2016000237898-0
115-1,Car,016400-2016000237898-0
115-2,Car,016400-2016000237898-0
115-3,Car,016400-2016000237898-0
116-0,Car,015700-2014001212701-1
116-1,Car,015700-2014001212701-1
116-2,Car,015700-2014001212701-1
116-3,Car,015700-2014001212701-1
117-0,Car,020700-2014001294560-0
117-1,Car,020700-2014001294560-0
117-2,Car,020700-2014001294560-0
117-3,Car,020700-2014001294560-0
118-0,Car,047902-2016001447354-0
118-1,Car,047902-2016001447354-0
119-0,Car,017000-2014000310991-0
119-1,Car,017000-2014000310991-0
119-2,Car,017000-2014000310991-0
120-0,Car,033204-2013001005226-0
120-1,Car,033204-2013001005226-0
120-2,Car,033204-2013001005226-0
120-3,Car,033204-2013001005226-0
120-4,Car,033204-2013001005226-0
121-0,Car,010400-2014001477600-3
121-1,Car,010400-2014001477600-3
122-0,Car,047600-2014000038346-0
122-1,Car,047600-2014000038346-0
122-2,Car,047600-2014000038346-0
122-3,Car,047600-2014000038346-0
123-0,Car,060700-2014000542215-1
123-1,Car,060700-2014000542215-1
124-0,Car,021300-2012000618474-0
124-1,Car,021300-2012000618474-0
124-2,Car,021300-2012000618474-0
125-0,Car,047802-2015000658288-0
125-1,Car,047802-2015000658288-0
125-2,Car,047802-2015000658288-0
126-0,Car,020300-2012001373007-0
126-1,Car,020300-2012001373007-0
127-0,Car,012301-2012001424584-0
127-1,Car,012301-2012001424584-0
127-2,Car,012301-2012001424584-0
127-3,Car,012301-2012001424584-0
128-0,Car,035201-2014000847839-0
128-1,Car,035201-2014000847839-0
128-2,Car,035201-2014000847839-0
129-0,Car,016400-2015001364898-0
129-1,Car,016400-2015001364898-0
129-2,Car,016400-2015001364898-0
129-3,Car,016400-2015001364898-0
130-0,Car,010400-2015000635660-0
130-1,Car,010400-2015000635660-0
130-2,Car,010400-2015000635660-0
131-0,Car,016400-2014000107126-0
131-1,Car,016400-2014000107126-0
131-2,Car,016400-2014000107126-0
132-0,Car,025900-2013001087427-0
132-1,Car,025900-2013001087427-0
133-0,Car,013102-2015000557669-0
133-1,Car,013102-2015000557669-0
134-0,Car,022903-2014000691728-0
134-1,Car,022903-2014000691728-0
134-2,Car,022903-2014000691728-0
135-0,Car,021800-2013000077130-0
135-1,Car,021800-2013000077130-0
135-2,Car,021800-2013000077130-0
135-3,Car,021800-2013000077130-0
135-4,Car,021800-2013000077130-0
136-0,Car,016100-2012000437445-0
136-1,Car,016100-2012000437445-0
136-2,Car,016100-2012000437445-0
136-3,Car,016100-2012000437445-0
136-4,Car,016100-2012000437445-0
137-0,Car,013000-2013000980929-0
137-1,Car,013000-2013000980929-0
138-0,Car,030800-2016001364106-0
138-1,Car,030800-2016001364106-0
138-2,Car,030800-2016001364106-0
138-3,Car,030800-2016001364106-0
139-0,Car,047801-2013001201643-0
139-1,Car,047801-2013001201643-0
140-0,Car,017802-2015001103130-0
140-1,Car,017802-2015001103130-0
141-0,Car,020100-2012000028777-1
141-1,Car,020100-2012000028777-1
141-2,Car,020100-2012000028777-1
141-3,Car,020100-2012000028777-1
142-0,Car,030202-2012000294274-0
142-1,Car,030202-2012000294274-0
142-2,Car,030202-2012000294274-0
142-3,Car,030202-2012000294274-0
142-4,Car,030202-2012000294274-0
143-0,Car,016000-2012000503933-0
143-1,Car,016000-2012000503933-0
143-2,Car,016000-2012000503933-0
144-0,Car,021500-2013001033977-0
144-1,Car,021500-2013001033977-0
144-2,Car,021500-2013001033977-0
144-3,Car,021500-2013001033977-0
144-4,Car,021500-2013001033977-0
145-0,Car,010600-2016000103186-0
145-1,Car,010600-2016000103186-0
145-2,Car,010600-2016000103186-0
146-0,Car,035300-2013000800750-0
146-1,Car,035300-2013000800750-0
146-2,Car,035300-2013000800750-0
146-3,Car,035300-2013000800750-0
146-4,Car,035300-2013000800750-0
147-0,Car,045200-2016000926749-0
147-1,Car,045200-2016000926749-0
148-0,Car,060700-2014000220927-0
148-1,Car,060700-2014000220927-0
149-0,Car,035400-2015000355182-0
149-1,Car,035400-2015000355182-0
150-0,Car,035100-2016000185194-0
150-1,Car,035100-2016000185194-0
150-2,Car,035100-2016000185194-0
151-0,Car,012202-2016001049565-0
151-1,Car,012202-2016001049565-0
152-0,Car,030202-2016000025297-0
152-1,Car,030202-2016000025297-0
152-2,Car,030202-2016000025297-0
152-3,Car,030202-2016000025297-0
153-0,Car,012602-2014001016459-0
153-1,Car,012602-2014001016459-0
154-0,Car,031302-2016000204353-0
154-1,Car,031302-2016000204353-0
155-0,Car,016200-2013000629950-0
155-1,Car,016200-2013000629950-0
155-2,Car,016200-2013000629950-0
156-0,Car,025402-2016000097817-0
156-1,Car,025402-2016000097817-0
156-2,Car,025402-2016000097817-0
157-0,Car,013101-2014001499292-0
157-1,Car,013101-2014001499292-0
157-2,Car,013101-2014001499292-0
157-3,Car,013101-2014001499292-0
157-4,Car,013101-2014001499292-0
158-0,Car,061400-2013001270771-1
158-1,Car,061400-2013001270771-1
158-2,Car,061400-2013001270771-1
158-3,Car,061400-2013001270771-1
159-0,Car,032801-2016001006825-0
159-1,Car,032801-2016001006825-0
159-2,Car,032801-2016001006825-0
160-0,Car,025100-2012000275249-0
160-1,Car,025100-2012000275249-0
161-0,Car,020300-2015000105861-0
161-1,Car,020300-2015000105861-0
161-2,Car,020300-2015000105861-0
162-0,Car,042602-2012000478352-0
162-1,Car,042602-2012000478352-0
162-2,Car,042602-2012000478352-0
163-0,Car,025701-2016000596503-0
163-1,Car,025701-2016000596503-0
163-2,Car,025701-2016000596503-0
164-0,Car,016300-2014001297346-0
164-1,Car,016300-2014001297346-0
164-2,Car,016300-2014001297346-0
165-0,Car,012100-2016000719449-0
165-1,Car,012100-2016000719449-0
166-0,Car,600200-2015000929834-0
166-1,Car,600200-2015000929834-0
166-2,Car,600200-2015000929834-0
166-3,Car,600200-2015000929834-0
166-4,Car,600200-2015000929834-0
167-0,Car,013400-2012000506009-2
167-1,Car,013400-2012000506009-2
167-2,Car,013400-2012000506009-2
167-3,Car,013400-2012000506009-2
168-0,Car,030202-2013001137202-0
168-1,Car,030202-2013001137202-0
169-0,Car,032700-2016001305358-0
169-1,Car,032700-2016001305358-0
170-0,Car,012901-2016001446789-0
170-1,Car,012901-2016001446789-0
170-2,Car,012901-2016001446789-0
171-0,Car,025401-2012001153799-0
171-1,Car,025401-2012001153799-0
171-2,Car,025401-2012001153799-0
171-3,Car,025401-2012001153799-0
172-0,Car,030800-2016000227368-1
172-1,Car,030800-2016000227368-1
172-2,Car,030800-2016000227368-1
172-3,Car,030800-2016000227368-1
172-4,Car,030800-2016000227368-1
173-0,Car,031302-2012000358469-0
173-1,Car,031302-2012000358469-0
174-0,Car,030202-2016000076919-0
174-1,Car,030202-2016000076919-0
174-2,Car,030202-2016000076919-0
174-3,Car,030202-2016000076919-0
175-0,Car,017102-2016000053183-0
175-1,Car,017102-2016000053183-0
176-0,Car,013500-2015000443201-0
176-1,Car,013500-2015000443201-0
176-2,Car,013500-2015000443201-0
176-3,Car,013500-2015000443201-0
177-0,Car,010800-2014000742242-0
177-1,Car,010800-2014000742242-0
178-0,Car,017802-2014000839166-0
178-1,Car,017802-2014000839166-0
178-2,Car,017802-2014000839166-0
179-0,Car,020600-2015000596876-0
179-1,Car,020600-2015000596876-0
179-2,Car,020600-2015000596876-0
180-0,Car,022702-2013000402305-0
180-1,Car,022702-2013000402305-0
181-0,Car,023003-2012000121328-0
181-1,Car,023003-2012000121328-0
181-2,Car,023003-2012000121328-0
181-3,Car,023003-2012000121328-0
182-0,Car,042800-2016000854485-0
182-1,Car,042800-2016000854485-0
182-2,Car,042800-2016000854485-0
183-0,Car,012501-2013001183738-0
183-1,Car,012501-2013001183738-0
183-2,Car,012501-2013001183738-0
183-3,Car,012501-2013001183738-0
184-0,Car,022901-2015000835056-0
184-1,Car,022901-2015000835056-0
185-0,Car,032602-2015001118156-0
185-1,Car,032602-2015001118156-0
185-2,Car,032602-2015001118156-0
186-0,Car,025402-2014000492634-0
186-1,Car,025402-2014000492634-0
186-2,Car,025402-2014000492634-0
187-0,Car,032902-2012000208696-0
187-1,Car,032902-2012000208696-0
187-2,Car,032902-2012000208696-0
188-0,Car,033204-2012000973077-0
188-1,Car,033204-2012000973077-0
188-2,Car,033204-2012000973077-0
189-0,Car,030700-2013000784517-0
189-1,Car,030700-2013000784517-0
189-2,Car,030700-2013000784517-0
189-3,Car,030700-2013000784517-0
190-0,Car,025402-2013000712809-0
190-1,Car,025402-2013000712809-0
190-2,Car,025402-2013000712809-0
190-3,Car,025402-2013000712809-0
190-4,Car,025402-2013000712809-0
191-0,Car,022600-2015000138415-0
191-1,Car,022600-2015000138415-0
191-2,Car,022600-2015000138415-0
192-0,Car,010600-2013000040063-0
192-1,Car,010600-2013000040063-0
192-2,Car,010600-2013000040063-0
193-0,Car,600401-2015001118560-0
193-1,Car,600401-2015001118560-0
194-0,Car,010500-2015000121225-0
194-1,Car,010500-2015000121225-0
195-0,Car,017000-2014001105619-0
195-1,Car,017000-2014001105619-0
196-0,Car,026100-2012000066457-0
196-1,Car,026100-2012000066457-0
197-0,Car,047802-2016000763052-0
197-1,Car,047802-2016000763052-0
198-0,Car,015900-2014000226919-0
198-1,Car,015900-2014000226919-0
198-2,Car,015900-2014000226919-0
198-3,Car,015900-2014000226919-0
198-4,Car,015900-2014000226919-0
199-0,Car,030102-2014000737619-0
199-1,Car,030102-2014000737619-0
199-2,Car,030102-2014000737619-0
199-3,Car,030102-2014000737619-0
199-4,Car,030102-2014000737619-0
200-0,Car,010100-2013001163188-0
200-1,Car,010100-2013001163188-0
201-0,Car,035300-2015001202094-1
201-1,Car,035300-2015001202094-1
202-0,Car,047802-2016000976430-0
202-1,Car,047802-2016000976430-0
203-0,Car,016300-2016000202136-0
203-1,Car,016300-2016000202136-0
203-2,Car,016300-2016000202136-0
203-3,Car,016300-2016000202136-0
204-0,Car,020200-2013000318971-0
204-1,Car,020200-2013000318971-0
204-2,Car,020200-2013000318971-0
205-0,Car,016900-2015001293998-0
205-1,Car,016900-2015001293998-0
205-2,Car,016900-2015001293998-0
206-0,Car,012201-2016000799995-0
206-1,Car,012201-2016000799995-0
206-2,Car,012201-2016000799995-0
207-0,Car,022802-2012001386215-0
207-1,Car,022802-2012001386215-0
207-2,Car,022802-2012001386215-0
208-0,Car,033204-2015000312571-0
208-1,Car,033204-2015000312571-0
208-2,Car,033204-2015000312571-0
208-3,Car,033204-2015000312571-0
208-4,Car,033204-2015000312571-0
209-0,Car,031400-2016000027951-1
209-1,Car,031400-2016000027951-1
209-2,Car,031400-2016000027951-1
210-0,Car,012501-2016000706115-0
210-1,Car,012501-2016000706115-0
210-2,Car,012501-2016000706115-0
210-3,Car,012501-2016000706115-0
210-4,Car,012501-2016000706115-0
211-0,Car,011100-2015001111372-0
211-1,Car,011100-2015001111372-0
211-2,Car,011100-2015001111372-0
212-0,Car,035300-2016000883913-0
212-1,Car,035300-2016000883913-0
212-2,Car,035300-2016000883913-0
212-3,Car,035300-2016000883913-0
213-0,Car,033000-2014000885580-0
213-1,Car,033000-2014000885580-0
213-2,Car,033000-2014000885580-0
214-0,Car,012000-2012001332565-0
214-1,Car,012000-2012001332565-0
214-2,Car,012000-2012001332565-0
214-3,Car,012000-2012001332565-0
214-4,Car,012000-2012001332565-0
215-0,Car,022903-2016000105103-0
215-1,Car,022903-2016000105103-0
215-2,Car,022903-2016000105103-0
216-0,Car,026200-2016000932981-0
216-1,Car,026200-2016000932981-0
216-2,Car,026200-2016000932981-0
216-3,Car,026200-2016000932981-0
216-4,Car,026200-2016000932981-0
217-0,Car,035400-2015000350730-0
217-1,Car,035400-2015000350730-0
217-2,Car,035400-2015000350730-0
217-3,Car,035400-2015000350730-0
218-0,Car,026302-2012000031464-0
218-1,Car,026302-2012000031464-0
218-2,Car,026302-2012000031464-0
219-0,Car,033000-2014000265406-3
219-1,Car,033000-2014000265406-3
219-2,Car,033000-2014000265406-3
219-3,Car,033000-2014000265406-3
220-0,Car,026401-2014000056046-0
220-1,Car,026401-2014000056046-0
220-2,Car,026401-2014000056046-0
220-3,Car,026401-2014000056046-0
220-4,Car,026401-2014000056046-0
221-0,Car,026001-2013001098042-0
221-1,Car,026001-2013001098042-0
222-0,Car,017000-2013001124342-0
222-1,Car,017000-2013001124342-0
222-2,Car,017000-2013001124342-0
223-0,Car,021600-2014000354590-0
223-1,Car,021600-2014000354590-0
223-2,Car,021600-2014000354590-0
224-0,Car,016600-2013000239445-0
224-1,Car,016600-2013000239445-0
224-2,Car,016600-2013000239445-0
224-3,Car,016600-2013000239445-0
225-0,Car,026404-2013000504012-0
225-1,Car,026404-2013000504012-0
225-2,Car,026404-2013000504012-0
225-3,Car,026404-2013000504012-0
226-0,Car,017601-2016000010048-2
226-1,Car,017601-2016000010048-2
227-0,Car,021500-2012000035208-0
227-1,Car,021500-2012000035208-0
228-0,Car,022801-2016000262460-0
228-1,Car,022801-2016000262460-0
228-2,Car,022801-2016000262460-0
229-0,Car,017101-2015001226391-0
229-1,Car,017101-2015001226391-0
230-0,Car,025701-2016000056682-0
230-1,Car,025701-2016000056682-0
230-2,Car,025701-2016000056682-0
231-0,Car,023003-2013000382737-0
231-1,Car,023003-2013000382737-0
231-2,Car,023003-2013000382737-0
231-3,Car,023003-2013000382737-0
231-4,Car,023003-2013000382737-0
232-0,Car,035201-2015001379985-0
232-1,Car,035201-2015001379985-0
232-2,Car,035201-2015001379985-0
233-0,Car,026303-2013000882280-0
233-1,Car,026303-2013000882280-0
233-2,Car,026303-2013000882280-0
233-3,Car,026303-2013000882280-0
233-4,Car,026303-2013000882280-0
234-0,Car,012800-2013000120600-0
234-1,Car,012800-2013000120600-0
235-0,Car,015300-2012001493578-0
235-1,Car,015300-2012001493578-0
236-0,Car,035400-2016000410053-0
236-1,Car,035400-2016000410053-0
236-2,Car,035400-2016000410053-0
236-3,Car,035400-2016000410053-0
236-4,Car,035400-2016000410053-0
237-0,Car,030301-2016001476215-0
237-1,Car,030301-2016001476215-0
238-0,Car,010900-2014001274324-0
238-1,Car,010900-2014001274324-0
239-0,Car,031400-2013001106601-0
239-1,Car,031400-2013001106601-0
239-2,Car,031400-2013001106601-0
239-3,Car,031400-2013001106601-0
239-4,Car,031400-2013001106601-0
240-0,Car,017601-2014000833783-0
240-1,Car,017601-2014000833783-0
241-0,Car,015600-2015000156378-0
241-1,Car,015600-2015000156378-0
242-0,Car,030202-2015000856216-0
242-1,Car,030202-2015000856216-0
242-2,Car,030202-2015000856216-0
243-0,Car,047902-2013001019908-0
243-1,Car,047902-2013001019908-0
243-2,Car,047902-2013001019908-0
243-3,Car,047902-2013001019908-0
244-0,Car,013300-2013000524563-0
244-1,Car,013300-2013000524563-0
244-2,Car,013300-2013000524563-0
245-0,Car,061500-2014000724828-1
245-1,Car,061500-2014000724828-1
246-0,Car,023300-2015001029325-0
246-1,Car,023300-2015001029325-0
246-2,Car,023300-2015001029325-0
246-3,Car,023300-2015001029325-0
246-4,Car,023300-2015001029325-0
247-0,Car,045200-2015000685348-0
247-1,Car,045200-2015000685348-0
248-0,Car,061000-2013000498813-0
248-1,Car,061000-2013000498813-0
248-2,Car,061000-2013000498813-0
249-0,Car,020600-2016000427518-3
249-1,Car,020600-2016000427518-3
250-0,Car,600200-2015000249377-0
250-1,Car,600200-2015000249377-0
250-2,Car,600200-2015000249377-0
251-0,Car,017601-2014001104232-0
251-1,Car,017601-2014001104232-0
251-2,Car,017601-2014001104232-0
252-0,Car,061500-2014000705464-4
252-1,Car,061500-2014000705464-4
253-0,Car,025500-2015001456857-0
253-1,Car,025500-2015001456857-0
253-2,Car,025500-2015001456857-0
253-3,Car,025500-2015001456857-0
254-0,Car,012201-2014000784581-0
254-1,Car,012201-2014000784581-0
255-0,Car,045200-2015001053769-0
255-1,Car,045200-2015001053769-0
255-2,Car,045200-2015001053769-0
255-3,Car,045200-2015001053769-0
256-0,Car,010500-2015001345120-1
256-1,Car,010500-2015001345120-1
257-0,Car,030102-2013000651120-0
257-1,Car,030102-2013000651120-0
257-2,Car,030102-2013000651120-0
258-0,Car,061100-2016001405141-2
258-1,Car,061100-2016001405141-2
258-2,Car,061100-2016001405141-2
259-0,Car,030800-2013000422164-0
259-1,Car,030800-2013000422164-0
259-2,Car,030800-2013000422164-0
260-0,Car,032902-2012000329549-0
260-1,Car,032902-2012000329549-0
260-2,Car,032902-2012000329549-0
261-0,Car,047902-2012001051890-0
261-1,Car,047902-2012001051890-0
262-0,Car,015500-2014000174901-0
262-1,Car,015500-2014000174901-0
262-2,Car,015500-2014000174901-0
263-0,Car,010800-2016000432298-0
263-1,Car,010800-2016000432298-0
263-2,Car,010800-2016000432298-0
264-0,Car,061000-2013000872151-0
264-1,Car,061000-2013000872151-0
264-2,Car,061000-2013000872151-0
264-3,Car,061000-2013000872151-0
265-0,Car,021200-2016000359631-0
265-1,Car,021200-2016000359631-0
265-2,Car,021200-2016000359631-0
265-3,Car,021200-2016000359631-0
266-0,Car,047801-2016000099641-0
266-1,Car,047801-2016000099641-0
267-0,Car,033203-2012000378914-1
267-1,Car,033203-2012000378914-1
267-2,Car,033203-2012000378914-1
268-0,Car,013102-2014001390575-0
268-1,Car,013102-2014001390575-0
269-0,Car,012201-2014000245828-0
269-1,Car,012201-2014000245828-0
270-0,Car,030102-2016000915765-0
270-1,Car,030102-2016000915765-0
270-2,Car,030102-2016000915765-0
270-3,Car,030102-2016000915765-0
270-4,Car,030102-2016000915765-0
271-0,Car,016600-2016000093294-1
271-1,Car,016600-2016000093294-1
272-0,Car,016500-2016000168884-0
272-1,Car,016500-2016000168884-0
272-2,Car,016500-2016000168884-0
272-3,Car,016500-2016000168884-0
272-4,Car,016500-2016000168884-0
273-0,Car,020700-2013000080675-0
273-1,Car,020700-2013000080675-0
273-2,Car,020700-2013000080675-0
273-3,Car,020700-2013000080675-0
274-0,Car,600900-2013000179752-0
274-1,Car,600900-2013000179752-0
274-2,Car,600900-2013000179752-0
274-3,Car,600900-2013000179752-0
275-0,Car,060700-2012000760995-0
275-1,Car,060700-2012000760995-0
276-0,Car,030700-2014001382787-0
276-1,Car,030700-2014001382787-0
276-2,Car,030700-2014001382787-0
277-0,Car,016500-2013001015955-0
277-1,Car,016500-2013001015955-0
278-0,Car,032802-2012000308517-0
278-1,Car,032802-2012000308517-0
278-2,Car,032802-2012000308517-0
279-0,Car,015200-2012001459593-0
279-1,Car,015200-2012001459593-0
279-2,Car,015200-2012001459593-0
279-3,Car,015200-2012001459593-0
280-0,Car,032602-2016001358668-0
280-1,Car,032602-2016001358668-0
280-2,Car,032602-2016001358668-0
280-3,Car,032602-2016001358668-0
281-0,Car,015500-2015000171399-0
281-1,Car,015500-2015000171399-0
282-0,Car,016500-2015000892233-3
282-1,Car,016500-2015000892233-3
283-0,Car,016000-2015000370869-0
283-1,Car,016000-2015000370869-0
284-0,Car,025300-2013001223329-0
284-1,Car,025300-2013001223329-0
285-0,Car,017102-2015000610535-0
285-1,Car,017102-2015000610535-0
285-2,Car,017102-2015000610535-0
285-3,Car,017102-2015000610535-0
286-0,Car,016300-2016000391945-0
286-1,Car,016300-2016000391945-0
286-2,Car,016300-2016000391945-0
287-0,Car,022902-2012001105608-0
287-1,Car,022902-2012001105608-0
288-0,Car,047902-2015000434920-0
288-1,Car,047902-2015000434920-0
289-0,Car,016500-2013000373520-0
289-1,Car,016500-2013000373520-0
289-2,Car,016500-2013000373520-0
290-0,Car,010400-2012000546598-0
290-1,Car,010400-2012000546598-0
291-0,Car,033000-2013001140814-1
291-1,Car,033000-2013001140814-1
291-2,Car,033000-2013001140814-1
291-3,Car,033000-2013001140814-1
291-4,Car,033000-2013001140814-1
292-0,Car,061500-2013000588265-9
292-1,Car,061500-2013000588265-9
293-0,Car,030301-2016001389672-0
293-1,Car,030301-2016001389672-0
293-2,Car,030301-2016001389672-0
294-0,Car,032801-2016000379814-0
294-1,Car,032801-2016000379814-0
294-2,Car,032801-2016000379814-0
294-3,Car,032801-2016000379814-0
295-0,Car,032801-2016000136507-0
295-1,Car,032801-2016000136507-0
295-2,Car,032801-2016000136507-0
296-0,Car,031400-2012001369472-0
296-1,Car,031400-2012001369472-0
297-0,Car,023102-2016001203317-0
297-1,Car,023102-2016001203317-0
298-0,Car,010500-2016000806879-0
298-1,Car,010500-2016000806879-0
298-2,Car,010500-2016000806879-0
298-3,Car,010500-2016000806879-0
299-0,Car,020800-2013000381029-0
299-1,Car,020800-2013000381029-0
299-2,Car,020800-2013000381029-0
299-3,Car,020800-2013000381029-0
300-0,Car,047600-2014001170285-0
300-1,Car,047600-2014001170285-0
300-2,Car,047600-2014001170285-0
301-0,Car,020600-2014000896410-0
301-1,Car,020600-2014000896410-0
302-0,Car,060700-2014000470961-5
302-1,Car,060700-2014000470961-5
302-2,Car,060700-2014000470961-5
303-0,Car,016500-2013000194064-0
303-1,Car,016500-2013000194064-0
303-2,Car,016500-2013000194064-0
304-0,Car,030202-2014000751651-1
304-1,Car,030202-2014000751651-1
304-2,Car,030202-2014000751651-1
305-0,Car,023102-2014001060732-0
305-1,Car,023102-2014001060732-0
305-2,Car,023102-2014001060732-0
306-0,Car,042700-2015000104440-1
306-1,Car,042700-2015000104440-1
307-0,Car,015700-2014000686170-0
307-1,Car,015700-2014000686170-0
308-0,Car,030301-2016000012842-0
308-1,Car,030301-2016000012842-0
308-2,Car,030301-2016000012842-0
309-0,Car,022902-2013000533151-0
309-1,Car,022902-2013000533151-0
310-0,Car,020900-2014000181043-1
310-1,Car,020900-2014000181043-1
310-2,Car,020900-2014000181043-1
310-3,Car,020900-2014000181043-1
311-0,Car,015400-2015000437915-3
311-1,Car,015400-2015000437915-3
311-2,Car,015400-2015000437915-3
312-0,Car,016400-2015001093698-0
312-1,Car,016400-2015001093698-0
312-2,Car,016400-2015001093698-0
313-0,Car,026402-2016000321066-0
313-1,Car,026402-2016000321066-0
313-2,Car,026402-2016000321066-0
313-3,Car,026402-2016000321066-0
314-0,Car,033100-2015001057865-0
314-1,Car,033100-2015001057865-0
314-2,Car,033100-2015001057865-0
314-3,Car,033100-2015001057865-0
314-4,Car,033100-2015001057865-0
315-0,Car,060700-2016000567146-1
315-1,Car,060700-2016000567146-1
316-0,Car,030101-2015001362468-1
316-1,Car,030101-2015001362468-1
316-2,Car,030101-2015001362468-1
317-0,Car,047902-2012000446359-0
317-1,Car,047902-2012000446359-0
317-2,Car,047902-2012000446359-0
318-0,Car,021800-2013000371919-0
318-1,Car,021800-2013000371919-0
318-2,Car,021800-2013000371919-0
318-3,Car,021800-2013000371919-0
318-4,Car,021800-2013000371919-0
319-0,Car,016300-2016000772596-0
319-1,Car,016300-2016000772596-0
319-2,Car,016300-2016000772596-0
320-0,Car,035300-2014000513296-1
320-1,Car,035300-2014000513296-1
320-2,Car,035300-2014000513296-1
321-0,Car,016000-2014000088156-0
321-1,Car,016000-2014000088156-0
322-0,Car,021500-2016000645938-0
322-1,Car,021500-2016000645938-0
323-0,Car,032700-2012000996623-1
323-1,Car,032700-2012000996623-1
323-2,Car,032700-2012000996623-1
323-3,Car,032700-2012000996623-1
323-4,Car,032700-2012000996623-1
324-0,Car,017802-2014000235576-1
324-1,Car,017802-2014000235576-1
325-0,Car,021600-2013000573783-0
325-1,Car,021600-2013000573783-0
325-2,Car,021600-2013000573783-0
326-0,Car,017101-2015000407936-0
326-1,Car,017101-2015000407936-0
326-2,Car,017101-2015000407936-0
327-0,Car,061100-2013000363105-0
327-1,Car,061100-2013000363105-0
327-2,Car,061100-2013000363105-0
327-3,Car,061100-2013000363105-0
328-0,Car,010900-2014001424656-0
328-1,Car,010900-2014001424656-0
329-0,Car,026002-2014001331159-0
329-1,Car,026002-2014001331159-0
329-2,Car,026002-2014001331159-0
329-3,Car,026002-2014001331159-0
329-4,Car,026002-2014001331159-0
330-0,Car,012202-2013000609715-0
330-1,Car,012202-2013000609715-0
330-2,Car,012202-2013000609715-0
330-3,Car,012202-2013000609715-0
331-0,Car,060700-2016000674094-2
331-1,Car,060700-2016000674094-2
332-0,Car,030800-2015000705172-0
332-1,Car,030800-2015000705172-0
332-2,Car,030800-2015000705172-0
333-0,Car,033000-2015000751741-0
333-1,Car,033000-2015000751741-0
333-2,Car,033000-2015000751741-0
334-0,Car,012000-2012001224143-1
334-1,Car,012000-2012001224143-1
335-0,Car,025701-2012000622524-0
335-1,Car,025701-2012000622524-0
335-2,Car,025701-2012000622524-0
336-0,Car,045100-2015000452054-1
336-1,Car,045100-2015000452054-1
337-0,Car,012301-2013000721346-0
337-1,Car,012301-2013000721346-0
337-2,Car,012301-2013000721346-0
337-3,Car,012301-2013000721346-0
338-0,Car,061500-2015000872072-1
338-1,Car,061500-2015000872072-1
339-0,Car,013400-2012000256849-0
339-1,Car,013400-2012000256849-0
340-0,Car,035400-2016000933833-1
340-1,Car,035400-2016000933833-1
341-0,Car,012901-2015000949151-0
341-1,Car,012901-2015000949151-0
342-0,Car,023001-2014000339233-0
342-1,Car,023001-2014000339233-0
342-2,Car,023001-2014000339233-0
343-0,Car,020900-2015000488247-1
343-1,Car,020900-2015000488247-1
343-2,Car,020900-2015000488247-1
344-0,Car,020300-2015000608252-1
344-1,Car,020300-2015000608252-1
345-0,Car,021500-2014001179105-0
345-1,Car,021500-2014001179105-0
345-2,Car,021500-2014001179105-0
345-3,Car,021500-2014001179105-0
345-4,Car,021500-2014001179105-0
346-0,Car,047600-2014000938906-0
346-1,Car,047600-2014000938906-0
347-0,Car,012100-2014000799990-0
347-1,Car,012100-2014000799990-0
348-0,Car,016200-2013001119078-0
348-1,Car,016200-2013001119078-0
348-2,Car,016200-2013001119078-0
349-0,Car,013102-2013000091344-1
349-1,Car,013102-2013000091344-1
349-2,Car,013102-2013000091344-1
350-0,Car,016700-2015000848414-0
350-1,Car,016700-2015000848414-0
351-0,Car,045100-2015000216279-0
351-1,Car,045100-2015000216279-0
352-0,Car,032601-2013001043506-0
352-1,Car,032601-2013001043506-0
352-2,Car,032601-2013001043506-0
352-3,Car,032601-2013001043506-0
353-0,Car,035201-2013000397335-1
353-1,Car,035201-2013000397335-1
354-0,Car,023103-2014000917864-0
354-1,Car,023103-2014000917864-0
354-2,Car,023103-2014000917864-0
355-0,Car,060502-2014000241606-0
355-1,Car,060502-2014000241606-0
355-2,Car,060502-2014000241606-0
355-3,Car,060502-2014000241606-0
356-0,Car,010500-2015001431224-0
356-1,Car,010500-2015001431224-0
356-2,Car,010500-2015001431224-0
357-0,Car,010800-2014001033451-0
357-1,Car,010800-2014001033451-0
357-2,Car,010800-2014001033451-0
358-0,Car,025402-2013001153428-0
358-1,Car,025402-2013001153428-0
358-2,Car,025402-2013001153428-0
359-0,Car,035400-2014000424217-0
359-1,Car,035400-2014000424217-0
360-0,Car,031201-2012001433882-0
360-1,Car,031201-2012001433882-0
361-0,Car,010600-2014001477120-0
361-1,Car,010600-2014001477120-0
361-2,Car,010600-2014001477120-0
362-0,Car,016801-2013000074938-0
362-1,Car,016801-2013000074938-0
362-2,Car,016801-2013000074938-0
363-0,Car,010900-2013000486930-0
363-1,Car,010900-2013000486930-0
364-0,Car,023003-2016000498183-0
364-1,Car,023003-2016000498183-0
364-2,Car,023003-2016000498183-0
365-0,Car,010900-2015000946194-0
365-1,Car,010900-2015000946194-0
365-2,Car,010900-2015000946194-0
366-0,Car,010100-2013001257089-0
366-1,Car,010100-2013001257089-0
367-0,Car,010600-2014000766675-0
367-1,Car,010600-2014000766675-0
368-0,Car,030102-2015000368400-0
368-1,Car,030102-2015000368400-0
369-0,Car,061500-2012001149313-0
369-1,Car,061500-2012001149313-0
369-2,Car,061500-2012001149313-0
370-0,Car,016400-2013001366906-0
370-1,Car,016400-2013001366906-0
370-2,Car,016400-2013001366906-0
371-0,Car,061400-2012000590665-0
371-1,Car,061400-2012000590665-0
372-0,Car,026303-2016000613976-0
372-1,Car,026303-2016000613976-0
372-2,Car,026303-2016000613976-0
372-3,Car,026303-2016000613976-0
372-4,Car,026303-2016000613976-0
373-0,Car,020700-2016001360898-0
373-1,Car,020700-2016001360898-0
373-2,Car,020700-2016001360898-0
373-3,Car,020700-2016001360898-0
374-0,Car,020700-2015001260178-0
374-1,Car,020700-2015001260178-0
374-2,Car,020700-2015001260178-0
374-3,Car,020700-2015001260178-0
375-0,Car,016900-2014000373437-0
375-1,Car,016900-2014000373437-0
375-2,Car,016900-2014000373437-0
376-0,Car,032601-2013001351602-0
376-1,Car,032601-2013001351602-0
376-2,Car,032601-2013001351602-0
377-0,Car,042601-2013000953782-0
377-1,Car,042601-2013000953782-0
377-2,Car,042601-2013000953782-0
378-0,Car,012201-2016000785486-0
378-1,Car,012201-2016000785486-0
379-0,Car,012201-2013001187473-0
379-1,Car,012201-2013001187473-0
380-0,Car,030600-2015000935210-0
380-1,Car,030600-2015000935210-0
380-2,Car,030600-2015000935210-0
380-3,Car,030600-2015000935210-0
380-4,Car,030600-2015000935210-0
381-0,Car,012602-2012001015491-0
381-1,Car,012602-2012001015491-0
381-2,Car,012602-2012001015491-0
381-3,Car,012602-2012001015491-0
382-0,Car,020900-2016000007292-0
382-1,Car,020900-2016000007292-0
382-2,Car,020900-2016000007292-0
382-3,Car,020900-2016000007292-0
383-0,Car,031400-2014000403670-0
383-1,Car,031400-2014000403670-0
383-2,Car,031400-2014000403670-0
384-0,Car,010900-2013000290674-0
384-1,Car,010900-2013000290674-0
384-2,Car,010900-2013000290674-0
385-0,Car,042601-2012001405189-0
385-1,Car,042601-2012001405189-0
385-2,Car,042601-2012001405189-0
386-0,Car,030500-2016000120558-0
386-1,Car,030500-2016000120558-0
386-2,Car,030500-2016000120558-0
386-3,Car,030500-2016000120558-0
387-0,Car,018000-2014001272495-1
387-1,Car,018000-2014001272495-1
388-0,Car,020100-2016000413711-0
388-1,Car,020100-2016000413711-0
389-0,Car,047801-2014001061515-0
389-1,Car,047801-2014001061515-0
389-2,Car,047801-2014001061515-0
390-0,Car,026200-2012000899249-0
390-1,Car,026200-2012000899249-0
390-2,Car,026200-2012000899249-0
390-3,Car,026200-2012000899249-0
390-4,Car,026200-2012000899249-0
391-0,Car,025403-2016000883421-0
391-1,Car,025403-2016000883421-0
391-2,Car,025403-2016000883421-0
392-0,Car,600300-2013000025013-0
392-1,Car,600300-2013000025013-0
393-0,Car,015700-2014000915225-0
393-1,Car,015700-2014000915225-0
393-2,Car,015700-2014000915225-0
394-0,Car,061500-2014000189243-0
394-1,Car,061500-2014000189243-0
395-0,Car,010900-2013000949422-0
395-1,Car,010900-2013000949422-0
395-2,Car,010900-2013000949422-0
395-3,Car,010900-2013000949422-0
396-0,Car,025300-2012000990045-0
396-1,Car,025300-2012000990045-0
397-0,Car,012901-2014001011378-0
397-1,Car,012901-2014001011378-0
397-2,Car,012901-2014001011378-0
397-3,Car,012901-2014001011378-0
398-0,Car,030301-2014000688612-0
398-1,Car,030301-2014000688612-0
398-2,Car,030301-2014000688612-0
398-3,Car,030301-2014000688612-0
399-0,Car,600700-2015001079908-0
399-1,Car,600700-2015001079908-0
400-0,Car,016000-2013000348243-0
400-1,Car,016000-2013000348243-0
400-2,Car,016000-2013000348243-0
400-3,Car,016000-2013000348243-0
401-0,Car,025403-2012000818695-0
401-1,Car,025403-2012000818695-0
401-2,Car,025403-2012000818695-0
402-0,Car,022901-2012000981507-0
402-1,Car,022901-2012000981507-0
402-2,Car,022901-2012000981507-0
403-0,Car,011100-2015000798286-0
403-1,Car,011100-2015000798286-0
403-2,Car,011100-2015000798286-0
404-0,Car,022600-2015001087739-1
404-1,Car,022600-2015001087739-1
404-2,Car,022600-2015001087739-1
404-3,Car,022600-2015001087739-1
405-0,Car,013400-2015001096767-0
405-1,Car,013400-2015001096767-0
406-0,Car,047702-2014000719650-0
406-1,Car,047702-2014000719650-0
406-2,Car,047702-2014000719650-0
407-0,Car,010400-2013001126970-0
407-1,Car,010400-2013001126970-0
407-2,Car,010400-2013001126970-0
408-0,Car,035100-2014000688612-0
408-1,Car,035100-2014000688612-0
408-2,Car,035100-2014000688612-0
408-3,Car,035100-2014000688612-0
409-0,Car,017000-2016001077525-0
409-1,Car,017000-2016001077525-0
409-2,Car,017000-2016001077525-0
410-0,Car,010600-2014001221139-0
410-1,Car,010600-2014001221139-0
411-0,Car,061400-2015001458133-0
411-1,Car,061400-2015001458133-0
412-0,Car,020100-2013001461505-0
412-1,Car,020100-2013001461505-0
412-2,Car,020100-2013001461505-0
412-3,Car,020100-2013001461505-0
412-4,Car,020100-2013001461505-0
413-0,Car,015500-2012001093907-0
413-1,Car,015500-2012001093907-0
413-2,Car,015500-2012001093907-0
414-0,Car,030400-2013000687996-0
414-1,Car,030400-2013000687996-0
414-2,Car,030400-2013000687996-0
415-0,Car,016300-2013000560401-0
415-1,Car,016300-2013000560401-0
415-2,Car,016300-2013000560401-0
415-3,Car,016300-2013000560401-0
415-4,Car,016300-2013000560401-0
416-0,Car,012000-2014000584044-0
416-1,Car,012000-2014000584044-0
416-2,Car,012000-2014000584044-0
417-0,Car,030101-2013001284059-0
417-1,Car,030101-2013001284059-0
417-2,Car,030101-2013001284059-0
418-0,Car,031400-2016000714271-0
418-1,Car,031400-2016000714271-0
418-2,Car,031400-2016000714271-0
419-0,Car,016300-2015000074476-0
419-1,Car,016300-2015000074476-0
419-2,Car,016300-2015000074476-0
419-3,Car,016300-2015000074476-0
419-4,Car,016300-2015000074476-0
420-0,Car,035300-2015000232684-0
420-1,Car,035300-2015000232684-0
420-2,Car,035300-2015000232684-0
420-3,Car,035300-2015000232684-0
420-4,Car,035300-2015000232684-0
421-0,Car,047701-2015000478526-1
421-1,Car,047701-2015000478526-1
422-0,Car,023003-2012000097895-0
422-1,Car,023003-2012000097895-0
422-2,Car,023003-2012000097895-0
422-3,Car,023003-2012000097895-0
422-4,Car,023003-2012000097895-0
423-0,Car,023001-2013001477429-0
423-1,Car,023001-2013001477429-0
423-2,Car,023001-2013001477429-0
424-0,Car,025403-2012001395754-0
424-1,Car,025403-2012001395754-0
425-0,Car,042800-2016001459267-0
425-1,Car,042800-2016001459267-0
426-0,Car,030101-2016001472918-0
426-1,Car,030101-2016001472918-0
426-2,Car,030101-2016001472918-0
426-3,Car,030101-2016001472918-0
427-0,Car,010200-2013001407490-0
427-1,Car,010200-2013001407490-0
428-0,Car,061500-2013001018912-0
428-1,Car,061500-2013001018912-0
428-2,Car,061500-2013001018912-0
429-0,Car,030102-2015001114514-1
429-1,Car,030102-2015001114514-1
430-0,Car,025200-2015000075945-0
430-1,Car,025200-2015000075945-0
430-2,Car,025200-2015000075945-0
430-3,Car,025200-2015000075945-0
431-0,Car,035400-2015000576110-0
431-1,Car,035400-2015000576110-0
431-2,Car,035400-2015000576110-0
431-3,Car,035400-2015000576110-0
431-4,Car,035400-2015000576110-0
432-0,Car,011100-2015001442319-1
432-1,Car,011100-2015001442319-1
433-0,Car,016400-2016001071577-0
433-1,Car,016400-2016001071577-0
434-0,Car,016801-2012000035208-0
434-1,Car,016801-2012000035208-0
435-0,Car,047600-2016001208137-2
435-1,Car,047600-2016001208137-2
436-0,Car,021600-2013000971589-0
436-1,Car,021600-2013000971589-0
437-0,Car,032902-2013000836936-0
437-1,Car,032902-2013000836936-0
437-2,Car,032902-2013000836936-0
437-3,Car,032902-2013000836936-0
437-4,Car,032902-2013000836936-0
438-0,Car,030800-2016001359359-0
438-1,Car,030800-2016001359359-0
439-0,Car,033100-2012001472832-0
439-1,Car,033100-2012001472832-0
439-2,Car,033100-2012001472832-0
439-3,Car,033100-2012001472832-0
440-0,Car,047600-2012000577946-0
440-1,Car,047600-2012000577946-0
440-2,Car,047600-2012000577946-0
440-3,Car,047600-2012000577946-0
441-0,Car,026002-2015000593536-0
441-1,Car,026002-2015000593536-0
442-0,Car,012201-2012000896708-0
442-1,Car,012201-2012000896708-0
442-2,Car,012201-2012000896708-0
443-0,Car,047701-2014001410353-0
443-1,Car,047701-2014001410353-0
444-0,Car,061100-2016000747949-0
444-1,Car,061100-2016000747949-0
444-2,Car,061100-2016000747949-0
445-0,Car,010400-2013000141206-0
445-1,Car,010400-2013000141206-0
445-2,Car,010400-2013000141206-0
446-0,Car,026004-2013001289447-0
446-1,Car,026004-2013001289447-0
447-0,Car,061500-2014000470961-6
447-1,Car,061500-2014000470961-6
447-2,Car,061500-2014000470961-6
448-0,Car,047902-2013001304170-0
448-1,Car,047902-2013001304170-0
449-0,Car,010900-2013000465563-0
449-1,Car,010900-2013000465563-0
449-2,Car,010900-2013000465563-0
450-0,Car,010800-2014000531215-0
450-1,Car,010800-2014000531215-0
450-2,Car,010800-2014000531215-0
451-0,Car,047702-2015001181387-0
451-1,Car,047702-2015001181387-0
451-2,Car,047702-2015001181387-0
451-3,Car,047702-2015001181387-0
452-0,Car,060700-2016001337690-1
452-1,Car,060700-2016001337690-1
452-2,Car,060700-2016001337690-1
453-0,Car,017101-2016000883421-0
453-1,Car,017101-2016000883421-0
453-2,Car,017101-2016000883421-0
454-0,Car,026401-2014000622970-0
454-1,Car,026401-2014000622970-0
454-2,Car,026401-2014000622970-0
455-0,Car,016200-2012001011623-0
455-1,Car,016200-2012001011623-0
455-2,Car,016200-2012001011623-0
455-3,Car,016200-2012001011623-0
456-0,Car,031400-2015000649880-0
456-1,Car,031400-2015000649880-0
456-2,Car,031400-2015000649880-0
457-0,Car,600600-2013001182320-0
457-1,Car,600600-2013001182320-0
458-0,Car,061500-2013000495332-2
458-1,Car,061500-2013000495332-2
458-2,Car,061500-2013000495332-2
458-3,Car,061500-2013000495332-2
459-0,Car,012700-2016000578949-0
459-1,Car,012700-2016000578949-0
459-2,Car,012700-2016000578949-0
460-0,Car,015200-2013000965631-0
460-1,Car,015200-2013000965631-0
461-0,Car,033203-2016000627124-0
461-1,Car,033203-2016000627124-0
461-2,Car,033203-2016000627124-0
461-3,Car,033203-2016000627124-0
461-4,Car,033203-2016000627124-0
462-0,Car,012201-2016000792133-2
462-1,Car,012201-2016000792133-2
462-2,Car,012201-2016000792133-2
463-0,Car,026302-2015000792433-0
463-1,Car,026302-2015000792433-0
463-2,Car,026302-2015000792433-0
464-0,Car,032902-2013000039618-0
464-1,Car,032902-2013000039618-0
464-2,Car,032902-2013000039618-0
464-3,Car,032902-2013000039618-0
465-0,Car,020800-2016000343847-1
465-1,Car,020800-2016000343847-1
465-2,Car,020800-2016000343847-1
466-0,Car,033000-2014001465996-1
466-1,Car,033000-2014001465996-1
466-2,Car,033000-2014001465996-1
467-0,Car,600300-2016001265541-0
467-1,Car,600300-2016001265541-0
467-2,Car,600300-2016001265541-0
467-3,Car,600300-2016001265541-0
467-4,Car,600300-2016001265541-0
468-0,Car,030302-2012000506698-0
468-1,Car,030302-2012000506698-0
469-0,Car,045200-2013000703503-0
469-1,Car,045200-2013000703503-0
470-0,Car,032801-2012000486182-0
470-1,Car,032801-2012000486182-0
470-2,Car,032801-2012000486182-0
471-0,Car,012000-2014000804368-1
471-1,Car,012000-2014000804368-1
472-0,Car,026001-2014000155507-0
472-1,Car,026001-2014000155507-0
473-0,Car,035202-2015001117089-0
473-1,Car,035202-2015001117089-0
474-0,Car,021600-2014000980463-0
474-1,Car,021600-2014000980463-0
475-0,Car,010200-2016000706643-1
475-1,Car,010200-2016000706643-1
476-0,Car,020900-2014000062447-0
476-1,Car,020900-2014000062447-0
476-2,Car,020900-2014000062447-0
477-0,Car,012901-2013000257129-0
477-1,Car,012901-2013000257129-0
477-2,Car,012901-2013000257129-0
478-0,Car,023400-2016000792533-0
478-1,Car,023400-2016000792533-0
478-2,Car,023400-2016000792533-0
478-3,Car,023400-2016000792533-0
479-0,Car,033204-2015000963616-0
479-1,Car,033204-2015000963616-0
479-2,Car,033204-2015000963616-0
479-3,Car,033204-2015000963616-0
479-4,Car,033204-2015000963616-0
480-0,Car,031302-2015000103849-0
480-1,Car,031302-2015000103849-0
480-2,Car,031302-2015000103849-0
480-3,Car,031302-2015000103849-0
480-4,Car,031302-2015000103849-0
481-0,Car,061500-2015000683993-0
481-1,Car,061500-2015000683993-0
482-0,Car,010900-2015000858974-3
482-1,Car,010900-2015000858974-3
483-0,Car,016600-2016000021993-0
483-1,Car,016600-2016000021993-0
483-2,Car,016600-2016000021993-0
483-3,Car,016600-2016000021993-0
484-0,Car,012902-2015000726088-0
484-1,Car,012902-2015000726088-0
485-0,Car,047902-2016000084420-0
485-1,Car,047902-2016000084420-0
485-2,Car,047902-2016000084420-0
485-3,Car,047902-2016000084420-0
486-0,Car,061500-2016001208919-2
486-1,Car,061500-2016001208919-2
487-0,Car,010500-2015000974297-0
487-1,Car,010500-2015000974297-0
488-0,Car,025701-2015001018132-0
488-1,Car,025701-2015001018132-0
488-2,Car,025701-2015001018132-0
488-3,Car,025701-2015001018132-0
489-0,Car,016200-2016000518702-0
489-1,Car,016200-2016000518702-0
489-2,Car,016200-2016000518702-0
490-0,Car,010400-2013000210619-0
490-1,Car,010400-2013000210619-0
490-2,Car,010400-2013000210619-0
491-0,Car,042800-2014000088156-0
491-1,Car,042800-2014000088156-0
492-0,Car,021600-2013001213921-0
492-1,Car,021600-2013001213921-0
492-2,Car,021600-2013001213921-0
492-3,Car,021600-2013001213921-0
492-4,Car,021600-2013001213921-0
493-0,Car,600402-2012000910390-0
493-1,Car,600402-2012000910390-0
493-2,Car,600402-2012000910390-0
494-0,Car,030302-2013000586989-0
494-1,Car,030302-2013000586989-0
494-2,Car,030302-2013000586989-0
495-0,Car,015400-2013000958884-0
495-1,Car,015400-2013000958884-0
495-2,Car,015400-2013000958884-0
496-0,Car,010400-2015000939365-0
496-1,Car,010400-2015000939365-0
496-2,Car,010400-2015000939365-0
497-0,Car,600401-2015000572456-0
497-1,Car,600401-2015000572456-0
497-2,Car,600401-2015000572456-0
497-3,Car,600401-2015000572456-0
497-4,Car,600401-2015000572456-0
498-0,Car,020800-2014001318600-0
498-1,Car,020800-2014001318600-0
498-2,Car,020800-2014001318600-0
498-3,Car,020800-2014001318600-0
499-0,Car,012800-2013000769552-0
499-1,Car,012800-2013000769552-0
499-2,Car,012800-2013000769552-0
500-0,Car,020200-2016000979789-0
500-1,Car,020200-2016000979789-0
501-0,Car,016900-2012000560508-0
501-1,Car,016900-2012000560508-0
501-2,Car,016900-2012000560508-0
502-0,Car,026002-2015000602251-0
502-1,Car,026002-2015000602251-0
502-2,Car,026002-2015000602251-0
502-3,Car,026002-2015000602251-0
502-4,Car,026002-2015000602251-0
503-0,Car,030600-2015001362009-0
503-1,Car,030600-2015001362009-0
503-2,Car,030600-2015001362009-0
503-3,Car,030600-2015001362009-0
503-4,Car,030600-2015001362009-0
504-0,Car,061500-2016000298400-0
504-1,Car,061500-2016000298400-0
504-2,Car,061500-2016000298400-0
505-0,Car,030700-2014001273305-0
505-1,Car,030700-2014001273305-0
505-2,Car,030700-2014001273305-0
505-3,Car,030700-2014001273305-0
505-4,Car,030700-2014001273305-0
506-0,Car,012202-2016001130461-0
506-1,Car,012202-2016001130461-0
507-0,Car,030201-2013000340172-0
507-1,Car,030201-2013000340172-0
507-2,Car,030201-2013000340172-0
507-3,Car,030201-2013000340172-0
507-4,Car,030201-2013000340172-0
508-0,Car,061500-2016000611544-3
508-1,Car,061500-2016000611544-3
508-2,Car,061500-2016000611544-3
509-0,Car,035201-2013000968322-0
509-1,Car,035201-2013000968322-0
510-0,Car,016300-2015000664621-0
510-1,Car,016300-2015000664621-0
511-0,Car,042601-2014000668297-0
511-1,Car,042601-2014000668297-0
511-2,Car,042601-2014000668297-0
512-0,Car,022902-2014000069925-0
512-1,Car,022902-2014000069925-0
512-2,Car,022902-2014000069925-0
512-3,Car,022902-2014000069925-0
513-0,Car,012700-2014000464255-1
513-1,Car,012700-2014000464255-1
513-2,Car,012700-2014000464255-1
513-3,Car,012700-2014000464255-1
514-0,Car,016500-2014000164056-0
514-1,Car,016500-2014000164056-0
515-0,Car,013000-2016000482583-2
515-1,Car,013000-2016000482583-2
516-0,Car,015900-2012000745560-0
516-1,Car,015900-2012000745560-0
516-2,Car,015900-2012000745560-0
517-0,Car,016400-2012000614316-1
517-1,Car,016400-2012000614316-1
518-0,Car,013000-2014000005386-2
518-1,Car,013000-2014000005386-2
518-2,Car,013000-2014000005386-2
519-0,Car,032602-2014001108222-1
519-1,Car,032602-2014001108222-1
520-0,Car,010400-2012000203588-0
520-1,Car,010400-2012000203588-0
520-2,Car,010400-2012000203588-0
520-3,Car,010400-2012000203588-0
520-4,Car,010400-2012000203588-0
521-0,Car,030202-2016000656691-1
521-1,Car,030202-2016000656691-1
522-0,Car,025402-2012000199690-0
522-1,Car,025402-2012000199690-0
522-2,Car,025402-2012000199690-0
523-0,Car,025701-2012000830049-0
523-1,Car,025701-2012000830049-0
523-2,Car,025701-2012000830049-0
523-3,Car,025701-2012000830049-0
523-4,Car,025701-2012000830049-0
524-0,Car,017000-2015000524445-0
524-1,Car,017000-2015000524445-0
525-0,Car,016500-2012000206828-0
525-1,Car,016500-2012000206828-0
526-0,Car,010200-2014000809809-0
526-1,Car,010200-2014000809809-0
527-0,Car,025401-2013000203714-1
527-1,Car,025401-2013000203714-1
527-2,Car,025401-2013000203714-1
528-0,Car,061500-2012000225982-3
528-1,Car,061500-2012000225982-3
529-0,Car,030102-2012000902073-0
529-1,Car,030102-2012000902073-0
529-2,Car,030102-2012000902073-0
529-3,Car,030102-2012000902073-0
529-4,Car,030102-2012000902073-0
530-0,Car,010200-2012000700304-0
530-1,Car,010200-2012000700304-0
530-2,Car,010200-2012000700304-0
530-3,Car,010200-2012000700304-0
530-4,Car,010200-2012000700304-0
531-0,Car,025500-2012000538044-0
531-1,Car,025500-2012000538044-0
531-2,Car,025500-2012000538044-0
531-3,Car,025500-2012000538044-0
531-4,Car,025500-2012000538044-0
532-0,Car,031400-2012001043023-1
532-1,Car,031400-2012001043023-1
532-2,Car,031400-2012001043023-1
533-0,Car,022702-2012000947039-0
533-1,Car,022702-2012000947039-0
533-2,Car,022702-2012000947039-0
533-3,Car,022702-2012000947039-0
534-0,Car,030500-2016000806483-0
534-1,Car,030500-2016000806483-0
534-2,Car,030500-2016000806483-0
535-0,Car,035201-2015000828777-0
535-1,Car,035201-2015000828777-0
536-0,Car,017000-2015000379537-0
536-1,Car,017000-2015000379537-0
536-2,Car,017000-2015000379537-0
537-0,Car,012202-2015000619883-0
537-1,Car,012202-2015000619883-0
538-0,Car,016500-2016000949691-0
538-1,Car,016500-2016000949691-0
539-0,Car,032901-2014001368476-0
539-1,Car,032901-2014001368476-0
540-0,Car,600300-2014000697035-0
540-1,Car,600300-2014000697035-0
540-2,Car,600300-2014000697035-0
541-0,Car,020700-2012001147482-1
541-1,Car,020700-2012001147482-1
541-2,Car,020700-2012001147482-1
541-3,Car,020700-2012001147482-1
542-0,Car,061500-2013001111447-2
542-1,Car,061500-2013001111447-2
542-2,Car,061500-2013001111447-2
543-0,Car,025701-2012000035333-1
543-1,Car,025701-2012000035333-1
543-2,Car,025701-2012000035333-1
543-3,Car,025701-2012000035333-1
543-4,Car,025701-2012000035333-1
544-0,Car,010600-2015000858092-0
544-1,Car,010600-2015000858092-0
544-2,Car,010600-2015000858092-0
544-3,Car,010600-2015000858092-0
545-0,Car,010200-2015000933737-0
545-1,Car,010200-2015000933737-0
545-2,Car,010200-2015000933737-0
545-3,Car,010200-2015000933737-0
546-0,Car,600401-2013001000559-0
546-1,Car,600401-2013001000559-0
547-0,Car,026402-2016000324417-1
547-1,Car,026402-2016000324417-1
547-2,Car,026402-2016000324417-1
547-3,Car,026402-2016000324417-1
548-0,Car,035100-2012000855238-0
548-1,Car,035100-2012000855238-0
548-2,Car,035100-2012000855238-0
548-3,Car,035100-2012000855238-0
549-0,Car,026302-2015001148963-1
549-1,Car,026302-2015001148963-1
549-2,Car,026302-2015001148963-1
549-3,Car,026302-2015001148963-1
550-0,Car,025401-2013000275022-0
550-1,Car,025401-2013000275022-0
550-2,Car,025401-2013000275022-0
551-0,Car,015300-2013001404358-0
551-1,Car,015300-2013001404358-0
552-0,Car,031201-2014001268258-0
552-1,Car,031201-2014001268258-0
552-2,Car,031201-2014001268258-0
552-3,Car,031201-2014001268258-0
552-4,Car,031201-2014001268258-0
553-0,Car,061200-2013001345049-0
553-1,Car,061200-2013001345049-0
553-2,Car,061200-2013001345049-0
554-0,Car,016500-2014000050840-1
554-1,Car,016500-2014000050840-1
555-0,Car,020200-2013001484167-1
555-1,Car,020200-2013001484167-1
555-2,Car,020200-2013001484167-1
555-3,Car,020200-2013001484167-1
556-0,Car,010200-2013001027012-0
556-1,Car,010200-2013001027012-0
556-2,Car,010200-2013001027012-0
556-3,Car,010200-2013001027012-0
557-0,Car,061500-2015000863453-1
557-1,Car,061500-2015000863453-1
558-0,Car,022704-2012000848705-0
558-1,Car,022704-2012000848705-0
558-2,Car,022704-2012000848705-0
559-0,Car,026200-2014000707966-1
559-1,Car,026200-2014000707966-1
559-2,Car,026200-2014000707966-1
559-3,Car,026200-2014000707966-1
559-4,Car,026200-2014000707966-1
560-0,Car,010200-2014001327621-0
560-1,Car,010200-2014001327621-0
560-2,Car,010200-2014001327621-0
560-3,Car,010200-2014001327621-0
561-0,Car,600500-2013001023414-0
561-1,Car,600500-2013001023414-0
562-0,Car,013101-2012000431285-0
562-1,Car,013101-2012000431285-0
562-2,Car,013101-2012000431285-0
562-3,Car,013101-2012000431285-0
563-0,Car,015700-2012000226415-0
563-1,Car,015700-2012000226415-0
563-2,Car,015700-2012000226415-0
563-3,Car,015700-2012000226415-0
564-0,Car,012201-2014000319822-1
564-1,Car,012201-2014000319822-1
565-0,Car,060700-2016000050220-0
565-1,Car,060700-2016000050220-0
565-2,Car,060700-2016000050220-0
565-3,Car,060700-2016000050220-0
565-4,Car,060700-2016000050220-0
566-0,Car,025800-2014000974015-0
566-1,Car,025800-2014000974015-0
566-2,Car,025800-2014000974015-0
567-0,Car,022704-2014000207959-0
567-1,Car,022704-2014000207959-0
568-0,Car,010600-2014000231580-0
568-1,Car,010600-2014000231580-0
569-0,Car,033204-2012000025664-0
569-1,Car,033204-2012000025664-0
569-2,Car,033204-2012000025664-0
569-3,Car,033204-2012000025664-0
569-4,Car,033204-2012000025664-0
570-0,Car,060700-2016000101584-2
570-1,Car,060700-2016000101584-2
570-2,Car,060700-2016000101584-2
570-3,Car,060700-2016000101584-2
571-0,Car,047902-2015001203262-0
571-1,Car,047902-2015001203262-0
571-2,Car,047902-2015001203262-0
572-0,Car,061100-2014001079165-0
572-1,Car,061100-2014001079165-0
573-0,Car,047600-2012001099597-0
573-1,Car,047600-2012001099597-0
574-0,Car,013102-2013000148113-0
574-1,Car,013102-2013000148113-0
575-0,Car,020700-2016000410804-0
575-1,Car,020700-2016000410804-0
575-2,Car,020700-2016000410804-0
576-0,Car,016801-2013001058570-0
576-1,Car,016801-2013001058570-0
576-2,Car,016801-2013001058570-0
576-3,Car,016801-2013001058570-0
576-4,Car,016801-2013001058570-0
577-0,Car,025300-2014000370597-0
577-1,Car,025300-2014000370597-0
578-0,Car,032901-2013000336615-0
578-1,Car,032901-2013000336615-0
578-2,Car,032901-2013000336615-0
579-0,Car,600700-2016001146049-2
579-1,Car,600700-2016001146049-2
579-2,Car,600700-2016001146049-2
579-3,Car,600700-2016001146049-2
579-4,Car,600700-2016001146049-2
580-0,Car,018000-2016001507854-0
580-1,Car,018000-2016001507854-0
581-0,Car,010400-2015000035619-0
581-1,Car,010400-2015000035619-0
581-2,Car,010400-2015000035619-0
582-0,Car,016600-2014001273369-0
582-1,Car,016600-2014001273369-0
582-2,Car,016600-2014001273369-0
583-0,Car,035300-2014001428766-2
583-1,Car,035300-2014001428766-2
583-2,Car,035300-2014001428766-2
583-3,Car,035300-2014001428766-2
584-0,Car,012602-2016000257342-0
584-1,Car,012602-2016000257342-0
584-2,Car,012602-2016000257342-0
585-0,Car,025600-2012000096708-0
585-1,Car,025600-2012000096708-0
585-2,Car,025600-2012000096708-0
585-3,Car,025600-2012000096708-0
585-4,Car,025600-2012000096708-0
586-0,Car,022801-2013000710023-3
586-1,Car,022801-2013000710023-3
586-2,Car,022801-2013000710023-3
587-0,Car,042601-2016001471865-0
587-1,Car,042601-2016001471865-0
588-0,Car,035300-2012000522346-0
588-1,Car,035300-2012000522346-0
588-2,Car,035300-2012000522346-0
589-0,Car,016200-2012001042020-0
589-1,Car,016200-2012001042020-0
590-0,Car,030301-2014000696748-0
590-1,Car,030301-2014000696748-0
590-2,Car,030301-2014000696748-0
590-3,Car,030301-2014000696748-0
590-4,Car,030301-2014000696748-0
591-0,Car,012000-2013000756113-0
591-1,Car,012000-2013000756113-0
592-0,Car,012000-2014001308445-0
592-1,Car,012000-2014001308445-0
592-2,Car,012000-2014001308445-0
593-0,Car,016700-2016001403392-0
593-1,Car,016700-2016001403392-0
594-0,Car,031400-2015000648324-0
594-1,Car,031400-2015000648324-0
594-2,Car,031400-2015000648324-0
595-0,Car,032902-2016000528021-0
595-1,Car,032902-2016000528021-0
595-2,Car,032902-2016000528021-0
596-0,Car,017802-2013000328004-1
596-1,Car,017802-2013000328004-1
597-0,Car,020600-2013001280709-1
597-1,Car,020600-2013001280709-1
597-2,Car,020600-2013001280709-1
598-0,Car,015500-2015000355519-0
598-1,Car,015500-2015000355519-0
598-2,Car,015500-2015000355519-0
599-0,Car,013400-2012001183878-1
599-1,Car,013400-2012001183878-1
599-2,Car,013400-2012001183878-1
600-0,Car,032700-2015001362468-0
600-1,Car,032700-2015001362468-0
600-2,Car,032700-2015001362468-0
601-0,Car,013000-2016001426787-0
601-1,Car,013000-2016001426787-0
602-0,Car,015300-2012000075137-0
602-1,Car,015300-2012000075137-0
603-0,Car,030101-2016001422251-0
603-1,Car,030101-2016001422251-0
603-2,Car,030101-2016001422251-0
603-3,Car,030101-2016001422251-0
603-4,Car,030101-2016001422251-0
604-0,Car,010100-2012000596480-0
604-1,Car,010100-2012000596480-0
604-2,Car,010100-2012000596480-0
604-3,Car,010100-2012000596480-0
604-4,Car,010100-2012000596480-0
605-0,Car,022801-2016000324670-0
605-1,Car,022801-2016000324670-0
605-2,Car,022801-2016000324670-0
606-0,Car,030800-2015001150102-0
606-1,Car,030800-2015001150102-0
606-2,Car,030800-2015001150102-0
606-3,Car,030800-2015001150102-0
607-0,Car,020800-2016000883171-0
607-1,Car,020800-2016000883171-0
608-0,Car,022902-2015001037251-0
608-1,Car,022902-2015001037251-0
609-0,Car,010600-2014001183243-2
609-1,Car,010600-2014001183243-2
609-2,Car,010600-2014001183243-2
610-0,Car,022902-2012001172726-0
610-1,Car,022902-2012001172726-0
611-0,Car,035400-2016000022874-0
611-1,Car,035400-2016000022874-0
611-2,Car,035400-2016000022874-0
611-3,Car,035400-2016000022874-0
611-4,Car,035400-2016000022874-0
612-0,Car,033203-2012000648526-0
612-1,Car,033203-2012000648526-0
612-2,Car,033203-2012000648526-0
612-3,Car,033203-2012000648526-0
613-0,Car,010200-2012000376103-0
613-1,Car,010200-2012000376103-0
613-2,Car,010200-2012000376103-0
614-0,Car,012700-2012000543919-0
614-1,Car,012700-2012000543919-0
614-2,Car,012700-2012000543919-0
614-3,Car,012700-2012000543919-0
614-4,Car,012700-2012000543919-0
615-0,Car,030302-2012001297122-0
615-1,Car,030302-2012001297122-0
615-2,Car,030302-2012001297122-0
616-0,Car,020200-2012001413414-0
616-1,Car,020200-2012001413414-0
616-2,Car,020200-2012001413414-0
617-0,Car,033203-2016000471058-0
617-1,Car,033203-2016000471058-0
618-0,Car,015200-2014000146991-0
618-1,Car,015200-2014000146991-0
619-0,Car,030400-2013000868842-0
619-1,Car,030400-2013000868842-0
619-2,Car,030400-2013000868842-0
619-3,Car,030400-2013000868842-0
620-0,Car,035100-2016000912092-1
620-1,Car,035100-2016000912092-1
620-2,Car,035100-2016000912092-1
620-3,Car,035100-2016000912092-1
620-4,Car,035100-2016000912092-1
621-0,Car,012301-2016000897147-0
621-1,Car,012301-2016000897147-0
622-0,Car,023300-2015000753362-0
622-1,Car,023300-2015000753362-0
623-0,Car,021200-2013000865611-0
623-1,Car,021200-2013000865611-0
623-2,Car,021200-2013000865611-0
623-3,Car,021200-2013000865611-0
623-4,Car,021200-2013000865611-0
624-0,Car,031201-2014001254541-1
624-1,Car,031201-2014001254541-1
625-0,Car,032802-2015000621093-1
625-1,Car,032802-2015000621093-1
626-0,Car,020600-2016000462731-0
626-1,Car,020600-2016000462731-0
626-2,Car,020600-2016000462731-0
627-0,Car,026100-2015001011192-0
627-1,Car,026100-2015001011192-0
627-2,Car,026100-2015001011192-0
627-3,Car,026100-2015001011192-0
627-4,Car,026100-2015001011192-0
628-0,Car,012202-2012000692733-0
628-1,Car,012202-2012000692733-0
628-2,Car,012202-2012000692733-0
629-0,Car,025500-2013000081232-0
629-1,Car,025500-2013000081232-0
630-0,Car,032902-2012000767249-0
630-1,Car,032902-2012000767249-0
630-2,Car,032902-2012000767249-0
631-0,Car,060700-2014000563285-0
631-1,Car,060700-2014000563285-0
631-2,Car,060700-2014000563285-0
632-0,Car,016600-2012001418731-1
632-1,Car,016600-2012001418731-1
632-2,Car,016600-2012001418731-1
633-0,Car,015900-2012000321836-0
633-1,Car,015900-2012000321836-0
633-2,Car,015900-2012000321836-0
633-3,Car,015900-2012000321836-0
634-0,Car,013300-2014001287572-0
634-1,Car,013300-2014001287572-0
634-2,Car,013300-2014001287572-0
634-3,Car,013300-2014001287572-0
634-4,Car,013300-2014001287572-0
635-0,Car,060700-2012000481992-0
635-1,Car,060700-2012000481992-0
635-2,Car,060700-2012000481992-0
636-0,Car,010600-2012000620079-0
636-1,Car,010600-2012000620079-0
636-2,Car,010600-2012000620079-0
636-3,Car,010600-2012000620079-0
637-0,Car,010900-2014000137760-0
637-1,Car,010900-2014000137760-0
637-2,Car,010900-2014000137760-0
638-0,Car,020100-2014000539191-0
638-1,Car,020100-2014000539191-0
638-2,Car,020100-2014000539191-0
639-0,Car,016200-2012000069769-0
639-1,Car,016200-2012000069769-0
639-2,Car,016200-2012000069769-0
640-0,Car,060700-2013000634576-1
640-1,Car,060700-2013000634576-1
640-2,Car,060700-2013000634576-1
640-3,Car,060700-2013000634576-1
641-0,Car,030400-2012000827420-0
641-1,Car,030400-2012000827420-0
641-2,Car,030400-2012000827420-0
642-0,Car,018000-2016000002009-0
642-1,Car,018000-2016000002009-0
643-0,Car,025701-2013001213422-0
643-1,Car,025701-2013001213422-0
644-0,Car,030102-2014001255531-0
644-1,Car,030102-2014001255531-0
644-2,Car,030102-2014001255531-0
645-0,Car,025403-2014001324460-0
645-1,Car,025403-2014001324460-0
645-2,Car,025403-2014001324460-0
645-3,Car,025403-2014001324460-0
645-4,Car,025403-2014001324460-0
646-0,Car,060700-2013001437404-2
646-1,Car,060700-2013001437404-2
646-2,Car,060700-2013001437404-2
647-0,Car,012202-2012000497271-0
647-1,Car,012202-2012000497271-0
648-0,Car,021600-2016001372390-0
648-1,Car,021600-2016001372390-0
648-2,Car,021600-2016001372390-0
648-3,Car,021600-2016001372390-0
649-0,Car,031400-2016000145824-1
649-1,Car,031400-2016000145824-1
649-2,Car,031400-2016000145824-1
649-3,Car,031400-2016000145824-1
649-4,Car,031400-2016000145824-1
650-0,Car,033204-2014000898431-0
650-1,Car,033204-2014000898431-0
650-2,Car,033204-2014000898431-0
650-3,Car,033204-2014000898431-0
650-4,Car,033204-2014000898431-0
651-0,Car,061500-2013000484805-1
651-1,Car,061500-2013000484805-1
651-2,Car,061500-2013000484805-1
652-0,Car,026404-2016000179018-0
652-1,Car,026404-2016000179018-0
652-2,Car,026404-2016000179018-0
652-3,Car,026404-2016000179018-0
652-4,Car,026404-2016000179018-0
653-0,Car,031400-2012001413655-0
653-1,Car,031400-2012001413655-0
653-2,Car,031400-2012001413655-0
653-3,Car,031400-2012001413655-0
654-0,Car,021700-2015001111362-0
654-1,Car,021700-2015001111362-0
654-2,Car,021700-2015001111362-0
655-0,Car,600401-2015000521130-0
655-1,Car,600401-2015000521130-0
656-0,Car,030201-2016000875533-0
656-1,Car,030201-2016000875533-0
656-2,Car,030201-2016000875533-0
657-0,Car,026402-2014001494560-0
657-1,Car,026402-2014001494560-0
658-0,Car,035201-2014000837629-0
658-1,Car,035201-2014000837629-0
658-2,Car,035201-2014000837629-0
658-3,Car,035201-2014000837629-0
658-4,Car,035201-2014000837629-0
659-0,Car,013102-2012001171760-2
659-1,Car,013102-2012001171760-2
660-0,Car,035100-2013001059897-0
660-1,Car,035100-2013001059897-0
660-2,Car,035100-2013001059897-0
661-0,Car,015200-2015000533984-0
661-1,Car,015200-2015000533984-0
661-2,Car,015200-2015000533984-0
662-0,Car,026301-2014000847897-0
662-1,Car,026301-2014000847897-0
662-2,Car,026301-2014000847897-0
662-3,Car,026301-2014000847897-0
662-4,Car,026301-2014000847897-0
663-0,Car,031201-2016001287029-0
663-1,Car,031201-2016001287029-0
663-2,Car,031201-2016001287029-0
664-0,Car,016100-2013000785833-0
664-1,Car,016100-2013000785833-0
664-2,Car,016100-2013000785833-0
664-3,Car,016100-2013000785833-0
664-4,Car,016100-2013000785833-0
665-0,Car,012501-2013000588265-1
665-1,Car,012501-2013000588265-1
666-0,Car,015200-2015000085904-0
666-1,Car,015200-2015000085904-0
666-2,Car,015200-2015000085904-0
667-0,Car,600700-2016000359632-0
667-1,Car,600700-2016000359632-0
667-2,Car,600700-2016000359632-0
667-3,Car,600700-2016000359632-0
667-4,Car,600700-2016000359632-0
668-0,Car,030700-2015001002095-0
668-1,Car,030700-2015001002095-0
669-0,Car,021700-2013001217174-0
669-1,Car,021700-2013001217174-0
670-0,Car,045200-2015000079844-0
670-1,Car,045200-2015000079844-0
670-2,Car,045200-2015000079844-0
670-3,Car,045200-2015000079844-0
670-4,Car,045200-2015000079844-0
671-0,Car,033201-2012000025664-0
671-1,Car,033201-2012000025664-0
671-2,Car,033201-2012000025664-0
671-3,Car,033201-2012000025664-0
671-4,Car,033201-2012000025664-0
672-0,Car,031201-2016001005485-0
672-1,Car,031201-2016001005485-0
673-0,Car,025300-2013001027615-0
673-1,Car,025300-2013001027615-0
673-2,Car,025300-2013001027615-0
674-0,Car,017000-2012000811422-0
674-1,Car,017000-2012000811422-0
675-0,Car,021800-2012001236155-0
675-1,Car,021800-2012001236155-0
676-0,Car,023400-2015001200123-0
676-1,Car,023400-2015001200123-0
676-2,Car,023400-2015001200123-0
677-0,Car,023001-2012000208056-0
677-1,Car,023001-2012000208056-0
677-2,Car,023001-2012000208056-0
677-3,Car,023001-2012000208056-0
677-4,Car,023001-2012000208056-0
678-0,Car,060400-2016001462293-0
678-1,Car,060400-2016001462293-0
679-0,Car,061000-2012000608867-0
679-1,Car,061000-2012000608867-0
679-2,Car,061000-2012000608867-0
679-3,Car,061000-2012000608867-0
680-0,Car,015400-2014000237061-0
680-1,Car,015400-2014000237061-0
680-2,Car,015400-2014000237061-0
681-0,Car,016300-2015000639464-0
681-1,Car,016300-2015000639464-0
681-2,Car,016300-2015000639464-0
681-3,Car,016300-2015000639464-0
681-4,Car,016300-2015000639464-0
682-0,Car,025200-2014000712853-0
682-1,Car,025200-2014000712853-0
683-0,Car,023300-2013000958844-0
683-1,Car,023300-2013000958844-0
684-0,Car,010900-2016000955704-0
684-1,Car,010900-2016000955704-0
684-2,Car,010900-2016000955704-0
684-3,Car,010900-2016000955704-0
684-4,Car,010900-2016000955704-0
685-0,Car,016100-2013000603996-0
685-1,Car,016100-2013000603996-0
686-0,Car,015500-2015000633660-0
686-1,Car,015500-2015000633660-0
686-2,Car,015500-2015000633660-0
686-3,Car,015500-2015000633660-0
686-4,Car,015500-2015000633660-0
687-0,Car,020700-2015001322215-0
687-1,Car,020700-2015001322215-0
687-2,Car,020700-2015001322215-0
688-0,Car,017101-2014000127137-0
688-1,Car,017101-2014000127137-0
689-0,Car,016801-2012001020283-0
689-1,Car,016801-2012001020283-0
690-0,Car,010900-2014000673949-0
690-1,Car,010900-2014000673949-0
691-0,Car,032601-2012001201746-0
691-1,Car,032601-2012001201746-0
691-2,Car,032601-2012001201746-0
691-3,Car,032601-2012001201746-0
692-0,Car,015400-2013000857371-0
692-1,Car,015400-2013000857371-0
693-0,Car,061500-2014001093093-3
693-1,Car,061500-2014001093093-3
693-2,Car,061500-2014001093093-3
694-0,Car,013400-2014001252223-0
694-1,Car,013400-2014001252223-0
695-0,Car,035300-2016001023916-1
695-1,Car,035300-2016001023916-1
695-2,Car,035300-2016001023916-1
695-3,Car,035300-2016001023916-1
696-0,Car,026004-2013001095891-0
696-1,Car,026004-2013001095891-0
696-2,Car,026004-2013001095891-0
696-3,Car,026004-2013001095891-0
696-4,Car,026004-2013001095891-0
697-0,Car,030201-2013000359552-0
697-1,Car,030201-2013000359552-0
697-2,Car,030201-2013000359552-0
697-3,Car,030201-2013000359552-0
698-0,Car,061500-2015000570464-2
698-1,Car,061500-2015000570464-2
698-2,Car,061500-2015000570464-2
699-0,Car,021500-2012000127148-0
699-1,Car,021500-2012000127148-0
700-0,Car,015200-2014000156511-0
700-1,Car,015200-2014000156511-0
701-0,Car,010600-2012001448305-0
701-1,Car,010600-2012001448305-0
702-0,Car,015900-2013001445609-0
702-1,Car,015900-2013001445609-0
702-2,Car,015900-2013001445609-0
703-0,Car,015400-2015001188273-0
703-1,Car,015400-2015001188273-0
703-2,Car,015400-2015001188273-0
704-0,Car,060700-2013001385093-3
704-1,Car,060700-2013001385093-3
705-0,Car,021300-2012001331300-0
705-1,Car,021300-2012001331300-0
705-2,Car,021300-2012001331300-0
705-3,Car,021300-2012001331300-0
705-4,Car,021300-2012001331300-0
706-0,Car,030900-2014000783178-0
706-1,Car,030900-2014000783178-0
706-2,Car,030900-2014000783178-0
706-3,Car,030900-2014000783178-0
706-4,Car,030900-2014000783178-0
707-0,Car,017000-2014001309733-0
707-1,Car,017000-2014001309733-0
707-2,Car,017000-2014001309733-0
708-0,Car,010900-2014000151829-0
708-1,Car,010900-2014000151829-0
709-0,Car,021600-2016000809642-0
709-1,Car,021600-2016000809642-0
709-2,Car,021600-2016000809642-0
710-0,Car,035400-2013000328068-0
710-1,Car,035400-2013000328068-0
711-0,Car,025500-2013001425605-1
711-1,Car,025500-2013001425605-1
711-2,Car,025500-2013001425605-1
711-3,Car,025500-2013001425605-1
712-0,Car,010900-2012001405223-0
712-1,Car,010900-2012001405223-0
713-0,Car,016900-2012001395754-1
713-1,Car,016900-2012001395754-1
714-0,Car,021600-2012000788704-0
714-1,Car,021600-2012000788704-0
715-0,Car,030202-2013000087276-0
715-1,Car,030202-2013000087276-0
715-2,Car,030202-2013000087276-0
715-3,Car,030202-2013000087276-0
715-4,Car,030202-2013000087276-0
716-0,Car,013102-2014000643218-1
716-1,Car,013102-2014000643218-1
716-2,Car,013102-2014000643218-1
717-0,Car,016700-2012001387739-0
717-1,Car,016700-2012001387739-0
717-2,Car,016700-2012001387739-0
718-0,Car,012501-2013000072110-0
718-1,Car,012501-2013000072110-0
718-2,Car,012501-2013000072110-0
719-0,Car,600200-2015000813499-0
719-1,Car,600200-2015000813499-0
719-2,Car,600200-2015000813499-0
720-0,Car,021200-2015000763909-0
720-1,Car,021200-2015000763909-0
720-2,Car,021200-2015000763909-0
721-0,Car,047600-2014001318838-0
721-1,Car,047600-2014001318838-0
721-2,Car,047600-2014001318838-0
722-0,Car,026004-2013000261007-0
722-1,Car,026004-2013000261007-0
722-2,Car,026004-2013000261007-0
722-3,Car,026004-2013000261007-0
722-4,Car,026004-2013000261007-0
723-0,Car,017802-2013000609715-0
723-1,Car,017802-2013000609715-0
723-2,Car,017802-2013000609715-0
723-3,Car,017802-2013000609715-0
724-0,Car,025900-2013001288243-0
724-1,Car,025900-2013001288243-0
724-2,Car,025900-2013001288243-0
725-0,Car,013102-2012000256849-0
725-1,Car,013102-2012000256849-0
726-0,Car,021800-2013000180849-0
726-1,Car,021800-2013000180849-0
726-2,Car,021800-2013000180849-0
726-3,Car,021800-2013000180849-0
726-4,Car,021800-2013000180849-0
727-0,Car,010900-2012001379980-0
727-1,Car,010900-2012001379980-0
727-2,Car,010900-2012001379980-0
728-0,Car,010500-2012000138732-0
728-1,Car,010500-2012000138732-0
728-2,Car,010500-2012000138732-0
728-3,Car,010500-2012000138732-0
729-0,Car,061500-2014000750075-1
729-1,Car,061500-2014000750075-1
729-2,Car,061500-2014000750075-1
730-0,Car,060700-2013000312160-2
730-1,Car,060700-2013000312160-2
730-2,Car,060700-2013000312160-2
731-0,Car,013101-2013001313378-0
731-1,Car,013101-2013001313378-0
732-0,Car,021700-2012001267291-0
732-1,Car,021700-2012001267291-0
732-2,Car,021700-2012001267291-0
733-0,Car,016700-2016001074249-0
733-1,Car,016700-2016001074249-0
734-0,Car,023300-2015000870818-0
734-1,Car,023300-2015000870818-0
734-2,Car,023300-2015000870818-0
734-3,Car,023300-2015000870818-0
734-4,Car,023300-2015000870818-0
735-0,Car,021300-2015000781002-0
735-1,Car,021300-2015000781002-0
735-2,Car,021300-2015000781002-0
735-3,Car,021300-2015000781002-0
736-0,Car,016300-2012000760117-0
736-1,Car,016300-2012000760117-0
736-2,Car,016300-2012000760117-0
737-0,Car,061400-2014000584044-0
737-1,Car,061400-2014000584044-0
737-2,Car,061400-2014000584044-0
738-0,Car,032802-2015000455334-0
738-1,Car,032802-2015000455334-0
738-2,Car,032802-2015000455334-0
738-3,Car,032802-2015000455334-0
738-4,Car,032802-2015000455334-0
739-0,Car,020300-2013000416466-0
739-1,Car,020300-2013000416466-0
739-2,Car,020300-2013000416466-0
740-0,Car,060700-2013001017578-0
740-1,Car,060700-2013001017578-0
741-0,Car,013000-2016000398737-0
741-1,Car,013000-2016000398737-0
741-2,Car,013000-2016000398737-0
742-0,Car,030102-2016000006217-0
742-1,Car,030102-2016000006217-0
742-2,Car,030102-2016000006217-0
743-0,Car,026200-2014000664715-0
743-1,Car,026200-2014000664715-0
743-2,Car,026200-2014000664715-0
743-3,Car,026200-2014000664715-0
743-4,Car,026200-2014000664715-0
744-0,Car,013000-2014000417685-0
744-1,Car,013000-2014000417685-0
745-0,Car,030101-2013000343725-0
745-1,Car,030101-2013000343725-0
745-2,Car,030101-2013000343725-0
746-0,Car,016000-2015000256008-0
746-1,Car,016000-2015000256008-0
746-2,Car,016000-2015000256008-0
747-0,Car,030700-2015001355718-0
747-1,Car,030700-2015001355718-0
747-2,Car,030700-2015001355718-0
748-0,Car,022803-2015000695352-0
748-1,Car,022803-2015000695352-0
748-2,Car,022803-2015000695352-0
749-0,Car,010500-2012000203588-0
749-1,Car,010500-2012000203588-0
749-2,Car,010500-2012000203588-0
749-3,Car,010500-2012000203588-0
749-4,Car,010500-2012000203588-0
750-0,Car,013101-2015000050212-0
750-1,Car,013101-2015000050212-0
750-2,Car,013101-2015000050212-0
751-0,Car,012000-2012000374827-0
751-1,Car,012000-2012000374827-0
751-2,Car,012000-2012000374827-0
752-0,Car,020600-2013001280709-0
752-1,Car,020600-2013001280709-0
752-2,Car,020600-2013001280709-0
753-0,Car,013500-2012001001272-0
753-1,Car,013500-2012001001272-0
753-2,Car,013500-2012001001272-0
753-3,Car,013500-2012001001272-0
753-4,Car,013500-2012001001272-0
754-0,Car,061500-2012000688967-5
754-1,Car,061500-2012000688967-5
755-0,Car,033000-2015000413884-0
755-1,Car,033000-2015000413884-0
755-2,Car,033000-2015000413884-0
755-3,Car,033000-2015000413884-0
755-4,Car,033000-2015000413884-0
756-0,Car,030900-2013001008156-0
756-1,Car,030900-2013001008156-0
756-2,Car,030900-2013001008156-0
757-0,Car,025500-2012000324064-0
757-1,Car,025500-2012000324064-0
757-2,Car,025500-2012000324064-0
758-0,Car,010900-2012001139656-0
758-1,Car,010900-2012001139656-0
758-2,Car,010900-2012001139656-0
758-3,Car,010900-2012001139656-0
759-0,Car,012602-2012000700963-0
759-1,Car,012602-2012000700963-0
760-0,Car,600402-2016000105511-0
760-1,Car,600402-2016000105511-0
761-0,Car,032801-2012000487844-0
761-1,Car,032801-2012000487844-0
761-2,Car,032801-2012000487844-0
761-3,Car,032801-2012000487844-0
762-0,Car,020600-2012000496406-0
762-1,Car,020600-2012000496406-0
762-2,Car,020600-2012000496406-0
763-0,Car,061500-2013000948227-2
763-1,Car,061500-2013000948227-2
763-2,Car,061500-2013000948227-2
764-0,Car,600700-2014000110789-0
764-1,Car,600700-2014000110789-0
764-2,Car,600700-2014000110789-0
765-0,Car,061500-2014001085534-3
765-1,Car,061500-2014001085534-3
766-0,Car,010200-2015000371606-0
766-1,Car,010200-2015000371606-0
766-2,Car,010200-2015000371606-0
767-0,Car,015200-2014000230596-0
767-1,Car,015200-2014000230596-0
767-2,Car,015200-2014000230596-0
768-0,Car,013102-2015000327024-0
768-1,Car,013102-2015000327024-0
769-0,Car,017102-2013000668307-0
769-1,Car,017102-2013000668307-0
770-0,Car,015500-2013000102647-0
770-1,Car,015500-2013000102647-0
770-2,Car,015500-2013000102647-0
770-3,Car,015500-2013000102647-0
771-0,Car,015500-2015000042380-0
771-1,Car,015500-2015000042380-0
771-2,Car,015500-2015000042380-0
772-0,Car,011100-2012000242051-3
772-1,Car,011100-2012000242051-3
772-2,Car,011100-2012000242051-3
773-0,Car,021600-2016001333897-0
773-1,Car,021600-2016001333897-0
773-2,Car,021600-2016001333897-0
774-0,Car,035100-2014000438519-0
774-1,Car,035100-2014000438519-0
774-2,Car,035100-2014000438519-0
775-0,Car,023102-2015001488666-0
775-1,Car,023102-2015001488666-0
775-2,Car,023102-2015001488666-0
775-3,Car,023102-2015001488666-0
775-4,Car,023102-2015001488666-0
776-0,Car,020200-2012000323637-0
776-1,Car,020200-2012000323637-0
776-2,Car,020200-2012000323637-0
776-3,Car,020200-2012000323637-0
777-0,Car,030600-2014000768058-0
777-1,Car,030600-2014000768058-0
777-2,Car,030600-2014000768058-0
778-0,Car,035300-2013001314089-0
778-1,Car,035300-2013001314089-0
778-2,Car,035300-2013001314089-0
778-3,Car,035300-2013001314089-0
778-4,Car,035300-2013001314089-0
779-0,Car,012201-2015001194177-0
779-1,Car,012201-2015001194177-0
779-2,Car,012201-2015001194177-0
779-3,Car,012201-2015001194177-0
779-4,Car,012201-2015001194177-0
780-0,Car,020200-2014000087937-0
780-1,Car,020200-2014000087937-0
781-0,Car,015400-2014001269289-0
781-1,Car,015400-2014001269289-0
782-0,Car,010900-2013001485345-0
782-1,Car,010900-2013001485345-0
782-2,Car,010900-2013001485345-0
783-0,Car,032602-2014001180865-0
783-1,Car,032602-2014001180865-0
783-2,Car,032602-2014001180865-0
783-3,Car,032602-2014001180865-0
783-4,Car,032602-2014001180865-0
784-0,Car,061500-2015000398447-1
784-1,Car,061500-2015000398447-1
785-0,Car,015700-2016000126373-0
785-1,Car,015700-2016000126373-0
786-0,Car,030400-2015001060705-0
786-1,Car,030400-2015001060705-0
786-2,Car,030400-2015001060705-0
786-3,Car,030400-2015001060705-0
786-4,Car,030400-2015001060705-0
787-0,Car,026403-2016000711545-0
787-1,Car,026403-2016000711545-0
787-2,Car,026403-2016000711545-0
788-0,Car,061500-2013000073819-1
788-1,Car,061500-2013000073819-1
788-2,Car,061500-2013000073819-1
788-3,Car,061500-2013000073819-1
788-4,Car,061500-2013000073819-1
789-0,Car,018000-2015000777866-1
789-1,Car,018000-2015000777866-1
789-2,Car,018000-2015000777866-1
789-3,Car,018000-2015000777866-1
789-4,Car,018000-2015000777866-1
790-0,Car,032700-2015000856216-1
790-1,Car,032700-2015000856216-1
790-2,Car,032700-2015000856216-1
791-0,Car,023102-2012000121328-0
791-1,Car,023102-2012000121328-0
791-2,Car,023102-2012000121328-0
791-3,Car,023102-2012000121328-0
792-0,Car,012902-2015000521193-2
792-1,Car,012902-2015000521193-2
793-0,Car,030201-2016000470661-0
793-1,Car,030201-2016000470661-0
793-2,Car,030201-2016000470661-0
793-3,Car,030201-2016000470661-0
793-4,Car,030201-2016000470661-0
794-0,Car,030400-2015000382639-0
794-1,Car,030400-2015000382639-0
794-2,Car,030400-2015000382639-0
794-3,Car,030400-2015000382639-0
794-4,Car,030400-2015000382639-0
795-0,Car,025200-2016000338365-0
795-1,Car,025200-2016000338365-0
796-0,Car,022702-2014001168008-0
796-1,Car,022702-2014001168008-0
797-0,Car,030400-2014001310132-0
797-1,Car,030400-2014001310132-0
797-2,Car,030400-2014001310132-0
797-3,Car,030400-2014001310132-0
797-4,Car,030400-2014001310132-0
798-0,Car,023003-2016000212389-0
798-1,Car,023003-2016000212389-0
798-2,Car,023003-2016000212389-0
799-0,Car,020700-2014001089657-0
799-1,Car,020700-2014001089657-0
799-2,Car,020700-2014001089657-0
799-3,Car,020700-2014001089657-0
800-0,Car,030800-2012001447302-0
800-1,Car,030800-2012001447302-0
800-2,Car,030800-2012001447302-0
801-0,Car,015200-2012000561336-0
801-1,Car,015200-2012000561336-0
801-2,Car,015200-2012000561336-0
801-3,Car,015200-2012000561336-0
801-4,Car,015200-2012000561336-0
802-0,Car,010900-2014000058545-1
802-1,Car,010900-2014000058545-1
803-0,Car,013400-2012000213253-1
803-1,Car,013400-2012000213253-1
803-2,Car,013400-2012000213253-1
804-0,Car,030301-2015001348209-0
804-1,Car,030301-2015001348209-0
804-2,Car,030301-2015001348209-0
805-0,Car,600800-2014001325153-3
805-1,Car,600800-2014001325153-3
805-2,Car,600800-2014001325153-3
805-3,Car,600800-2014001325153-3
806-0,Car,045100-2013000144850-0
806-1,Car,045100-2013000144850-0
806-2,Car,045100-2013000144850-0
807-0,Car,035400-2016001479397-0
807-1,Car,035400-2016001479397-0
807-2,Car,035400-2016001479397-0
808-0,Car,016400-2014000132504-0
808-1,Car,016400-2014000132504-0
808-2,Car,016400-2014000132504-0
809-0,Car,026301-2016001507091-0
809-1,Car,026301-2016001507091-0
809-2,Car,026301-2016001507091-0
810-0,Car,017802-2013000355041-0
810-1,Car,017802-2013000355041-0
810-2,Car,017802-2013000355041-0
811-0,Car,012902-2015001506748-0
811-1,Car,012902-2015001506748-0
811-2,Car,012902-2015001506748-0
812-0,Car,047802-2016001176125-0
812-1,Car,047802-2016001176125-0
812-2,Car,047802-2016001176125-0
812-3,Car,047802-2016001176125-0
813-0,Car,032601-2012001243911-0
813-1,Car,032601-2012001243911-0
813-2,Car,032601-2012001243911-0
814-0,Car,030700-2016000407652-0
814-1,Car,030700-2016000407652-0
814-2,Car,030700-2016000407652-0
815-0,Car,026003-2014001230128-0
815-1,Car,026003-2014001230128-0
815-2,Car,026003-2014001230128-0
815-3,Car,026003-2014001230128-0
815-4,Car,026003-2014001230128-0
816-0,Car,022704-2013000970689-0
816-1,Car,022704-2013000970689-0
817-0,Car,061500-2016000798990-0
817-1,Car,061500-2016000798990-0
817-2,Car,061500-2016000798990-0
818-0,Car,016500-2012000933140-1
818-1,Car,016500-2012000933140-1
818-2,Car,016500-2012000933140-1
818-3,Car,016500-2012000933140-1
819-0,Car,013000-2015001345120-2
819-1,Car,013000-2015001345120-2
820-0,Car,015100-2014000805103-1
820-1,Car,015100-2014000805103-1
821-0,Car,010900-2016000427822-0
821-1,Car,010900-2016000427822-0
821-2,Car,010900-2016000427822-0
821-3,Car,010900-2016000427822-0
822-0,Car,032801-2016000629576-1
822-1,Car,032801-2016000629576-1
822-2,Car,032801-2016000629576-1
822-3,Car,032801-2016000629576-1
823-0,Car,022704-2015000953620-0
823-1,Car,022704-2015000953620-0
824-0,Car,015500-2016000077941-0
824-1,Car,015500-2016000077941-0
824-2,Car,015500-2016000077941-0
825-0,Car,047801-2014000862655-0
825-1,Car,047801-2014000862655-0
825-2,Car,047801-2014000862655-0
825-3,Car,047801-2014000862655-0
826-0,Car,016700-2013001237688-0
826-1,Car,016700-2013001237688-0
826-2,Car,016700-2013001237688-0
826-3,Car,016700-2013001237688-0
826-4,Car,016700-2013001237688-0
827-0,Car,035400-2015000320373-0
827-1,Car,035400-2015000320373-0
827-2,Car,035400-2015000320373-0
828-0,Car,026200-2014000069002-1
828-1,Car,026200-2014000069002-1
828-2,Car,026200-2014000069002-1
828-3,Car,026200-2014000069002-1
828-4,Car,026200-2014000069002-1
829-0,Car,061500-2016001502738-0
829-1,Car,061500-2016001502738-0
829-2,Car,061500-2016001502738-0
829-3,Car,061500-2016001502738-0
830-0,Car,015400-2012001040227-0
830-1,Car,015400-2012001040227-0
831-0,Car,017700-2012000718529-0
831-1,Car,017700-2012000718529-0
832-0,Car,021500-2016000442052-0
832-1,Car,021500-2016000442052-0
832-2,Car,021500-2016000442052-0
832-3,Car,021500-2016000442052-0
833-0,Car,010400-2016000821780-0
833-1,Car,010400-2016000821780-0
833-2,Car,010400-2016000821780-0
833-3,Car,010400-2016000821780-0
834-0,Car,061400-2014000809942-0
834-1,Car,061400-2014000809942-0
835-0,Car,015200-2015000704715-0
835-1,Car,015200-2015000704715-0
835-2,Car,015200-2015000704715-0
836-0,Car,042700-2013000122241-0
836-1,Car,042700-2013000122241-0
836-2,Car,042700-2013000122241-0
837-0,Car,032700-2016000421109-0
837-1,Car,032700-2016000421109-0
837-2,Car,032700-2016000421109-0
837-3,Car,032700-2016000421109-0
837-4,Car,032700-2016000421109-0
838-0,Car,033100-2012001090927-0
838-1,Car,033100-2012001090927-0
838-2,Car,033100-2012001090927-0
838-3,Car,033100-2012001090927-0
838-4,Car,033100-2012001090927-0
839-0,Car,047801-2015000998356-0
839-1,Car,047801-2015000998356-0
840-0,Car,016400-2015001332953-0
840-1,Car,016400-2015001332953-0
840-2,Car,016400-2015001332953-0
841-0,Car,020200-2012001366627-0
841-1,Car,020200-2012001366627-0
842-0,Car,016801-2014000489904-0
842-1,Car,016801-2014000489904-0
843-0,Car,022903-2012000143600-0
843-1,Car,022903-2012000143600-0
844-0,Car,021300-2015000786649-0
844-1,Car,021300-2015000786649-0
844-2,Car,021300-2015000786649-0
845-0,Car,061500-2012000084651-3
845-1,Car,061500-2012000084651-3
845-2,Car,061500-2012000084651-3
846-0,Car,026402-2016000017946-0
846-1,Car,026402-2016000017946-0
846-2,Car,026402-2016000017946-0
846-3,Car,026402-2016000017946-0
847-0,Car,015600-2012000506200-0
847-1,Car,015600-2012000506200-0
847-2,Car,015600-2012000506200-0
848-0,Car,026402-2015000788408-0
848-1,Car,026402-2015000788408-0
848-2,Car,026402-2015000788408-0
848-3,Car,026402-2015000788408-0
848-4,Car,026402-2015000788408-0
849-0,Car,035300-2014001145490-0
849-1,Car,035300-2014001145490-0
849-2,Car,035300-2014001145490-0
850-0,Car,045200-2013001088780-0
850-1,Car,045200-2013001088780-0
850-2,Car,045200-2013001088780-0
850-3,Car,045200-2013001088780-0
851-0,Car,016700-2012001395754-0
851-1,Car,016700-2012001395754-0
852-0,Car,020700-2013001459789-0
852-1,Car,020700-2013001459789-0
853-0,Car,047702-2013001414738-0
853-1,Car,047702-2013001414738-0
854-0,Car,012000-2015000952815-0
854-1,Car,012000-2015000952815-0
854-2,Car,012000-2015000952815-0
854-3,Car,012000-2015000952815-0
855-0,Car,010400-2016001011747-0
855-1,Car,010400-2016001011747-0
855-2,Car,010400-2016001011747-0
856-0,Car,042700-2013001014778-0
856-1,Car,042700-2013001014778-0
856-2,Car,042700-2013001014778-0
856-3,Car,042700-2013001014778-0
856-4,Car,042700-2013001014778-0
857-0,Car,016700-2013000027772-0
857-1,Car,016700-2013000027772-0
857-2,Car,016700-2013000027772-0
858-0,Car,030302-2016000933833-0
858-1,Car,030302-2016000933833-0
859-0,Car,016600-2013000625586-0
859-1,Car,016600-2013000625586-0
859-2,Car,016600-2013000625586-0
860-0,Car,025403-2014000712726-0
860-1,Car,025403-2014000712726-0
861-0,Car,020100-2016001168592-0
861-1,Car,020100-2016001168592-0
861-2,Car,020100-2016001168592-0
861-3,Car,020100-2016001168592-0
861-4,Car,020100-2016001168592-0
862-0,Car,061100-2016001385848-0
862-1,Car,061100-2016001385848-0
863-0,Car,060700-2012001070158-1
863-1,Car,060700-2012001070158-1
864-0,Car,012501-2015001394702-0
864-1,Car,012501-2015001394702-0
864-2,Car,012501-2015001394702-0
864-3,Car,012501-2015001394702-0
865-0,Car,016400-2015000383914-0
865-1,Car,016400-2015000383914-0
865-2,Car,016400-2015000383914-0
866-0,Car,021600-2015000195821-0
866-1,Car,021600-2015000195821-0
867-0,Car,031400-2015000857370-0
867-1,Car,031400-2015000857370-0
867-2,Car,031400-2015000857370-0
868-0,Car,042700-2012000117107-0
868-1,Car,042700-2012000117107-0
868-2,Car,042700-2012000117107-0
868-3,Car,042700-2012000117107-0
869-0,Car,047701-2013000697331-0
869-1,Car,047701-2013000697331-0
869-2,Car,047701-2013000697331-0
870-0,Car,013400-2016001339453-0
870-1,Car,013400-2016001339453-0
871-0,Car,030800-2015001124034-0
871-1,Car,030800-2015001124034-0
871-2,Car,030800-2015001124034-0
872-0,Car,061500-2015000104665-2
872-1,Car,061500-2015000104665-2
873-0,Car,047701-2012000224584-0
873-1,Car,047701-2012000224584-0
873-2,Car,047701-2012000224584-0
874-0,Car,012902-2015000291319-0
874-1,Car,012902-2015000291319-0
874-2,Car,012902-2015000291319-0
875-0,Car,020600-2014001002231-1
875-1,Car,020600-2014001002231-1
875-2,Car,020600-2014001002231-1
