timeOfDayInSeconds,personId,rideHailVehicleId,waitingTimeInSeconds
28381.0,201-2015000050024-092430,rideHailVehicle-201-2013000280546-136649,58.0
28854.0,1902-2015000839944-0110282,rideHailVehicle-1901-2014001213505-087724,9.0
28989.0,401-2012000651476-013077,rideHailVehicle-401-2015001304619-0120362,33.0
29064.0,1700-2015000884043-0111800,rideHailVehicle-1700-2015000884043-0111800,143.0
29917.0,1500-2014001061014-083651,rideHailVehicle-1902-2013000519245-042221,56.0
29435.0,201-2014001281447-088711,rideHailVehicle-201-2014001205505-087411,701.0
30976.0,700-2016001407958-1154494,rideHailVehicle-700-2016000029416-0125169,12.0
30963.0,300-2016001223046-0151997,rideHailVehicle-300-2012000903731-018299,29.0
31490.0,300-2016001223046-0151821,rideHailVehicle-300-2016000510160-1136725,33.0
31670.0,900-2013001348757-058065,rideHailVehicle-900-2013000479091-041486,34.0
31838.0,1500-2015001363337-0121824,rideHailVehicle-1500-2013000564255-143681,1.0
32092.0,900-2015000949415-0112930,rideHailVehicle-900-2014001166634-086084,54.0
32124.0,1600-2014001394187-090623,rideHailVehicle-1600-2014001394187-090590,37.0
31935.0,1500-2013000055922-030470,rideHailVehicle-1901-2014000119219-064089,251.0
32106.0,201-2016000420812-0134471,rideHailVehicle-201-2016000264178-0131049,145.0
33079.0,1700-2014000987574-081338,rideHailVehicle-1600-2012000566763-111488,33.0
33080.0,202-2015000458232-099774,rideHailVehicle-202-2012000311610-06146,39.0
33180.0,1105-2012000401040-38139,rideHailVehicle-1105-2015001283493-0120015,132.0
33510.0,100-2012000217991-04448,rideHailVehicle-100-2014000488669-071591,24.0
33546.0,500-2012000131467-02350,rideHailVehicle-401-2016001437406-0155382,69.0
33673.0,900-2016000116811-0127703,rideHailVehicle-900-2015000102574-093027,89.0
33819.0,1902-2015000087715-092867,rideHailVehicle-1902-2014000495145-072101,81.0
33822.0,700-2016001368397-0153977,rideHailVehicle-900-2016000327234-0132073,59.0
33819.0,1902-2015000087715-092834,rideHailVehicle-1902-2015000087715-092867,347.0
34088.0,1500-2016000012225-2124639,rideHailVehicle-1500-2016001216686-0151358,58.0
34134.0,202-2015000458232-099814,rideHailVehicle-202-2015000458232-099694,102.0
34157.0,900-2016000267720-0131236,rideHailVehicle-900-2015001314717-2120807,126.0
34257.0,1600-2013000438496-040821,rideHailVehicle-1600-2012000493995-010046,44.0
34803.0,300-2016000833173-0144672,rideHailVehicle-300-2013000419803-140057,28.0
34712.0,500-2016000905283-0146152,rideHailVehicle-500-2016001048510-0148334,33.0
34941.0,300-2013000570002-043798,rideHailVehicle-408-2015000759098-0105910,54.0
35017.0,1902-2015000839944-0110250,rideHailVehicle-1901-2016000614752-0139495,18.0
35091.0,100-2012000217991-04404,rideHailVehicle-100-2012000217991-04272,24.0
35450.0,700-2015000467368-099992,rideHailVehicle-700-2016000699058-0141668,72.0
35472.0,900-2013000056397-230630,rideHailVehicle-900-2016000772838-1143323,32.0
35580.0,300-2012001333257-026186,rideHailVehicle-300-2013000895447-149727,27.0
35656.0,10600-2016000905283-0146131,rideHailVehicle-10600-2013000902944-049996,43.0
35656.0,10600-2016000905283-0146190,rideHailVehicle-10600-2014000053367-062151,43.0
35588.0,1500-2014001338541-089752,rideHailVehicle-1500-2015001324443-0121333,318.0
35907.0,100-2012000559396-011055,rideHailVehicle-100-2012000559396-010896,62.0
36378.0,300-2012000164709-03120,rideHailVehicle-300-2013000487483-041864,124.0
36484.0,1500-2014000180574-065440,rideHailVehicle-1901-2014000119219-064089,15.0
36551.0,1001-2015001270029-0119763,rideHailVehicle-1001-2015000804471-0108125,58.0
36723.0,1500-2016000012225-2124728,rideHailVehicle-1500-2016001216686-0151395,88.0
36735.0,202-2013001200076-055619,rideHailVehicle-202-2013000280546-136430,55.0
36959.0,1902-2013000486183-141812,rideHailVehicle-1700-2012001287756-025079,42.0
36892.0,1600-2013000438496-040735,rideHailVehicle-1600-2012001111971-022517,44.0
37024.0,1001-2013001157196-054503,rideHailVehicle-202-2012000662466-013373,17.0
37237.0,10600-2014000053367-062387,rideHailVehicle-10600-2016001178626-0150134,43.0
37348.0,202-2012000397841-07947,rideHailVehicle-202-2016000155763-0128395,141.0
37348.0,202-2012000397841-07903,rideHailVehicle-202-2014000032166-061393,141.0
37419.0,1600-2013000438496-040993,rideHailVehicle-1600-2016001091548-1148848,44.0
37438.0,700-2015000949415-1112929,rideHailVehicle-700-2012000855549-017634,18.0
37471.0,900-2013000190262-134138,rideHailVehicle-900-2014000495145-072161,58.0
37529.0,202-2015000795744-0107790,rideHailVehicle-202-2015000458232-099694,44.0
37789.0,10405-2016000069252-0126445,rideHailVehicle-10405-2016000069252-0126529,38.0
37851.0,300-2016001223046-0151997,rideHailVehicle-300-2012000903731-018299,51.0
37874.0,600-2015001440276-0123206,rideHailVehicle-600-2014000987574-081400,3.0
37946.0,1600-2013000438496-040907,rideHailVehicle-1600-2016001082300-0148484,44.0
38103.0,300-2015000794086-0107372,rideHailVehicle-401-2015001275570-0119889,54.0
38151.0,1500-2014001061014-083651,rideHailVehicle-1500-2015000712347-1104933,4.0
38288.0,1801-2015001291004-0120137,rideHailVehicle-1801-2013000634285-045267,17.0
38297.0,500-2013001157196-054499,rideHailVehicle-500-2015001219743-0118226,7.0
38389.0,1002-2013000895447-149748,rideHailVehicle-1002-2014000039346-161549,22.0
38682.0,100-2012000923823-018513,rideHailVehicle-100-2014000550778-273500,43.0
38691.0,700-2014001205505-087522,rideHailVehicle-700-2012000963809-419384,16.0
38674.0,1002-2015000502599-0100440,rideHailVehicle-1200-2015000732389-1105746,14.0
38778.0,1902-2016001412423-0154763,rideHailVehicle-1902-2015001064196-0115310,15.0
38796.0,500-2016000905283-0146093,rideHailVehicle-1700-2012000169809-03285,33.0
38778.0,1600-2012000963809-319448,rideHailVehicle-1600-2012001239814-024234,62.0
38921.0,900-2015000400656-099265,rideHailVehicle-202-2013000258802-035711,51.0
39107.0,1500-2013001232881-056372,rideHailVehicle-1500-2014000536339-073042,14.0
39107.0,1500-2012001462917-029098,rideHailVehicle-1500-2013001232881-056292,14.0
39201.0,1002-2014000046617-061604,rideHailVehicle-900-2016000772838-1143323,0.0
39221.0,1500-2016000250854-1130705,rideHailVehicle-1500-2015001324443-0121333,1.0
39336.0,900-2012000829853-116642,rideHailVehicle-900-2012000829853-116578,82.0
39360.0,10104-2014000434311-070211,rideHailVehicle-10104-2014001166634-186071,38.0
39424.0,100-2016000116811-0127670,rideHailVehicle-100-2012000420927-08807,44.0
39475.0,300-2016001223046-0151821,rideHailVehicle-300-2016000510160-1136725,51.0
39424.0,100-2013000668727-046393,rideHailVehicle-100-2016000116811-0127924,44.0
39562.0,1600-2015000884043-0111937,rideHailVehicle-600-2015000018888-091744,23.0
39614.0,300-2012000816252-016025,rideHailVehicle-300-2012000401040-08005,9.0
39579.0,1600-2014000079080-063004,rideHailVehicle-1600-2012000395090-07794,43.0
39579.0,1600-2014000079080-063055,rideHailVehicle-1600-2016000644235-0140115,43.0
39634.0,1500-2012001462917-029119,rideHailVehicle-1500-2012001462917-029056,143.0
39634.0,1500-2014000536339-072999,rideHailVehicle-1600-2012001239814-024234,4.0
39606.0,405-2012000409452-08604,rideHailVehicle-401-2015001102883-0116033,107.0
39728.0,1002-2015000723275-0105056,rideHailVehicle-1002-2012001414670-028214,0.0
39934.0,1700-2013001099005-053738,rideHailVehicle-1700-2013000575117-043882,20.0
39899.0,700-2015000981882-0113808,rideHailVehicle-201-2015000306203-097134,56.0
39951.0,100-2016000116811-0127924,rideHailVehicle-100-2012000559396-011108,269.0
40161.0,1500-2015000712347-1104871,rideHailVehicle-1500-2015001314717-4121163,43.0
40255.0,1002-2012000251540-05137,rideHailVehicle-1002-2014000046617-061604,0.0
40090.0,1002-2014000046617-061621,rideHailVehicle-1002-2014000221274-066331,235.0
40300.0,1600-2013000438496-040821,rideHailVehicle-500-2013000178929-033442,131.0
40256.0,1002-2013000226280-034958,rideHailVehicle-1002-2015001024517-0114622,209.0
40486.0,1001-2016000250854-0130768,rideHailVehicle-1002-2014001139730-185444,22.0
40639.0,1105-2012000401040-38139,rideHailVehicle-1105-2015001283493-0120015,17.0
40621.0,1801-2012001471932-029489,rideHailVehicle-1803-2015000780667-1106778,44.0
40638.0,500-2015001311731-0120710,rideHailVehicle-500-2016000949187-0146846,58.0
40688.0,1500-2016001412423-0154758,rideHailVehicle-1500-2016001412423-0154704,43.0
40851.0,1600-2015000837069-0109976,rideHailVehicle-1600-2012000395090-07794,62.0
40133.0,405-2012000409452-08636,rideHailVehicle-405-2012000752641-314907,741.0
40936.0,1600-2013001421148-059361,rideHailVehicle-1600-2013001421148-059361,5.0
40782.0,1002-2016001210684-1150831,rideHailVehicle-1002-2013000787397-048152,240.0
41013.0,1002-2016000645198-0140318,rideHailVehicle-1200-2015000879933-0111701,67.0
41133.0,700-2016000770003-0143123,rideHailVehicle-201-2016000264178-0131049,57.0
41165.0,500-2015001311731-0120662,rideHailVehicle-500-2015001219743-0118226,61.0
41144.0,1002-2012000164709-23150,rideHailVehicle-1002-2015000902296-0112321,240.0
41215.0,1500-2015000712347-1104995,rideHailVehicle-1902-2013000519245-042221,268.0
41215.0,1500-2016001412423-0154731,rideHailVehicle-1901-2016000614752-0139495,257.0
41463.0,1600-2013001421148-059387,rideHailVehicle-1600-2013001421148-059413,16.0
41555.0,1500-2013000055922-030470,rideHailVehicle-1500-2015000189392-094800,7.0
41497.0,201-2016000420812-0134471,rideHailVehicle-700-2013000485454-041571,218.0
41633.0,1600-2012000078687-01566,rideHailVehicle-1600-2012000395090-07753,44.0
41787.0,900-2013000663889-045937,rideHailVehicle-900-2012000401040-18330,12.0
41928.0,1901-2012000882767-018039,rideHailVehicle-1500-2016000955202-0146914,0.0
41677.0,1500-2015001324443-0121353,rideHailVehicle-1600-2014001394187-090590,156.0
42128.0,700-2012000970914-020058,rideHailVehicle-900-2012000354056-07207,58.0
42164.0,500-2016000510160-0136660,rideHailVehicle-500-2016001187407-0150492,58.0
42149.0,700-2012000397841-07912,rideHailVehicle-700-2012001382026-027407,71.0
42198.0,1002-2016000116811-0127963,rideHailVehicle-1002-2014000976338-080985,0.0
42198.0,1002-2016000116811-0127836,rideHailVehicle-1002-2012001414670-028285,0.0
42193.0,1200-2012000747410-014612,rideHailVehicle-1200-2012000747410-014595,66.0
42198.0,1002-2016000116811-0127709,rideHailVehicle-1002-2015000557350-1101107,0.0
42424.0,900-2016000267720-0131236,rideHailVehicle-900-2015001314717-2120807,3.0
42550.0,10405-2012001067422-021806,rideHailVehicle-10405-2013001099005-153678,58.0
42516.0,1902-2015001250406-0119279,rideHailVehicle-1902-2013001135090-053903,111.0
42594.0,1002-2013000576300-043938,rideHailVehicle-1002-2013000359041-238015,73.0
42688.0,1500-2016000012225-2124639,rideHailVehicle-1500-2016001216686-0151358,7.0
42612.0,600-2013000377800-138967,rideHailVehicle-500-2012001048206-021041,157.0
42719.0,202-2015000458232-099774,rideHailVehicle-202-2012000311610-06146,58.0
42227.0,10104-2015001453276-0123281,rideHailVehicle-1902-2014000174501-065334,738.0
42227.0,1902-2016000829228-0144529,rideHailVehicle-1902-2014000614689-074928,738.0
42227.0,10104-2013000258802-135750,rideHailVehicle-1101-2014000331760-069046,738.0
42227.0,1902-2014000614689-074944,rideHailVehicle-10102-2015000949415-2112906,738.0
42227.0,1902-2014000174501-065378,rideHailVehicle-1500-2015000784412-2106934,738.0
42227.0,1902-2016000829228-0144518,rideHailVehicle-1500-2015000480109-0100189,738.0
42227.0,10104-2013000258802-135707,rideHailVehicle-10102-2014000266090-167543,738.0
42227.0,1902-2016000829228-0144507,rideHailVehicle-1902-2014000614689-074960,738.0
42227.0,10104-2015001453276-0123287,rideHailVehicle-10104-2015001453276-0123281,738.0
42227.0,10104-2013000258802-135836,rideHailVehicle-1902-2016000829228-0144496,738.0
42227.0,10104-2013000258802-135793,rideHailVehicle-10104-2012000178004-13558,636.0
42981.0,202-2013000153074-032887,rideHailVehicle-202-2013000068309-031128,29.0
42981.0,202-2013000179683-033670,rideHailVehicle-202-2016001467581-0156442,29.0
43069.0,406-2013000062460-030888,rideHailVehicle-406-2012000353261-26811,58.0
43121.0,500-2016000905283-0146152,rideHailVehicle-500-2016001048510-0148334,7.0
43036.0,202-2013001200076-055619,rideHailVehicle-202-2013000280546-136430,74.0
42989.0,1600-2014000858265-078522,rideHailVehicle-1600-2016000069252-0126512,44.0
43121.0,1002-2013000576300-043951,rideHailVehicle-900-2015000102574-093027,79.0
43125.0,1002-2013000914558-150245,rideHailVehicle-900-2014001166634-086084,79.0
43161.0,300-2013000570002-043798,rideHailVehicle-300-2012000903731-018299,27.0
43051.0,700-2015000467368-099992,rideHailVehicle-700-2015000732389-0105727,253.0
43294.0,1200-2013001097023-053518,rideHailVehicle-1200-2015000242612-095918,43.0
43313.0,700-2013000914558-050176,rideHailVehicle-700-2014001231792-088122,86.0
43672.0,1902-2013000486183-141812,rideHailVehicle-1700-2012001287756-025079,31.0
43720.0,500-2012000131467-02350,rideHailVehicle-401-2016001437406-0155382,14.0
43744.0,700-2016000215171-0129410,rideHailVehicle-700-2015000578512-0101510,5.0
43775.0,700-2012000633457-012614,rideHailVehicle-700-2015000938182-1112723,58.0
43841.0,10104-2012001337606-026271,rideHailVehicle-1902-2013000107064-032082,51.0
43905.0,10405-2016000266802-0131184,rideHailVehicle-10405-2014001404766-090805,58.0
43905.0,10405-2012001464904-029253,rideHailVehicle-10405-2012001118760-122655,58.0
43905.0,10405-2014001275264-088659,rideHailVehicle-10405-2012001464904-029296,58.0
43905.0,10405-2012000529759-010444,rideHailVehicle-10405-2014000254448-067186,58.0
43905.0,10405-2013001328389-057942,rideHailVehicle-10405-2015000875080-1111186,58.0
43905.0,10405-2013001328389-057963,rideHailVehicle-10405-2012000529759-010444,58.0
43905.0,10405-2012001067422-021843,rideHailVehicle-10405-2015000397926-098953,58.0
43905.0,10405-2014001404766-090805,rideHailVehicle-10405-2013001328389-057921,58.0
43905.0,10405-2012000529759-010404,rideHailVehicle-10405-2016001210775-1151101,58.0
43965.0,1200-2013000934703-050663,rideHailVehicle-1200-2016000836708-0144900,44.0
43905.0,10405-2014001160902-085986,rideHailVehicle-10405-2012000493995-010054,58.0
43905.0,10405-2012001067422-021769,rideHailVehicle-10405-2015000133808-093480,58.0
43905.0,10405-2013001099005-153754,rideHailVehicle-10405-2012001067422-021843,58.0
43905.0,10405-2012000529759-010484,rideHailVehicle-10405-2013000668727-046368,58.0
43905.0,10405-2015000875080-1111510,rideHailVehicle-10405-2013001328389-057963,58.0
43905.0,10405-2012001067422-021880,rideHailVehicle-10405-2015000831253-1109765,58.0
43905.0,10405-2012001067422-021732,rideHailVehicle-10405-2014001404766-090768,58.0
43905.0,10405-2015000795744-1107873,rideHailVehicle-10405-2013001135090-053905,58.0
44102.0,1001-2014000596551-074816,rideHailVehicle-1001-2016001487612-0157322,58.0
44243.0,1002-2012000805694-015658,rideHailVehicle-1002-2015001369519-0121981,58.0
44230.0,1901-2016000607896-1138926,rideHailVehicle-1901-2012000353261-07171,58.0
44306.0,1002-2015000099042-092912,rideHailVehicle-1002-2013000438496-040968,232.0
44426.0,10405-2013000668727-246495,rideHailVehicle-10405-2013001219485-056046,43.0
44426.0,10405-2012000965843-119988,rideHailVehicle-10405-2014001046127-083186,43.0
44527.0,10102-2014000053367-062154,rideHailVehicle-10102-2016001497890-0157523,50.0
44476.0,700-2012000987013-020341,rideHailVehicle-700-2012000855549-017634,18.0
44421.0,1902-2012000252732-05257,rideHailVehicle-1700-2012001287756-025079,72.0
44542.0,1600-2014001394187-090623,rideHailVehicle-1700-2013000575117-043882,50.0
44142.0,900-2013000056397-230630,rideHailVehicle-1002-2016000772838-1143505,435.0
44614.0,202-2012000397841-07903,rideHailVehicle-202-2016000155763-0128395,40.0
44614.0,202-2012000397841-07947,rideHailVehicle-202-2014000032166-061393,40.0
44666.0,100-2012000217991-04448,rideHailVehicle-100-2014000488669-071591,44.0
44715.0,406-2012001433817-028739,rideHailVehicle-406-2012000963809-119176,26.0
44730.0,500-2012000131467-02479,rideHailVehicle-500-2012000131467-02178,32.0
44730.0,500-2012000131467-02522,rideHailVehicle-500-2012000131467-02264,32.0
44702.0,1002-2016000645198-0140275,rideHailVehicle-1001-2016000250854-0130768,89.0
44774.0,900-2015000949415-0112930,rideHailVehicle-1002-2014001139730-185515,19.0
44747.0,1902-2015000087715-092834,rideHailVehicle-1902-2014000495145-072101,0.0
44797.0,405-2016000046283-0125694,rideHailVehicle-407-2016000250854-1130669,23.0
44808.0,300-2012000164709-03120,rideHailVehicle-600-2016001232300-0152511,18.0
44798.0,700-2016000215171-0129451,rideHailVehicle-700-2013000377800-238850,16.0
44739.0,1200-2014001175886-086566,rideHailVehicle-1200-2014000292394-168112,43.0
44826.0,700-2013000570002-043806,rideHailVehicle-700-2012000987013-020209,9.0
44747.0,1902-2015000087715-092867,rideHailVehicle-1902-2015000087715-092867,0.0
45054.0,10600-2016001043314-0148173,rideHailVehicle-10600-2016001043314-0148193,58.0
45046.0,300-2014000448294-070621,rideHailVehicle-300-2012000401040-08005,15.0
45151.0,1500-2016000250854-1130793,rideHailVehicle-1600-2014001394187-090590,1.0
45089.0,202-2013000179683-033713,rideHailVehicle-202-2016001210775-0151115,120.0
45162.0,900-2014000533554-072874,rideHailVehicle-202-2012000662466-013373,22.0
45277.0,1500-2015001363337-0121850,rideHailVehicle-1500-2013000564255-143681,2.0
45301.0,700-2012000633457-012641,rideHailVehicle-700-2013001154841-054352,58.0
45593.0,10600-2016000905283-0146131,rideHailVehicle-1901-2014000119219-064089,34.0
45575.0,1001-2015001270029-0119763,rideHailVehicle-1101-2013000145970-032668,12.0
45593.0,10600-2016000905283-0146190,rideHailVehicle-1600-2016000069252-0126512,34.0
45846.0,1600-2012000963809-319634,rideHailVehicle-1600-2012000539363-010570,62.0
45784.0,500-2012000131467-02436,rideHailVehicle-500-2016001459467-0156283,92.0
45851.0,406-2016000874667-0145397,rideHailVehicle-405-2013001274069-056917,23.0
45967.0,202-2015000458232-099814,rideHailVehicle-202-2013000376438-038610,58.0
46102.0,1902-2016001407958-1154463,rideHailVehicle-1902-2012000854454-017432,58.0
46215.0,1700-2014001079600-084120,rideHailVehicle-1700-2014001045407-083091,10.0
46065.0,300-2016000833173-0144672,rideHailVehicle-300-2013000419803-140057,18.0
46111.0,1600-2016000069252-0126428,rideHailVehicle-1600-2014001093569-184609,44.0
46215.0,1700-2015000795744-1107853,rideHailVehicle-1700-2015001219743-0118329,10.0
46215.0,1700-2014001079600-084077,rideHailVehicle-1700-2014000863087-078596,128.0
46218.0,700-2016001368397-0153977,rideHailVehicle-700-2015000981882-0113787,122.0
46360.0,1101-2012001393533-027640,rideHailVehicle-1200-2014001126769-085314,37.0
46284.0,10405-2016000069252-0126445,rideHailVehicle-10405-2016000069252-0126529,74.0
46476.0,10104-2016000833173-0144667,rideHailVehicle-10104-2014000951716-580595,51.0
46556.0,100-2012000923823-018513,rideHailVehicle-401-2015001304619-0120362,26.0
46523.0,100-2016000116811-0127670,rideHailVehicle-100-2012000420927-08807,43.0
46443.0,1500-2015001324443-0121373,rideHailVehicle-10600-2013000818226-048628,156.0
46523.0,100-2013000668727-046393,rideHailVehicle-100-2016000116811-0127924,43.0
46787.0,900-2012000829853-116642,rideHailVehicle-900-2012000829853-116578,45.0
46905.0,405-2013000190262-034055,rideHailVehicle-405-2015000806558-0108176,25.0
46819.0,10104-2014000266090-267547,rideHailVehicle-10102-2014001404766-090770,11.0
46865.0,1200-2013001097023-053444,rideHailVehicle-1200-2013001357772-058464,43.0
46858.0,1500-2015001363337-0121837,rideHailVehicle-1500-2015001324443-0121333,2.0
46956.0,1001-2016000250854-0130768,rideHailVehicle-1002-2014001139730-185444,87.0
46939.0,1700-2014000987574-081338,rideHailVehicle-1600-2012000566763-111488,26.0
47087.0,202-2015000795744-0107790,rideHailVehicle-202-2015000458232-099694,16.0
47316.0,1500-2012000164709-33182,rideHailVehicle-600-2014000114846-063990,50.0
47365.0,500-2012000131467-02393,rideHailVehicle-1700-2012000169809-03285,72.0
47352.0,10600-2016001043314-0148193,rideHailVehicle-1901-2014000119219-064089,87.0
47446.0,300-2016000772838-0143392,rideHailVehicle-300-2012001333257-026186,44.0
47732.0,1002-2013001282756-157139,rideHailVehicle-1106-2013001390857-158611,13.0
47722.0,700-2012001325614-025688,rideHailVehicle-700-2016000250854-0130676,33.0
47732.0,1106-2013000293337-237195,rideHailVehicle-1106-2015000213571-195575,13.0
47895.0,1901-2013000190262-034028,rideHailVehicle-1902-2013000641521-045602,58.0
47893.0,1801-2015001291004-0120137,rideHailVehicle-1801-2013000634285-045267,26.0
47909.0,300-2012000816252-016025,rideHailVehicle-300-2015000784380-0106836,27.0
48034.0,1002-2014000046617-061621,rideHailVehicle-1200-2015000879933-0111701,46.0
48081.0,1500-2014001338541-089752,rideHailVehicle-1600-2014001093569-184609,1.0
48029.0,300-2012001333257-026186,rideHailVehicle-300-2013000895447-149727,96.0
48057.0,10104-2012000529759-010449,rideHailVehicle-10104-2012001333257-126062,51.0
47590.0,201-2016000510160-0136575,rideHailVehicle-201-2016000275343-0131538,616.0
48070.0,900-2013000190262-134138,rideHailVehicle-202-2013001274069-056952,106.0
48194.0,1500-2012001462917-029098,rideHailVehicle-10600-2014000053367-062151,72.0
48147.0,100-2016000116811-0127924,rideHailVehicle-100-2012000559396-011108,43.0
48174.0,10104-2014000434311-070211,rideHailVehicle-1902-2015001064196-0115310,20.0
48214.0,406-2012000642803-012932,rideHailVehicle-405-2015000863442-0110851,59.0
48251.0,900-2013000105963-131784,rideHailVehicle-900-2015001314717-2120807,16.0
48193.0,1901-2014000224796-066583,rideHailVehicle-1901-2013000190262-034028,58.0
48194.0,1500-2013001232881-056372,rideHailVehicle-10600-2013000902944-049996,72.0
48249.0,700-2012001433817-028744,rideHailVehicle-700-2012001372968-027122,77.0
48250.0,700-2014001205505-087522,rideHailVehicle-201-2015001264337-0119543,169.0
48426.0,100-2012000559396-011055,rideHailVehicle-100-2012000559396-010896,42.0
48423.0,1600-2015000884043-0111937,rideHailVehicle-600-2015000018888-091744,23.0
48397.0,1200-2012000177185-03515,rideHailVehicle-1200-2015000833379-0109798,44.0
48446.0,1200-2016001216686-0151394,rideHailVehicle-1200-2012001433817-028755,43.0
48420.0,1600-2013000438496-040735,rideHailVehicle-500-2013000113035-032235,65.0
48406.0,10600-2016001043314-0148153,rideHailVehicle-1600-2016000069252-0126512,87.0
48500.0,300-2016000412886-0134334,rideHailVehicle-300-2012001134055-223217,27.0
48500.0,300-2016000412886-0134294,rideHailVehicle-300-2012000672671-013628,44.0
48500.0,300-2016000772838-0143481,rideHailVehicle-300-2012001333257-026226,44.0
48652.0,700-2015000981882-0113808,rideHailVehicle-201-2015000306203-097134,5.0
48508.0,1902-2015000839944-0110250,rideHailVehicle-1500-2016000988089-0147648,17.0
48580.0,1002-2016000645198-0140318,rideHailVehicle-1200-2012000747410-014595,87.0
48630.0,1200-2012000747410-014612,rideHailVehicle-1002-2013000359041-238015,87.0
48625.0,600-2015000895578-0112079,rideHailVehicle-600-2015000895578-0112045,63.0
48850.0,1700-2014001079600-084249,rideHailVehicle-1700-2014000793041-077139,48.0
48793.0,405-2016001223046-2151915,rideHailVehicle-405-2013000062460-030803,39.0
48776.0,700-2012001433817-028824,rideHailVehicle-700-2015000087715-092851,97.0
48874.0,1500-2014001362907-090393,rideHailVehicle-10104-2015001391700-2122446,37.0
48874.0,1500-2012000747410-014596,rideHailVehicle-1500-2013001424451-059550,37.0
48874.0,1500-2014000174501-065369,rideHailVehicle-1500-2014000665701-075789,37.0
49213.0,600-2013000377800-138967,rideHailVehicle-500-2012001048206-021041,25.0
49199.0,1700-2016000086561-0126860,rideHailVehicle-1700-2016000086561-0126784,41.0
49258.0,405-2012000409452-08604,rideHailVehicle-405-2012000752641-314907,16.0
49276.0,1901-2015001504336-0124246,rideHailVehicle-1901-2012001118760-022784,21.0
49171.0,201-2015000557350-1101277,rideHailVehicle-201-2015000557350-1101376,328.0
49255.0,1002-2013000226280-034958,rideHailVehicle-1002-2015001024517-0114622,218.0
49474.0,500-2015000587248-0101809,rideHailVehicle-1700-2014000119219-064083,40.0
49538.0,100-2012000217991-04404,rideHailVehicle-100-2012000217991-04272,44.0
49505.0,1600-2013001421148-059361,rideHailVehicle-1700-2013001394719-058860,44.0
49646.0,900-2016000116811-0127703,rideHailVehicle-1002-2014001139730-185444,73.0
49747.0,1600-2012000078687-01566,rideHailVehicle-500-2016001187407-0150492,32.0
49824.0,1002-2015000502599-0100440,rideHailVehicle-1200-2015000732389-1105746,24.0
49818.0,1500-2014000536339-072999,rideHailVehicle-10600-2016001178626-0150134,72.0
49818.0,1500-2012001462917-029119,rideHailVehicle-1500-2013001232881-056292,72.0
49914.0,500-2014000053367-162313,rideHailVehicle-700-2016000364640-0132498,23.0
49902.0,700-2014001002756-082038,rideHailVehicle-700-2012001145091-023344,67.0
50042.0,202-2016000069252-0126381,rideHailVehicle-1106-2013001390857-158611,11.0
50044.0,1600-2013000438496-040993,rideHailVehicle-500-2013001157196-054553,63.0
50104.0,700-2015000949415-1112929,rideHailVehicle-700-2014001221401-087857,21.0
50127.0,1500-2016000770003-1143140,rideHailVehicle-10600-2012001377121-027273,61.0
50190.0,500-2015001311731-0120710,rideHailVehicle-405-2015001345452-0121572,21.0
50225.0,201-2015000557350-1101178,rideHailVehicle-201-2013001265087-056649,328.0
50460.0,1600-2014000079080-063055,rideHailVehicle-1500-2014000536339-073042,21.0
50460.0,1600-2014000079080-063004,rideHailVehicle-1600-2012001239814-024234,21.0
50473.0,10405-2014001160902-085986,rideHailVehicle-10405-2015000875080-1111186,129.0
50473.0,10405-2012000529759-010444,rideHailVehicle-10405-2012000529759-010444,129.0
50473.0,10405-2013001328389-057942,rideHailVehicle-10405-2013001328389-057921,129.0
50473.0,10405-2016000266802-0131184,rideHailVehicle-10405-2015000397926-098953,129.0
50473.0,10405-2012001464904-029253,rideHailVehicle-10405-2016001210775-1151101,129.0
50473.0,10405-2013001328389-057963,rideHailVehicle-10405-2012000493995-010054,129.0
50465.0,10600-2014000053367-062387,rideHailVehicle-1500-2012001462917-029056,72.0
50473.0,10405-2012000529759-010484,rideHailVehicle-10405-2012001118760-122655,129.0
50473.0,10405-2015000795744-1107873,rideHailVehicle-10405-2014001404766-090768,129.0
50473.0,10405-2012000529759-010404,rideHailVehicle-10405-2014001404766-090805,129.0
50475.0,700-2013000914558-150177,rideHailVehicle-700-2014000537083-073081,48.0
50473.0,10405-2013001099005-153754,rideHailVehicle-10405-2014000254448-067186,129.0
50473.0,10405-2014001275264-088659,rideHailVehicle-10405-2012001464904-029296,129.0
50473.0,10405-2012001067422-021880,rideHailVehicle-10405-2012001067422-021843,129.0
50488.0,1002-2013000895447-149748,rideHailVehicle-1002-2014000039346-161549,18.0
50473.0,10405-2015000875080-1111510,rideHailVehicle-10405-2015000831253-1109765,129.0
50473.0,10405-2014001404766-090805,rideHailVehicle-10405-2015000133808-093480,129.0
50473.0,10405-2012001067422-021843,rideHailVehicle-10405-2013001328389-057963,129.0
50473.0,10405-2012001067422-021769,rideHailVehicle-10405-2013000668727-046368,129.0
50473.0,10405-2012001067422-021732,rideHailVehicle-10405-2013001135090-053905,129.0
50516.0,1001-2014000293639-068610,rideHailVehicle-1101-2013000145970-032668,58.0
50590.0,1902-2012000252732-05257,rideHailVehicle-1600-2012000395090-07753,33.0
50623.0,1700-2013001282756-057153,rideHailVehicle-405-2013000062460-030803,32.0
50819.0,600-2015001440276-0123206,rideHailVehicle-600-2014000987574-081400,41.0
50682.0,1002-2016001487612-0157071,rideHailVehicle-1002-2013001348757-058067,170.0
50882.0,405-2012000409452-08636,rideHailVehicle-401-2015001102883-0116033,48.0
50808.0,1500-2016000012225-2124728,rideHailVehicle-1700-2013001099005-053738,32.0
50952.0,700-2012000970914-020058,rideHailVehicle-700-2012000963809-419384,57.0
50972.0,900-2012000156497-02918,rideHailVehicle-1500-2014000630646-075182,58.0
50978.0,700-2012000142774-02721,rideHailVehicle-700-2015000399196-099105,67.0
50996.0,700-2013000914558-050176,rideHailVehicle-500-2016000607896-1138982,44.0
51024.0,1500-2014000180574-065440,rideHailVehicle-10600-2012001377121-027273,38.0
51129.0,1600-2013001421148-059387,rideHailVehicle-1700-2012001437667-028918,45.0
51074.0,1002-2015001225649-1118877,rideHailVehicle-1200-2012000747410-014595,67.0
51171.0,1002-2013000914558-150182,rideHailVehicle-1002-2014001188758-087098,67.0
51171.0,1002-2015000772981-0106683,rideHailVehicle-1002-2014000039346-161549,67.0
51207.0,1500-2016000250854-1130705,rideHailVehicle-700-2016000250854-0130676,1.0
51262.0,900-2016000406848-0133962,rideHailVehicle-900-2015001291004-0120123,12.0
51180.0,405-2016000482844-0136176,rideHailVehicle-405-2012000752641-314907,108.0
51282.0,1002-2012000164709-23150,rideHailVehicle-900-2015000102574-093027,46.0
50903.0,201-2014001087840-084390,rideHailVehicle-201-2013001007282-051679,484.0
51381.0,900-2015000400656-099265,rideHailVehicle-202-2013000258802-035711,109.0
51279.0,201-2016000510160-0136721,rideHailVehicle-201-2012000651476-013074,228.0
51448.0,1002-2014000046617-061604,rideHailVehicle-1002-2013000787397-048152,24.0
51442.0,1500-2015000712347-1104871,rideHailVehicle-1500-2015001314717-4121163,72.0
51531.0,300-2014000630646-075117,rideHailVehicle-300-2014000031594-061358,27.0
50752.0,201-2016000510160-0136648,rideHailVehicle-201-2016000510160-0136794,764.0
51563.0,1002-2013000914558-150245,rideHailVehicle-1002-2014001139730-185515,24.0
51430.0,201-2013000179683-033540,rideHailVehicle-201-2012000633457-012610,235.0
51598.0,10405-2016000479494-0136044,rideHailVehicle-10405-2012001378783-027309,36.0
51430.0,201-2013001265087-056649,rideHailVehicle-201-2016000275343-0131498,267.0
51537.0,100-2012000131467-02427,rideHailVehicle-100-2012000131467-02298,171.0
51737.0,100-2012000559396-011214,rideHailVehicle-100-2012000559396-010896,62.0
51668.0,1600-2013000438496-040907,rideHailVehicle-500-2014001175351-086440,114.0
51750.0,1902-2016001412423-0154763,rideHailVehicle-10104-2014001166634-186071,20.0
51653.0,10104-2015001453276-0123287,rideHailVehicle-1500-2014001362907-090393,293.0
51653.0,1902-2016000829228-0144518,rideHailVehicle-1902-2015001481633-0123494,293.0
51653.0,10104-2013000258802-135836,rideHailVehicle-10104-2013000211454-034687,293.0
51653.0,10104-2013000258802-135750,rideHailVehicle-10104-2015000302073-097057,293.0
51653.0,10104-2015001453276-0123281,rideHailVehicle-1902-2014000438320-070342,293.0
51653.0,1902-2014000174501-065378,rideHailVehicle-1500-2013001204199-055775,293.0
51653.0,1902-2014000614689-074944,rideHailVehicle-1902-2015000203687-195023,293.0
51653.0,1902-2016000829228-0144529,rideHailVehicle-10104-2012000178004-13558,293.0
51653.0,10104-2013000258802-135707,rideHailVehicle-1902-2014000815717-077535,293.0
51653.0,10104-2013000258802-135793,rideHailVehicle-1500-2015000480109-0100189,293.0
51653.0,1902-2016000829228-0144507,rideHailVehicle-1902-2013000056397-030576,293.0
51863.0,10104-2012001337606-026271,rideHailVehicle-1902-2013000107064-032082,75.0
51814.0,500-2015001311731-0120662,rideHailVehicle-405-2014000174501-065262,21.0
51832.0,202-2012000584680-011759,rideHailVehicle-202-2014000221484-066368,86.0
51833.0,700-2012000987013-020341,rideHailVehicle-700-2012000855549-017634,6.0
51971.0,500-2013001157196-054499,rideHailVehicle-500-2015001314717-0121103,18.0
51792.0,900-2013000663889-045937,rideHailVehicle-700-2014000775952-076790,338.0
51957.0,201-2016001407958-1154606,rideHailVehicle-201-2015000850269-0110563,185.0
52054.0,405-2016000046283-0125694,rideHailVehicle-405-2013001274069-056917,108.0
51957.0,201-2013000179683-033626,rideHailVehicle-201-2014001213505-087693,185.0
51957.0,201-2012000651476-013074,rideHailVehicle-100-2016000512639-0137099,185.0
51957.0,201-2016001407958-1154543,rideHailVehicle-201-2015001431732-0123062,270.0
52140.0,1200-2015001162246-1117170,rideHailVehicle-1200-2014001441988-091314,174.0
52158.0,406-2013001274069-056994,rideHailVehicle-406-2015000688647-0104206,58.0
52452.0,500-2012000131467-02522,rideHailVehicle-500-2012000131467-02178,17.0
52521.0,1902-2014000589369-074559,rideHailVehicle-1902-2015001064196-0115310,38.0
52388.0,406-2013000062460-030888,rideHailVehicle-500-2015001091707-0115869,44.0
52482.0,201-2014001205505-087511,rideHailVehicle-201-2013001480820-060443,22.0
52458.0,1200-2013001424451-059575,rideHailVehicle-1200-2013001424451-059601,58.0
52452.0,500-2012000131467-02479,rideHailVehicle-500-2012000131467-02264,17.0
52531.0,1901-2012000882767-018039,rideHailVehicle-1500-2016000955202-0146914,58.0
52535.0,900-2014001183852-086978,rideHailVehicle-900-2016001235624-0152844,64.0
52266.0,10405-2013000668727-246495,rideHailVehicle-10405-2013001219485-056046,344.0
52266.0,10405-2012000965843-119988,rideHailVehicle-10405-2013001099005-153678,344.0
52634.0,1600-2012000963809-319448,rideHailVehicle-10600-2016001178626-0150134,20.0
52593.0,202-2012000923823-018563,rideHailVehicle-202-2016000995092-0147662,55.0
52706.0,1500-2015001324443-0121353,rideHailVehicle-700-2012001372968-027122,1.0
52678.0,408-2015000101135-092965,rideHailVehicle-401-2014000228364-066764,0.0
52711.0,500-2012000816252-015984,rideHailVehicle-300-2012000336992-06318,58.0
52686.0,1600-2015000837069-0109976,rideHailVehicle-1801-2012000354056-17274,68.0
52905.0,300-2015000794086-0107372,rideHailVehicle-300-2016000510160-1136725,27.0
52962.0,1001-2013001157196-054503,rideHailVehicle-900-2016000754575-0142570,33.0
52973.0,1500-2015001363337-0121850,rideHailVehicle-1500-2013000564255-143681,43.0
53066.0,1500-2016001412423-0154758,rideHailVehicle-1500-2016001412423-0154704,72.0
53072.0,1002-2015000723275-0105056,rideHailVehicle-1002-2014001139730-185444,24.0
53235.0,10104-2014000266090-267547,rideHailVehicle-10102-2014001404766-090770,10.0
53360.0,500-2016000905283-0146093,rideHailVehicle-401-2016001437406-0155382,34.0
53346.0,300-2014000585174-174240,rideHailVehicle-300-2012000401040-08005,54.0
53354.0,10600-2016001043314-0148193,rideHailVehicle-1101-2013000145970-032668,3.0
53502.0,700-2016000770003-0143123,rideHailVehicle-700-2013001049684-052610,13.0
53452.0,1002-2013000576300-043938,rideHailVehicle-1001-2016000250854-0130768,87.0
53621.0,700-2012000397841-07956,rideHailVehicle-700-2012000855549-017634,58.0
53714.0,1600-2014001394187-090656,rideHailVehicle-1600-2016000644235-0140115,37.0
53708.0,1002-2016000544078-0137679,rideHailVehicle-1002-2016001487612-0157071,115.0
53840.0,500-2016000510160-0136660,rideHailVehicle-700-2016000364640-0132498,33.0
53890.0,202-2013000179683-033670,rideHailVehicle-202-2013000068309-031128,13.0
53519.0,1600-2014000858265-078522,rideHailVehicle-1500-2016000250854-1130617,445.0
53890.0,202-2013000153074-032887,rideHailVehicle-202-2016001467581-0156442,13.0
53873.0,300-2012001333257-026226,rideHailVehicle-300-2013000895447-149727,44.0
53893.0,10405-2013000377800-139278,rideHailVehicle-10405-2015000087715-092868,41.0
53872.0,1002-2012000805694-015658,rideHailVehicle-1002-2015001369519-0121981,47.0
54062.0,1500-2015001311731-1120680,rideHailVehicle-1600-2014001093569-184609,15.0
54174.0,202-2013000280546-136652,rideHailVehicle-202-2014001002756-082080,55.0
54235.0,1002-2016000544078-0137742,rideHailVehicle-1002-2012000279125-05823,0.0
54234.0,300-2014001166634-086112,rideHailVehicle-401-2014000228364-066764,18.0
54231.0,1902-2015001250406-0119279,rideHailVehicle-10600-2013000902944-049996,29.0
54481.0,300-2012001067422-021705,rideHailVehicle-407-2016000250854-1130669,54.0
54530.0,1002-2016000116811-0127836,rideHailVehicle-1002-2014000221274-066331,46.0
54530.0,1002-2016000116811-0127963,rideHailVehicle-1002-2014000976338-080985,46.0
54589.0,1500-2015001311731-1120584,rideHailVehicle-10600-2013001328389-057922,45.0
54422.0,202-2016000456810-0135360,rideHailVehicle-1002-2016001487612-0157071,50.0
54530.0,1002-2016000116811-0127709,rideHailVehicle-1002-2015000902296-0112321,46.0
54690.0,1500-2015000712347-1104995,rideHailVehicle-1902-2013000519245-042221,72.0
54696.0,1002-2012000251540-05137,rideHailVehicle-202-2012000311610-06146,67.0
54690.0,1500-2016001412423-0154731,rideHailVehicle-1901-2016000614752-0139495,72.0
54701.0,202-2016000267720-0131260,rideHailVehicle-202-2016001459467-0156276,166.0
54768.0,1700-2014001079600-084077,rideHailVehicle-1700-2012001287756-025079,101.0
54768.0,1700-2015000795744-1107853,rideHailVehicle-1700-2014000987574-081224,101.0
54768.0,1700-2014001079600-084120,rideHailVehicle-500-2016001048510-0148334,101.0
54762.0,1002-2013001328389-057931,rideHailVehicle-1002-2016001487612-0157134,109.0
55008.0,300-2012001067422-021742,rideHailVehicle-405-2015000806558-0108176,54.0
55033.0,201-2016000510160-0136575,rideHailVehicle-201-2015000134451-093488,169.0
55008.0,300-2012001067422-021816,rideHailVehicle-300-2012001067422-021705,54.0
55076.0,1002-2013000576300-043951,rideHailVehicle-1002-2012001414670-028285,87.0
55094.0,500-2012000816252-016080,rideHailVehicle-300-2012000142774-02713,64.0
55135.0,1200-2014001175886-086566,rideHailVehicle-1200-2014000292394-168112,53.0
55174.0,100-2015000213571-095685,rideHailVehicle-100-2015000213571-095599,57.0
55223.0,10102-2014000053367-062154,rideHailVehicle-1700-2015000884043-0111800,32.0
55228.0,202-2013000280546-136541,rideHailVehicle-202-2015001264337-0119500,166.0
55342.0,201-2013001492343-060837,rideHailVehicle-201-2014001213505-087561,112.0
55419.0,1200-2013000934703-050663,rideHailVehicle-1101-2013001204199-055687,3.0
55399.0,201-2014000947834-080436,rideHailVehicle-201-2013000914558-150228,65.0
55492.0,406-2012001433817-028739,rideHailVehicle-1600-2012000566763-111488,12.0
55436.0,405-2016001223046-2151915,rideHailVehicle-1700-2014000987574-081414,33.0
55548.0,900-2016000406848-0133918,rideHailVehicle-900-2012001239814-024223,12.0
55486.0,1700-2016001424895-0155030,rideHailVehicle-1700-2015000157314-094102,0.0
55302.0,406-2016000874667-0145397,rideHailVehicle-408-2015000336194-097583,266.0
55697.0,700-2012000633457-012614,rideHailVehicle-700-2015000938182-1112723,52.0
55700.0,500-2012000131467-02436,rideHailVehicle-500-2016001459467-0156283,17.0
55822.0,300-2012001118760-122740,rideHailVehicle-600-2016001232300-0152511,40.0
55924.0,700-2012000397841-07912,rideHailVehicle-700-2012001382026-027407,101.0
55944.0,1200-2012000177185-03515,rideHailVehicle-1101-2012001254838-024637,26.0
56003.0,900-2014000113616-163840,rideHailVehicle-1002-2012000279125-05823,50.0
56185.0,1107-2013000620807-045240,rideHailVehicle-1106-2013001128965-053811,8.0
56178.0,1002-2013001282756-157139,rideHailVehicle-1106-2015000213571-195575,34.0
56178.0,1106-2013000293337-237195,rideHailVehicle-1002-2014001188758-087098,34.0
56248.0,100-2012000711495-014008,rideHailVehicle-100-2015000306203-097173,59.0
56320.0,1002-2016001210684-1150831,rideHailVehicle-202-2013000376438-038610,67.0
56347.0,1200-2013001097023-053444,rideHailVehicle-1200-2013001357772-058464,35.0
56287.0,1200-2013001097023-053518,rideHailVehicle-1002-2012001254838-024729,49.0
56453.0,1600-2012000963809-319634,rideHailVehicle-1600-2012000539363-010570,44.0
56442.0,700-2013000570002-043806,rideHailVehicle-700-2012000987013-020209,144.0
56602.0,10600-2016001043314-0148153,rideHailVehicle-1600-2016000069252-0126512,38.0
56697.0,1500-2015001311731-1120728,rideHailVehicle-700-2012001372968-027122,15.0
56720.0,900-2015000046865-092269,rideHailVehicle-1002-2013001348757-058067,16.0
56797.0,10600-2015000804471-0108092,rideHailVehicle-1500-2016000836708-0144858,43.0
56746.0,1500-2016000250854-1130793,rideHailVehicle-1600-2014001394187-090590,8.0
56797.0,10600-2012000089288-01802,rideHailVehicle-1500-2012001462917-029056,43.0
56838.0,1901-2016000607896-1138926,rideHailVehicle-1803-2015000780667-1106778,58.0
56772.0,1002-2016001487612-0157071,rideHailVehicle-900-2014001023351-082470,143.0
56775.0,100-2015000213571-095728,rideHailVehicle-100-2012000711495-013977,172.0
57045.0,1600-2014000477188-071195,rideHailVehicle-1500-2015000189392-094800,37.0
57076.0,1200-2012000251540-15157,rideHailVehicle-1101-2013001204199-055687,44.0
57253.0,700-2013001049684-052610,rideHailVehicle-700-2013000532687-142775,11.0
57119.0,1700-2014001058472-083505,rideHailVehicle-1700-2015000795744-0107632,13.0
57262.0,1500-2014000174501-065369,rideHailVehicle-1500-2016000836708-0144858,29.0
57262.0,1500-2014001362907-090393,rideHailVehicle-1500-2012001462917-029056,29.0
57262.0,1500-2012000747410-014596,rideHailVehicle-1500-2014000665701-075789,29.0
56715.0,1107-2016000250854-1130610,rideHailVehicle-1101-2014001332040-089599,579.0
57401.0,700-2012001325614-025688,rideHailVehicle-700-2015000087715-092851,1.0
57493.0,700-2016000215171-0129410,rideHailVehicle-201-2013001480820-060443,25.0
57500.0,300-2015001162246-1117012,rideHailVehicle-500-2013000620807-045162,133.0
57252.0,1902-2012001064755-021620,rideHailVehicle-1700-2015000884043-0111892,390.0
57616.0,1700-2013001099005-053738,rideHailVehicle-700-2016000250854-0130676,30.0
57639.0,1500-2015001324443-0121373,rideHailVehicle-10600-2013000818226-048628,31.0
57826.0,1901-2015001504336-0124246,rideHailVehicle-10102-2016001497890-0157523,26.0
57786.0,10600-2016001216686-0151367,rideHailVehicle-10600-2015000804471-0108164,57.0
57845.0,1500-2015001363337-0121837,rideHailVehicle-1500-2015001324443-0121333,43.0
57851.0,10600-2012000089288-01765,rideHailVehicle-10600-2015000780667-0106827,90.0
57851.0,10600-2016001178626-0150174,rideHailVehicle-10600-2012000797087-015315,90.0
57989.0,1600-2016000069252-0126428,rideHailVehicle-1600-2014001394187-090590,1.0
57985.0,1101-2012001393533-027640,rideHailVehicle-1500-2015000712347-1104933,62.0
58170.0,300-2012001067422-021779,rideHailVehicle-300-2012000903731-018299,72.0
58402.0,300-2016000772838-0143392,rideHailVehicle-300-2012001333257-026186,15.0
58486.0,900-2012000156497-02918,rideHailVehicle-1500-2014000630646-075182,100.0
58581.0,900-2014000533554-072874,rideHailVehicle-600-2016001273891-0153393,5.0
58700.0,1700-2014001058472-083549,rideHailVehicle-1700-2015000795744-1107853,13.0
58678.0,1500-2012000164709-33182,rideHailVehicle-600-2016001232300-0152511,21.0
58688.0,10600-2016001043314-0148173,rideHailVehicle-10600-2016001043314-0148193,26.0
58676.0,406-2012000642803-012932,rideHailVehicle-100-2014000550778-273500,26.0
58550.0,405-2013000190262-034055,rideHailVehicle-408-2012000442109-09234,299.0
58840.0,10600-2016001216686-0151330,rideHailVehicle-10600-2012000089288-01802,57.0
58856.0,201-2013001034691-052247,rideHailVehicle-900-2015000727153-1105528,126.0
58856.0,201-2013001034691-052320,rideHailVehicle-201-2013000532687-042571,126.0
58852.0,1902-2016001407958-1154463,rideHailVehicle-1700-2014001045407-083091,106.0
58935.0,1901-2014000224796-066583,rideHailVehicle-1902-2013001135090-053903,16.0
59025.0,700-2012001433817-028744,rideHailVehicle-1600-2013001200076-055641,1.0
59355.0,900-2015000046865-092295,rideHailVehicle-900-2014001023351-082496,20.0
59211.0,201-2016000676140-0141145,rideHailVehicle-201-2015000542370-0100876,253.0
59325.0,1001-2014000596551-074816,rideHailVehicle-1001-2016001487612-0157322,131.0
59454.0,500-2014000053367-162313,rideHailVehicle-1700-2015001219743-0118329,45.0
59540.0,1901-2013000994680-051429,rideHailVehicle-1600-2016000900036-0145931,58.0
59551.0,900-2013000105963-131784,rideHailVehicle-900-2016000510160-0136810,210.0
59544.0,406-2013001274069-056994,rideHailVehicle-401-2016000086561-0126840,131.0
59614.0,300-2014001002756-082081,rideHailVehicle-300-2012000816252-016025,72.0
59681.0,202-2016000069252-0126381,rideHailVehicle-1106-2013001390857-158611,30.0
59700.0,300-2014000585174-174240,rideHailVehicle-300-2012000401040-08005,27.0
59701.0,100-2016001216686-0151299,rideHailVehicle-100-2016000012225-1124499,9.0
59781.0,1101-2012000544482-010841,rideHailVehicle-1200-2016000836708-0144900,28.0
59717.0,300-2014000448294-070621,rideHailVehicle-300-2012001331164-025877,108.0
59939.0,700-2013000914558-150177,rideHailVehicle-405-2015001345452-0121572,11.0
59947.0,300-2013000895447-149727,rideHailVehicle-300-2012001333257-026186,44.0
59948.0,1002-2016000645198-0140275,rideHailVehicle-1002-2015000557350-1101107,89.0
59983.0,10104-2016000833173-0144667,rideHailVehicle-10104-2014000951716-580595,75.0
59905.0,201-2015000557350-1101277,rideHailVehicle-700-2015000046865-092294,235.0
60132.0,1700-2013001282756-057153,rideHailVehicle-500-2015001314717-0121103,54.0
60099.0,1001-2016001487612-0157007,rideHailVehicle-1002-2015000879933-0111738,58.0
60099.0,1001-2015000157314-094210,rideHailVehicle-1002-2015001369519-0121981,58.0
60144.0,1803-2012000156497-02932,rideHailVehicle-1803-2013001029016-052032,33.0
60190.0,500-2013001157196-054607,rideHailVehicle-300-2012000142774-02713,23.0
60189.0,405-2016000482844-0136176,rideHailVehicle-405-2012000752641-314907,29.0
60214.0,300-2014000630646-075117,rideHailVehicle-300-2014000031594-061358,33.0
60326.0,1002-2015000772981-0106683,rideHailVehicle-1002-2014000039346-161549,34.0
60326.0,1002-2013000914558-150182,rideHailVehicle-202-2015001175837-0117588,34.0
60386.0,202-2013000179683-033713,rideHailVehicle-202-2016001210775-0151115,13.0
60345.0,500-2012000816252-015984,rideHailVehicle-300-2012000336992-06318,30.0
60391.0,700-2014001002756-082038,rideHailVehicle-201-2014001213505-087561,10.0
60414.0,1902-2012001064755-021589,rideHailVehicle-1902-2013000668727-346240,0.0
60407.0,10405-2013001219485-056046,rideHailVehicle-10405-2016000267720-0131286,43.0
60514.0,300-2014001166634-086112,rideHailVehicle-100-2015000213571-095599,58.0
60572.0,500-2012000131467-02393,rideHailVehicle-1700-2012000169809-03285,17.0
60620.0,600-2015000895578-0112079,rideHailVehicle-1500-2016000250854-1130617,43.0
60626.0,1902-2013000377800-139152,rideHailVehicle-10104-2012001097565-321964,51.0
60649.0,700-2012001433817-028824,rideHailVehicle-1500-2013000564255-143681,1.0
60626.0,1001-2014001213505-087705,rideHailVehicle-1001-2016001487612-0157322,58.0
60607.0,1600-2014001394187-090656,rideHailVehicle-1600-2016000644235-0140115,8.0
60683.0,1902-2015001011409-0114090,rideHailVehicle-1901-2014000182092-065571,17.0
60758.0,1002-2016000544078-0137679,rideHailVehicle-900-2014000358619-069206,15.0
60728.0,1002-2015001225649-1118877,rideHailVehicle-1002-2016000772838-1143505,47.0
60744.0,500-2015000587248-0101809,rideHailVehicle-1700-2014000119219-064083,8.0
60741.0,700-2016000215171-0129451,rideHailVehicle-700-2015000578512-0101510,44.0
60746.0,1200-2014000901324-179896,rideHailVehicle-1200-2014000685903-075892,58.0
60797.0,201-2014001087840-084390,rideHailVehicle-201-2013001007282-051679,32.0
60848.0,1600-2013001097023-053446,rideHailVehicle-1600-2016000970031-0147134,43.0
60835.0,1101-2012000658783-013185,rideHailVehicle-1901-2014000119219-064089,28.0
60848.0,1600-2016000116811-0127745,rideHailVehicle-1700-2012001382026-027341,43.0
60888.0,1700-2016000086561-0126860,rideHailVehicle-1700-2016000086561-0126784,32.0
60905.0,1700-2012001382026-027421,rideHailVehicle-1600-2012001394863-027747,43.0
61026.0,1002-2015000099042-092912,rideHailVehicle-1002-2015001369519-0121981,46.0
61061.0,1600-2014001394187-090689,rideHailVehicle-1700-2013000575117-043882,42.0
60676.0,10600-2016001459467-0156350,rideHailVehicle-10600-2013000818226-048628,530.0
61042.0,1101-2013000153074-032936,rideHailVehicle-1107-2013000359041-038031,167.0
61153.0,1002-2012001254838-024919,rideHailVehicle-1001-2013000532687-242616,58.0
61219.0,1200-2016001216686-0151394,rideHailVehicle-1200-2012001433817-028755,40.0
61252.0,300-2012001067422-021705,rideHailVehicle-407-2016000250854-1130669,18.0
61195.0,300-2012001193408-023841,rideHailVehicle-300-2015000784380-0106836,97.0
61324.0,300-2012001333257-026226,rideHailVehicle-300-2013000895447-149727,27.0
61398.0,1200-2013001424451-059575,rideHailVehicle-1200-2013001424451-059601,35.0
61354.0,408-2015000101135-092965,rideHailVehicle-300-2012001067422-021705,18.0
61650.0,300-2016000772838-0143481,rideHailVehicle-300-2014000031594-061358,15.0
61650.0,300-2016000412886-0134334,rideHailVehicle-300-2012001333257-026226,15.0
61617.0,1500-2016000770003-1143140,rideHailVehicle-10600-2015000780667-0106827,40.0
61650.0,300-2016000412886-0134294,rideHailVehicle-300-2012001134055-223217,15.0
61606.0,100-2012000559396-011214,rideHailVehicle-100-2012000559396-010896,38.0
61539.0,1901-2015000207675-095148,rideHailVehicle-1901-2016000155763-0128531,62.0
61717.0,1500-2015001311731-1120680,rideHailVehicle-1600-2014001093569-184609,31.0
61410.0,1001-2014000293639-068610,rideHailVehicle-1101-2014000929020-080209,472.0
61905.0,700-2012000987013-020297,rideHailVehicle-700-2012001382026-027407,55.0
61873.0,1902-2014000589369-074559,rideHailVehicle-10600-2014000053367-062151,29.0
61958.0,700-2015000046865-092294,rideHailVehicle-900-2016000327234-0132073,42.0
61984.0,900-2016000406848-0133918,rideHailVehicle-900-2012001239814-024223,27.0
62003.0,202-2012000923823-018563,rideHailVehicle-201-2015000542370-0100876,124.0
62041.0,900-2016000406848-0133962,rideHailVehicle-900-2015001291004-0120123,6.0
62095.0,900-2014001183852-086978,rideHailVehicle-900-2016001235624-0152844,63.0
62299.0,10405-2016000479494-0136044,rideHailVehicle-10405-2012001378783-027309,21.0
62297.0,10104-2013000920118-150485,rideHailVehicle-10104-2015000391765-098396,58.0
62330.0,900-2016000267720-0131270,rideHailVehicle-900-2016000510160-0136810,32.0
62382.0,1002-2016000544078-0137742,rideHailVehicle-1002-2016001487612-0157134,28.0
62384.0,1801-2012001471932-029489,rideHailVehicle-1901-2012000353261-07171,58.0
62379.0,700-2016000645198-0140315,rideHailVehicle-700-2015000382356-098301,13.0
62421.0,201-2013001265087-056649,rideHailVehicle-201-2012000633457-012610,32.0
62421.0,201-2013000179683-033540,rideHailVehicle-201-2016000275343-0131498,32.0
62395.0,1901-2014000536339-073050,rideHailVehicle-1901-2014001213505-087680,58.0
62510.0,1200-2016000069252-0126591,rideHailVehicle-1002-2014001139730-185515,67.0
62524.0,1901-2013000190262-034028,rideHailVehicle-1902-2013000641521-045602,12.0
62532.0,405-2012000067086-01242,rideHailVehicle-1700-2014000987574-081414,39.0
62603.0,1902-2013001421148-059443,rideHailVehicle-1902-2015000354490-097793,44.0
62623.0,1101-2014000730190-076371,rideHailVehicle-1101-2014000730190-076371,23.0
62620.0,10104-2014000053367-662288,rideHailVehicle-10104-2014000951716-580595,38.0
62592.0,10102-2015001195146-1117834,rideHailVehicle-10102-2012000353261-46914,50.0
62622.0,300-2015001225649-0118864,rideHailVehicle-408-2015000759098-0105910,27.0
62730.0,202-2012000584680-011759,rideHailVehicle-900-2016000772838-1143323,24.0
62757.0,500-2012000816252-016080,rideHailVehicle-300-2013000487483-041864,23.0
62774.0,1200-2014000994591-081898,rideHailVehicle-1200-2013001424451-059601,66.0
62876.0,300-2012001067422-021742,rideHailVehicle-300-2012000903731-018299,18.0
62839.0,100-2012000711495-014008,rideHailVehicle-100-2015000306203-097173,50.0
62876.0,300-2012001067422-021816,rideHailVehicle-405-2015000806558-0108176,18.0
62868.0,700-2015000542370-0100930,rideHailVehicle-700-2012000963809-419012,33.0
62888.0,1700-2014001079600-084249,rideHailVehicle-1600-2012001394863-027747,32.0
62914.0,201-2012000164709-03115,rideHailVehicle-700-2013000377800-238850,40.0
62932.0,700-2012000633457-012641,rideHailVehicle-700-2013001154841-054352,63.0
63015.0,1200-2015001162246-1117170,rideHailVehicle-1101-2013000981908-051235,64.0
63067.0,300-2016001223046-0151909,rideHailVehicle-401-2015001275570-0119889,29.0
63034.0,1902-2016001407958-1154589,rideHailVehicle-10600-2013000902944-049996,99.0
63085.0,300-2012000142774-02713,rideHailVehicle-300-2012000336992-06318,58.0
63110.0,100-2012000131467-02427,rideHailVehicle-100-2012000131467-02298,77.0
63149.0,408-2013000377800-238843,rideHailVehicle-300-2012001067422-021705,0.0
63269.0,201-2012000221226-04628,rideHailVehicle-700-2016000699058-0141668,67.0
63306.0,1700-2012000559396-011298,rideHailVehicle-1600-2014001394187-090590,40.0
63153.0,201-2015000557350-1101178,rideHailVehicle-201-2012000752641-114891,351.0
63390.0,100-2012000372616-07417,rideHailVehicle-300-2012000816252-016169,78.0
63341.0,1500-2015001311731-1120584,rideHailVehicle-10600-2013001328389-057922,31.0
63385.0,10104-2016000690309-0141513,rideHailVehicle-10104-2015000290126-196655,51.0
63419.0,202-2015001162246-1117118,rideHailVehicle-202-2016000155763-0128395,166.0
63221.0,1500-2012000734635-014460,rideHailVehicle-10600-2016000905283-0146190,365.0
63476.0,201-2014001205505-087511,rideHailVehicle-700-2013000532687-142775,40.0
63215.0,1700-2015000884043-0111800,rideHailVehicle-1500-2014001093458-084500,471.0
63676.0,408-2015000187968-094597,rideHailVehicle-408-2016000833173-0144609,57.0
63614.0,700-2016000250854-0130588,rideHailVehicle-700-2015000087715-092851,33.0
63657.0,1902-2016001487612-1157352,rideHailVehicle-10600-2014000053367-062151,85.0
63765.0,1700-2015001219743-0118548,rideHailVehicle-1700-2012001287756-025079,85.0
63833.0,1700-2012000559396-011139,rideHailVehicle-500-2015001314717-0121103,40.0
63833.0,1700-2012000559396-011351,rideHailVehicle-1700-2014000987574-081186,40.0
63833.0,1700-2012000559396-011245,rideHailVehicle-600-2015000895578-0112045,58.0
63879.0,1902-2012000854454-017504,rideHailVehicle-10104-2015000804471-1108102,77.0
63912.0,10104-2016000471794-0135689,rideHailVehicle-10104-2013000532687-443065,51.0
63946.0,202-2012000923823-018515,rideHailVehicle-202-2014000032166-061393,166.0
63946.0,202-2016000267720-0131226,rideHailVehicle-202-2013000280546-136430,166.0
64006.0,1002-2013001328389-057931,rideHailVehicle-900-2014001394187-090612,42.0
64025.0,500-2015001219743-0118518,rideHailVehicle-500-2015001219743-0118591,58.0
64045.0,201-2012000651476-013074,rideHailVehicle-201-2015000850269-0110563,32.0
64045.0,201-2013000179683-033626,rideHailVehicle-201-2014001213505-087693,32.0
64045.0,201-2016001407958-1154606,rideHailVehicle-100-2016000512639-0137099,32.0
64045.0,201-2016001407958-1154543,rideHailVehicle-201-2015001431732-0123062,32.0
64128.0,10405-2013000377800-139278,rideHailVehicle-1001-2015000397926-098931,15.0
64203.0,408-2015000128096-093321,rideHailVehicle-408-2013000377800-238843,60.0
64184.0,1902-2016001487612-1157289,rideHailVehicle-1902-2015001250406-0119359,44.0
64184.0,1902-2016001487612-1157100,rideHailVehicle-1902-2016001487612-1156785,44.0
64203.0,408-2012001189763-023735,rideHailVehicle-408-2015000399196-099102,0.0
64211.0,700-2012000397841-07956,rideHailVehicle-700-2013001049684-052610,23.0
64196.0,1200-2016000378294-0132957,rideHailVehicle-10600-2014000878931-079159,203.0
64379.0,202-2016000456810-0135360,rideHailVehicle-1002-2016001487612-0157071,13.0
64381.0,202-2016001407958-0154544,rideHailVehicle-202-2015000458232-099694,19.0
64360.0,1700-2012000559396-011192,rideHailVehicle-1700-2012000559396-011192,90.0
64429.0,10405-2016000420812-0134528,rideHailVehicle-10405-2012000965843-119864,43.0
64389.0,1500-2014001148240-085668,rideHailVehicle-10600-2016001045965-0148272,49.0
64439.0,1902-2013000190262-034101,rideHailVehicle-10104-2013001478005-160288,51.0
64439.0,10104-2016000690309-0141437,rideHailVehicle-10104-2016001310851-0153626,51.0
64471.0,1106-2015000542370-2100939,rideHailVehicle-1002-2014001362578-090243,60.0
64463.0,100-2015000213571-095728,rideHailVehicle-100-2012000711495-013977,74.0
64471.0,1002-2016000510160-1136669,rideHailVehicle-1002-2012001254838-224636,60.0
64492.0,1002-2014000308169-068851,rideHailVehicle-1200-2015000879933-0111701,32.0
64471.0,1106-2016000364640-1132638,rideHailVehicle-1002-2012001250298-024348,60.0
64471.0,1106-2012000662466-413492,rideHailVehicle-1106-2012000662466-413492,60.0
64605.0,401-2013000532687-042750,rideHailVehicle-408-2015000759098-0105910,54.0
64708.0,1600-2016000069252-0126596,rideHailVehicle-1700-2012000395090-07754,44.0
64855.0,10104-2012000529759-010449,rideHailVehicle-1500-2016000988089-0147648,75.0
64872.0,1107-2013000620807-045240,rideHailVehicle-900-2013000105963-131934,165.0
64963.0,300-2015001250406-0119291,rideHailVehicle-300-2016000510160-1136725,72.0
64886.0,1700-2016001424895-0155030,rideHailVehicle-1700-2015000157314-094102,20.0
64931.0,201-2015000050024-092430,rideHailVehicle-201-2016000544078-1137599,57.0
64777.0,201-2016000510160-0136648,rideHailVehicle-201-2012000409645-08664,301.0
64954.0,408-2015001219743-1118517,rideHailVehicle-408-2015000399196-099148,36.0
64994.0,1200-2014000869030-079022,rideHailVehicle-1001-2015000401067-099302,29.0
64998.0,1106-2015001231997-1119062,rideHailVehicle-1106-2015000272688-096380,60.0
64998.0,1106-2016000069252-1126414,rideHailVehicle-1106-2015000875080-0111467,60.0
64998.0,1106-2015001231997-1119105,rideHailVehicle-1106-2013000226280-134823,60.0
64998.0,1106-2016000364640-1132550,rideHailVehicle-1106-2014000093171-163129,60.0
64998.0,1106-2012000401040-28344,rideHailVehicle-1106-2016001449407-0155820,60.0
64998.0,1106-2016000364640-1132682,rideHailVehicle-1002-2014001362578-090203,60.0
64998.0,1106-2013000226280-034893,rideHailVehicle-1106-2015001146120-0116655,60.0
64998.0,1106-2015000272688-096373,rideHailVehicle-1106-2015000373339-198182,60.0
64998.0,1106-2014001033050-182856,rideHailVehicle-1106-2015000373339-198226,60.0
64998.0,1106-2014000994591-081943,rideHailVehicle-1001-2014001175351-086444,60.0
64998.0,1106-2015000837069-0109969,rideHailVehicle-1106-2012000089288-01751,60.0
64998.0,1002-2016000510160-1136596,rideHailVehicle-1106-2016001293033-0153551,60.0
64998.0,1106-2014000053367-762225,rideHailVehicle-1106-2012000169809-13279,60.0
64998.0,1002-2016000116811-1127964,rideHailVehicle-1002-2016000482844-0136164,60.0
64998.0,1106-2014000561422-173817,rideHailVehicle-1002-2014001118901-084985,71.0
64998.0,1002-2016000116811-1127710,rideHailVehicle-1002-2014000901104-179681,71.0
64998.0,1002-2016000482844-0136164,rideHailVehicle-1002-2015000189392-294865,60.0
64998.0,1106-2014000561422-173850,rideHailVehicle-1002-2016001121006-0149491,61.0
64998.0,1106-2014000212413-166262,rideHailVehicle-1106-2013000293337-236975,61.0
64998.0,1106-2015000804471-3108064,rideHailVehicle-1002-2013000438496-040710,61.0
64998.0,1106-2014000212413-166118,rideHailVehicle-1106-2016000927549-1146510,61.0
64998.0,1106-2013001307359-157505,rideHailVehicle-1002-2015000935346-0112657,61.0
64998.0,1106-2014001122037-085150,rideHailVehicle-1106-2014001033050-182823,60.0
64998.0,1106-2014000994591-081892,rideHailVehicle-1106-2013000890503-049564,60.0
64998.0,1106-2012000401040-28142,rideHailVehicle-1002-2012000797087-015353,60.0
64991.0,10405-2012001067422-021806,rideHailVehicle-10405-2014001046127-083186,344.0
65200.0,1108-2015001059501-0115193,rideHailVehicle-1106-2016000511579-2136884,9.0
65200.0,1108-2013000641521-045653,rideHailVehicle-1106-2014000125384-764281,9.0
65079.0,500-2015001219743-0118445,rideHailVehicle-500-2013001157196-054607,205.0
65415.0,300-2012001118760-122740,rideHailVehicle-700-2016000536443-0137397,56.0
65423.0,700-2012000142774-02721,rideHailVehicle-201-2016000264178-0131049,21.0
65455.0,10104-2015000969061-0113310,rideHailVehicle-1902-2016001153481-0149743,32.0
65459.0,700-2016001407958-0154556,rideHailVehicle-700-2015001440276-0123143,33.0
65434.0,202-2013001200076-055579,rideHailVehicle-201-2015000542370-0100876,288.0
65525.0,1002-2016000482844-0136177,rideHailVehicle-1002-2014001188758-087098,106.0
65638.0,900-2012000963809-019571,rideHailVehicle-201-2013001480820-060443,41.0
65525.0,1106-2013000226280-035035,rideHailVehicle-1106-2014000125384-364277,293.0
65525.0,1106-2016000069252-1126582,rideHailVehicle-1002-2014001493901-091551,293.0
65525.0,1106-2016000829745-0144591,rideHailVehicle-1106-2015000804471-3107920,293.0
65525.0,1106-2016000364640-1132462,rideHailVehicle-1002-2012001254838-224921,293.0
65664.0,900-2015000046865-092269,rideHailVehicle-202-2014000053367-062177,45.0
65722.0,700-2013000280546-236673,rideHailVehicle-1600-2013001200076-055641,33.0
65736.0,1002-2016000772838-1143505,rideHailVehicle-1002-2015001024517-0114622,26.0
65810.0,1902-2015000839944-0110282,rideHailVehicle-1902-2015001064196-0115310,29.0
65936.0,900-2014000730190-076368,rideHailVehicle-900-2015001291004-0120123,2.0
65986.0,700-2016001407958-0154619,rideHailVehicle-700-2015001345452-0121618,150.0
66011.0,1108-2013001274069-057008,rideHailVehicle-1101-2014000032166-061406,44.0
66052.0,1106-2016000829745-0144580,rideHailVehicle-1106-2013000780914-047971,106.0
66052.0,1002-2015000949415-0113002,rideHailVehicle-1001-2013000532687-242784,106.0
66052.0,1106-2015000272688-096380,rideHailVehicle-1106-2015000213571-195575,106.0
66052.0,1002-2016000116811-1127837,rideHailVehicle-1106-2015001345452-0121585,106.0
66052.0,1106-2014000113616-563857,rideHailVehicle-1106-2013000226280-134965,106.0
66052.0,1106-2014000537083-073144,rideHailVehicle-1106-2013000890503-049542,106.0
66085.0,10104-2016001407958-2154602,rideHailVehicle-1902-2013000107064-032082,51.0
66186.0,401-2013000532687-043086,rideHailVehicle-300-2012000401040-08005,72.0
66259.0,700-2012001118760-022749,rideHailVehicle-700-2013001307423-057538,79.0
66401.0,201-2016000510160-0136721,rideHailVehicle-900-2012000401040-18330,199.0
66424.0,700-2013001049684-052610,rideHailVehicle-201-2014001239636-088222,86.0
66508.0,401-2012000651476-013077,rideHailVehicle-405-2015000863442-0110851,26.0
66535.0,408-2015000895578-0112077,rideHailVehicle-408-2016000880566-0145726,0.0
66547.0,1902-2013000190262-034173,rideHailVehicle-10104-2014000145629-164605,51.0
66579.0,1106-2014001122037-085224,rideHailVehicle-1106-2016000364640-1132506,176.0
66579.0,1106-2013001492343-160811,rideHailVehicle-1106-2012000429510-19037,176.0
66579.0,1106-2016000069252-1126498,rideHailVehicle-1106-2014000113616-563513,134.0
66579.0,1106-2014000113616-563943,rideHailVehicle-1002-2015000766477-0106285,134.0
66579.0,1106-2014000053367-762343,rideHailVehicle-1002-2014001331845-189492,134.0
66780.0,1200-2012000251540-15157,rideHailVehicle-1101-2013001204199-055687,28.0
66875.0,202-2013000280546-136652,rideHailVehicle-202-2016000155763-0128395,124.0
66960.0,1902-2013000377800-139152,rideHailVehicle-1500-2015000189392-094800,1.0
66924.0,201-2014000113616-063646,rideHailVehicle-201-2014001013559-082377,65.0
66284.0,1902-2012001064755-021620,rideHailVehicle-10104-2012001333257-126062,791.0
66509.0,10104-2013000287282-136827,rideHailVehicle-10102-2014000536339-172969,662.0
67056.0,1902-2014000987574-081230,rideHailVehicle-10104-2016001048510-1148295,31.0
67102.0,1200-2014000869030-078933,rideHailVehicle-1002-2016001487612-0157071,51.0
67139.0,10104-2014000293639-268596,rideHailVehicle-1500-2016000988089-0147648,51.0
67156.0,300-2015001162246-1117012,rideHailVehicle-300-2012000873181-017908,56.0
67106.0,1106-2013001307359-157467,rideHailVehicle-1106-2016000829745-0144569,176.0
67106.0,1106-2015000795744-0107830,rideHailVehicle-1106-2014000212413-166190,176.0
67106.0,1106-2014000113616-563685,rideHailVehicle-1106-2013000226280-034822,176.0
67277.0,1804-2013001099005-153747,rideHailVehicle-1801-2016000327234-0132085,50.0
67370.0,600-2016000012225-1124697,rideHailVehicle-600-2012000584680-011693,23.0
67547.0,300-2014000849408-078273,rideHailVehicle-300-2013000419803-140057,28.0
67567.0,201-2016000676140-0141145,rideHailVehicle-202-2014000032166-061393,81.0
67589.0,408-2013000377800-239083,rideHailVehicle-408-2014001353874-089878,36.0
67578.0,500-2013001157196-054607,rideHailVehicle-300-2012000142774-02713,31.0
67621.0,1600-2013001034691-052433,rideHailVehicle-1600-2013001394719-358858,39.0
67708.0,700-2016001407958-1154557,rideHailVehicle-700-2012000987013-020209,12.0
67807.0,700-2016001407958-1154494,rideHailVehicle-700-2012001106989-022283,13.0
67633.0,1002-2016000482844-0136190,rideHailVehicle-1001-2014001175351-086522,293.0
67621.0,1600-2013001034691-052287,rideHailVehicle-1600-2013000438496-040907,327.0
67633.0,1106-2012000089288-01751,rideHailVehicle-1002-2013000211454-034669,293.0
67936.0,408-2015001219743-1118371,rideHailVehicle-401-2015000628621-1103067,36.0
68040.0,1002-2013000359041-238229,rideHailVehicle-1001-2016000250854-0130768,67.0
68050.0,1700-2014001058472-083505,rideHailVehicle-300-2012000142774-02713,48.0
68077.0,10600-2016001216686-0151367,rideHailVehicle-10600-2016001045965-0148272,34.0
68103.0,100-2015000213571-095685,rideHailVehicle-300-2012000336992-06318,19.0
68116.0,408-2015000128096-093366,rideHailVehicle-408-2015000759098-0105868,36.0
68160.0,1106-2016000364640-1132594,rideHailVehicle-1106-2013000293337-237107,134.0
68344.0,1600-2014000477188-071195,rideHailVehicle-1500-2015001324443-0121333,2.0
68351.0,201-2013001034691-052247,rideHailVehicle-900-2015001291004-0120123,6.0
68351.0,201-2013001034691-052320,rideHailVehicle-900-2015000727153-1105528,6.0
68499.0,202-2016000267720-0131260,rideHailVehicle-202-2013000280546-136430,124.0
68505.0,1600-2015000850269-0110631,rideHailVehicle-1500-2014000536339-073042,44.0
68546.0,10600-2012000089288-01802,rideHailVehicle-10600-2012000797087-015315,15.0
68630.0,1101-2012000544482-010841,rideHailVehicle-1200-2016000836708-0144900,31.0
68179.0,201-2014001281447-088711,rideHailVehicle-201-2016000544078-1137599,501.0
68546.0,10600-2015000804471-0108092,rideHailVehicle-1500-2013001424451-059550,311.0
68687.0,1106-2013000226280-034964,rideHailVehicle-1002-2015000879933-0111690,176.0
68687.0,1106-2012000401040-28243,rideHailVehicle-1001-2014000596551-074738,154.0
68856.0,1001-2016001487612-0156944,rideHailVehicle-1101-2014000929020-080209,58.0
68856.0,1001-2016001487612-0157322,rideHailVehicle-1001-2014000036459-061505,58.0
68873.0,300-2013000570002-043732,rideHailVehicle-407-2016000250854-1130669,72.0
68687.0,1002-2015000949415-0112933,rideHailVehicle-1106-2012001365754-226912,293.0
68899.0,201-2013000914558-150228,rideHailVehicle-700-2013000485454-041571,65.0
68954.0,900-2015000726028-1105342,rideHailVehicle-202-2014000053367-062177,32.0
69028.0,1801-2015000969061-0113336,rideHailVehicle-1803-2015000628621-5103146,31.0
69032.0,201-2014000113616-063818,rideHailVehicle-201-2015001028643-0114689,65.0
69251.0,900-2014000113616-163840,rideHailVehicle-1002-2012000279125-05823,13.0
69214.0,1002-2016000510160-1136742,rideHailVehicle-1001-2012000444431-09482,293.0
69837.0,1500-2015001311731-1120728,rideHailVehicle-10104-2015001391700-2122446,132.0
70123.0,202-2013000280546-136541,rideHailVehicle-202-2016000995092-0147662,124.0
70268.0,1106-2014000113616-563771,rideHailVehicle-1106-2014001169422-186238,176.0
70268.0,1106-2015000837069-0110057,rideHailVehicle-1002-2013000377800-139098,176.0
70435.0,201-2013001492343-060837,rideHailVehicle-700-2012000963809-419012,5.0
70483.0,10600-2016001459467-0156350,rideHailVehicle-1101-2013000145970-032668,59.0
70613.0,201-2014000113616-063904,rideHailVehicle-201-2015001238136-0119128,65.0
70680.0,100-2016001216686-0151299,rideHailVehicle-900-2016000510160-0136810,52.0
70858.0,1002-2014000308169-068851,rideHailVehicle-1200-2015000879933-0111701,34.0
70978.0,700-2016000250854-0130588,rideHailVehicle-700-2015000087715-092851,31.0
71048.0,1901-2015000207675-095148,rideHailVehicle-1901-2016000155763-0128531,26.0
71077.0,900-2013001348757-058065,rideHailVehicle-900-2013000479091-041486,58.0
71267.0,1902-2013001421148-059443,rideHailVehicle-1902-2015001064196-0115310,58.0
71325.0,10600-2016001216686-0151330,rideHailVehicle-10600-2015000804471-0108164,132.0
71684.0,1600-2013001097023-053446,rideHailVehicle-1902-2012000854454-017432,124.0
71801.0,300-2014001002756-082081,rideHailVehicle-900-2012000354056-07207,17.0
71684.0,1600-2016000116811-0127745,rideHailVehicle-1700-2014000863087-078596,124.0
71878.0,1101-2012000658783-013185,rideHailVehicle-1901-2014000119219-064089,31.0
71899.0,300-2016001223046-0151909,rideHailVehicle-100-2012000903731-018336,146.0
71900.0,1902-2012000854454-017504,rideHailVehicle-1803-2013001029016-052032,75.0
71919.0,1600-2016000069252-0126596,rideHailVehicle-1700-2012000395090-07754,8.0
71939.0,1107-2016000250854-1130610,rideHailVehicle-1101-2014000125384-064400,5.0
71954.0,1002-2016000510160-1136669,rideHailVehicle-1002-2014001362578-090243,69.0
71954.0,1106-2015000542370-2100939,rideHailVehicle-1002-2012001250298-024348,69.0
71954.0,1106-2012000662466-413492,rideHailVehicle-1106-2012000662466-413492,69.0
71954.0,1106-2016000364640-1132638,rideHailVehicle-1002-2012001254838-224636,69.0
71994.0,405-2012000067086-01242,rideHailVehicle-1700-2014000987574-081414,25.0
71794.0,10600-2016001178626-0150174,rideHailVehicle-1500-2014001249091-088289,620.0
71794.0,10600-2012000089288-01765,rideHailVehicle-10600-2012000089288-01802,620.0
72280.0,1902-2015001011409-0114090,rideHailVehicle-1500-2012000629682-012463,25.0
72318.0,408-2015001219743-1118517,rideHailVehicle-408-2015000399196-099148,28.0
72411.0,1001-2016001487612-0157007,rideHailVehicle-1002-2015000879933-0111738,88.0
72411.0,1001-2015000157314-094210,rideHailVehicle-1001-2016001487612-0157322,88.0
71861.0,1902-2016001407958-1154589,rideHailVehicle-1902-2014000614689-074960,670.0
72501.0,1801-2013001470309-060219,rideHailVehicle-10104-2012001433817-128652,44.0
72589.0,1200-2016000378294-0132957,rideHailVehicle-1002-2012001254838-024729,44.0
72620.0,300-2012001067422-021779,rideHailVehicle-100-2015000213571-095599,18.0
72761.0,202-2015001162246-1117118,rideHailVehicle-202-2014001002756-082080,292.0
72654.0,300-2012000142774-02713,rideHailVehicle-408-2016000880566-0145726,394.0
72877.0,700-2015000046865-092294,rideHailVehicle-900-2016000327234-0132073,25.0
72922.0,1700-2014001058472-083549,rideHailVehicle-1600-2012000493995-010046,109.0
72937.0,10104-2013000920118-150485,rideHailVehicle-1500-2013001232881-056292,29.0
73071.0,10104-2016000690309-0141513,rideHailVehicle-1803-2016000008218-0124383,33.0
73158.0,1101-2013000153074-032936,rideHailVehicle-1002-2012001414670-028214,20.0
73204.0,1200-2016000069252-0126591,rideHailVehicle-1002-2014001139730-185515,78.0
72997.0,1500-2014001148240-085668,rideHailVehicle-10104-2012001097565-321964,535.0
73434.0,700-2012000987013-020297,rideHailVehicle-201-2016000275343-0131538,169.0
73458.0,1600-2014001394187-090689,rideHailVehicle-1700-2013000575117-043882,43.0
73619.0,1500-2015001363337-0121824,rideHailVehicle-1600-2013000606389-244460,1.0
73578.0,1106-2014000561422-173850,rideHailVehicle-1106-2016001293033-0153551,69.0
73578.0,1106-2014000561422-173817,rideHailVehicle-1002-2015000189392-294865,69.0
73578.0,1106-2015000272688-096373,rideHailVehicle-1002-2016001121006-0149491,69.0
73578.0,1106-2015001231997-1119062,rideHailVehicle-1002-2012000797087-015353,69.0
73578.0,1002-2016000116811-1127710,rideHailVehicle-1106-2012000169809-13279,69.0
73578.0,1106-2013001307359-157505,rideHailVehicle-1002-2014000901104-179681,69.0
73578.0,1106-2014000994591-081892,rideHailVehicle-1106-2013000293337-236975,69.0
73578.0,1106-2016000364640-1132550,rideHailVehicle-1106-2016000927549-1146510,69.0
73578.0,1106-2014000994591-081943,rideHailVehicle-1002-2013000438496-040710,69.0
73578.0,1106-2013000226280-034893,rideHailVehicle-1106-2015000875080-0111467,69.0
73578.0,1106-2012000401040-28344,rideHailVehicle-1002-2015000935346-0112657,69.0
73578.0,1106-2015001231997-1119105,rideHailVehicle-1106-2012000089288-01751,69.0
73578.0,1106-2014001122037-085150,rideHailVehicle-1106-2016001449407-0155820,69.0
73578.0,1106-2016000069252-1126414,rideHailVehicle-1106-2013000226280-134823,69.0
73578.0,1106-2014000053367-762225,rideHailVehicle-1106-2015001146120-0116655,69.0
73578.0,1106-2015000804471-3108064,rideHailVehicle-1106-2014001033050-182823,69.0
73578.0,1106-2012000401040-28142,rideHailVehicle-1001-2014001175351-086444,69.0
73578.0,1106-2014000212413-166118,rideHailVehicle-1002-2014001362578-090203,69.0
73578.0,1106-2014001033050-182856,rideHailVehicle-1106-2015000373339-198182,69.0
73578.0,1106-2015000837069-0109969,rideHailVehicle-1106-2014000093171-163129,69.0
73578.0,1106-2016000364640-1132682,rideHailVehicle-1106-2013000890503-049564,69.0
73578.0,1002-2016000510160-1136596,rideHailVehicle-1002-2016000482844-0136164,69.0
73578.0,1106-2014000212413-166262,rideHailVehicle-1106-2015000373339-198226,69.0
73578.0,1002-2016000482844-0136164,rideHailVehicle-1002-2014001118901-084985,69.0
73578.0,1002-2016000116811-1127964,rideHailVehicle-1106-2015000272688-096380,69.0
73659.0,1901-2014000536339-073050,rideHailVehicle-1700-2013001099005-053738,58.0
73784.0,900-2015000046865-092295,rideHailVehicle-1002-2013001348757-058067,21.0
73569.0,10405-2016000420812-0134528,rideHailVehicle-201-2015000542370-0100876,306.0
73999.0,1108-2013000641521-045653,rideHailVehicle-1700-2015000884043-0111800,13.0
73999.0,1108-2015001059501-0115193,rideHailVehicle-10102-2016001009358-0147836,13.0
74035.0,1001-2014001213505-087705,rideHailVehicle-1001-2013000532687-242616,88.0
74051.0,408-2013000377800-238843,rideHailVehicle-100-2012000903731-018336,27.0
74052.0,201-2014000113616-063646,rideHailVehicle-700-2012001106989-022283,9.0
74036.0,201-2014000947834-080436,rideHailVehicle-201-2013000914558-150228,120.0
74109.0,202-2013001200076-055579,rideHailVehicle-10405-2012000965843-119864,126.0
74232.0,1901-2013000994680-051429,rideHailVehicle-700-2012001372968-027122,58.0
74342.0,10405-2013001219485-056046,rideHailVehicle-202-2016001407958-0154481,5.0
74515.0,1902-2016001487612-1157352,rideHailVehicle-1902-2015000354490-097793,75.0
74590.0,401-2013000532687-042750,rideHailVehicle-300-2012001067422-021705,27.0
74385.0,202-2016000267720-0131226,rideHailVehicle-202-2015001264337-0119500,291.0
74385.0,202-2012000923823-018515,rideHailVehicle-202-2016001459467-0156276,291.0
74695.0,10104-2016000471794-0135689,rideHailVehicle-1803-2013001226741-156256,33.0
74817.0,700-2015000542370-0100930,rideHailVehicle-700-2014000401392-069965,5.0
75031.0,1700-2012001382026-027421,rideHailVehicle-1700-2014000793041-077139,33.0
75134.0,300-2015001250406-0119291,rideHailVehicle-300-2012000672671-013628,15.0
75037.0,1700-2015001219743-0118548,rideHailVehicle-401-2016001437406-0155382,124.0
75202.0,1106-2016000829745-0144591,rideHailVehicle-1002-2014001188758-087098,69.0
75202.0,1106-2013000226280-035035,rideHailVehicle-1002-2014001493901-091551,69.0
75202.0,1002-2016000482844-0136177,rideHailVehicle-1002-2012001254838-224921,69.0
75202.0,1106-2016000069252-1126582,rideHailVehicle-1106-2015000804471-3107920,69.0
75234.0,1700-2012000559396-011298,rideHailVehicle-1600-2012001111971-022517,109.0
75202.0,1106-2016000364640-1132462,rideHailVehicle-1106-2014000125384-364277,69.0
75310.0,1108-2013001274069-057008,rideHailVehicle-1001-2013000107064-032068,79.0
75659.0,1002-2012001254838-024919,rideHailVehicle-1002-2013000438496-040968,88.0
75675.0,408-2015000187968-094597,rideHailVehicle-408-2016000833173-0144609,27.0
75702.0,1200-2014000994591-081898,rideHailVehicle-1101-2015000630216-0103406,24.0
76010.0,1200-2014000869030-079022,rideHailVehicle-1001-2015000401067-099302,13.0
76107.0,10104-2014000053367-662288,rideHailVehicle-10104-2015000804471-1108102,75.0
76139.0,1902-2016001487612-1157100,rideHailVehicle-1902-2016001487612-1156785,75.0
76139.0,1902-2016001487612-1157289,rideHailVehicle-10600-2014000053367-062151,75.0
76319.0,1902-2013000190262-034101,rideHailVehicle-1801-2013000226280-134768,33.0
76319.0,10104-2016000690309-0141437,rideHailVehicle-10401-2016000029416-0125128,33.0
76028.0,1902-2012001064755-021589,rideHailVehicle-10104-2014000951716-580595,606.0
76673.0,300-2012001193408-023841,rideHailVehicle-300-2012000816252-016025,17.0
76728.0,700-2016001407958-1154557,rideHailVehicle-700-2012000987013-020209,0.0
76705.0,300-2013000895447-149727,rideHailVehicle-100-2014000488669-071634,139.0
76826.0,1106-2014000113616-563857,rideHailVehicle-1106-2013000780914-047971,69.0
76858.0,1700-2012000559396-011245,rideHailVehicle-1600-2016001091548-1148848,109.0
76826.0,1106-2015000272688-096380,rideHailVehicle-1106-2013000226280-134965,69.0
76826.0,1106-2016000829745-0144580,rideHailVehicle-1001-2013000532687-242784,69.0
76826.0,1106-2014000537083-073144,rideHailVehicle-1106-2015000213571-195575,69.0
76858.0,1700-2012000559396-011139,rideHailVehicle-1600-2016001082300-0148484,109.0
76858.0,1700-2012000559396-011351,rideHailVehicle-405-2013000062460-030803,109.0
76826.0,1002-2016000116811-1127837,rideHailVehicle-1106-2013000890503-049542,69.0
76826.0,1002-2015000949415-0113002,rideHailVehicle-1106-2015001345452-0121585,69.0
76875.0,900-2014000730190-076368,rideHailVehicle-201-2013000532687-042571,83.0
76987.0,201-2012000164709-03115,rideHailVehicle-700-2013000377800-238850,44.0
76901.0,1801-2013001470309-060219,rideHailVehicle-1901-2014001213505-087724,16.0
77078.0,700-2012001118760-022749,rideHailVehicle-300-2015000784380-0106836,59.0
77190.0,408-2015000895578-0112077,rideHailVehicle-408-2014001353874-089878,28.0
77299.0,408-2015000128096-093321,rideHailVehicle-408-2015000399196-099102,27.0
77299.0,408-2012001189763-023735,rideHailVehicle-408-2013000377800-238843,27.0
77507.0,1803-2012000156497-02932,rideHailVehicle-1902-2015001250406-0119359,75.0
77474.0,700-2013000280546-236673,rideHailVehicle-1600-2013001200076-055641,31.0
77543.0,500-2015001219743-0118518,rideHailVehicle-500-2015001219743-0118591,85.0
77616.0,201-2012000221226-04628,rideHailVehicle-700-2012001145091-023344,21.0
77580.0,900-2012000963809-019571,rideHailVehicle-700-2014000401392-069965,220.0
77903.0,10104-2016001407958-2154602,rideHailVehicle-1500-2015001314717-4121163,29.0
78019.0,700-2016001407958-0154556,rideHailVehicle-700-2014000224796-066484,21.0
78030.0,1101-2014000730190-076371,rideHailVehicle-1002-2014000046617-061604,20.0
78110.0,408-2015001219743-1118371,rideHailVehicle-401-2015000628621-1103067,18.0
78450.0,1106-2013001492343-160811,rideHailVehicle-1106-2016000364640-1132506,69.0
78450.0,1106-2014000053367-762343,rideHailVehicle-1106-2014000113616-563513,69.0
78450.0,1106-2014000113616-563943,rideHailVehicle-1002-2015000766477-0106285,69.0
78450.0,1106-2014001122037-085224,rideHailVehicle-1106-2012000429510-19037,69.0
78450.0,1106-2016000069252-1126498,rideHailVehicle-1002-2014001331845-189492,69.0
78580.0,202-2016001407958-0154544,rideHailVehicle-202-2015000458232-099694,103.0
78482.0,1700-2012000559396-011192,rideHailVehicle-1700-2015000795744-0107632,109.0
78698.0,10102-2015001195146-1117834,rideHailVehicle-10600-2016000275343-0131571,252.0
78774.0,900-2016000267720-0131270,rideHailVehicle-700-2012000855549-017634,75.0
79324.0,10104-2015000969061-0113310,rideHailVehicle-1902-2016001153481-0149743,75.0
79462.0,401-2013000532687-043086,rideHailVehicle-408-2015000759098-0105910,27.0
79369.0,300-2015001225649-0118864,rideHailVehicle-300-2012000903731-018299,170.0
79643.0,700-2016001407958-0154619,rideHailVehicle-700-2014000401392-070013,21.0
79731.0,1500-2012000734635-014460,rideHailVehicle-10600-2016000905283-0146190,8.0
79708.0,700-2016000645198-0140315,rideHailVehicle-700-2015000382356-098301,63.0
79913.0,1002-2013000359041-238229,rideHailVehicle-1001-2016000250854-0130768,24.0
79902.0,1600-2015000850269-0110631,rideHailVehicle-1500-2014000536339-073042,74.0
80074.0,1106-2015000795744-0107830,rideHailVehicle-1106-2016000829745-0144569,69.0
80074.0,1106-2013001307359-157467,rideHailVehicle-1106-2013000226280-034822,69.0
80074.0,1106-2014000113616-563685,rideHailVehicle-1106-2014000212413-166190,69.0
80317.0,600-2016000012225-1124697,rideHailVehicle-700-2012000855549-017685,36.0
80438.0,408-2013000377800-239083,rideHailVehicle-408-2015000759098-0105868,28.0
80349.0,1200-2014000901324-179896,rideHailVehicle-201-2015001294650-0120275,157.0
80548.0,201-2014000113616-063818,rideHailVehicle-700-2012000987013-020209,9.0
80834.0,1600-2013001034691-052433,rideHailVehicle-500-2012000634858-112690,53.0
80791.0,500-2015001219743-0118445,rideHailVehicle-500-2013001157196-054607,85.0
80834.0,1600-2013001034691-052287,rideHailVehicle-500-2014000448294-070531,3.0
81151.0,10104-2014000293639-268596,rideHailVehicle-1500-2016001412423-0154704,29.0
81275.0,1801-2015000969061-0113336,rideHailVehicle-1901-2016000614752-0139495,43.0
81395.0,300-2014000849408-078273,rideHailVehicle-300-2012000873181-017908,50.0
81698.0,1106-2012000089288-01751,rideHailVehicle-1002-2013000211454-034669,69.0
81698.0,1002-2016000482844-0136190,rideHailVehicle-1001-2014001175351-086522,69.0
82048.0,100-2012000372616-07417,rideHailVehicle-100-2016000012225-1124499,101.0
82062.0,408-2015000128096-093366,rideHailVehicle-401-2014000228364-066764,374.0
82572.0,10104-2013000287282-136827,rideHailVehicle-10102-2014000536339-172969,75.0
82506.0,1200-2014000869030-078933,rideHailVehicle-1002-2016001487612-0157071,13.0
82705.0,1902-2014000987574-081230,rideHailVehicle-1902-2013000519245-042221,29.0
82815.0,1902-2013000190262-034173,rideHailVehicle-10401-2014000174501-065291,33.0
82965.0,1002-2016000772838-1143505,rideHailVehicle-1002-2015001024517-0114622,102.0
83279.0,1001-2016001487612-0157322,rideHailVehicle-1101-2014000929020-080209,102.0
83279.0,1001-2016001487612-0156944,rideHailVehicle-1001-2014000036459-061505,102.0
83322.0,1106-2016000364640-1132594,rideHailVehicle-1106-2013000293337-237107,69.0
83959.0,201-2013000914558-150228,rideHailVehicle-700-2013000485454-041571,13.0
84946.0,1002-2015000949415-0112933,rideHailVehicle-1002-2015000879933-0111690,69.0
84946.0,1106-2012000401040-28243,rideHailVehicle-1001-2014000596551-074738,69.0
84946.0,1106-2013000226280-034964,rideHailVehicle-1106-2012001365754-226912,69.0
85420.0,201-2014000113616-063904,rideHailVehicle-201-2014001013559-082377,9.0
85341.0,900-2015000726028-1105342,rideHailVehicle-202-2014000053367-062177,17.0
86400.0,300-2013000570002-043732,rideHailVehicle-407-2016000250854-1130669,39.0
86400.0,1804-2013001099005-153747,rideHailVehicle-1700-2016000086561-0126784,122.0
86400.0,1106-2014000113616-563771,rideHailVehicle-1001-2012000444431-09482,344.0
86400.0,1002-2016000510160-1136742,rideHailVehicle-1002-2013000377800-139098,344.0
86400.0,1106-2015000837069-0110057,rideHailVehicle-1106-2014001169422-186238,344.0
