timeBin,TAZ,outboundParkingOverheadTime,inboundParkingOverheadTime,inboundParkingOverheadCost
6,480.0,0.0,0.0,0.0
6,493.0,0.0,0.0,0.0
7,493.0,0.0,0.0,0.0
7,478.0,10.15,0.0,0.0
7,320.0,0.0,0.0,0.0
7,441.0,0.0,0.0,0.0
7,465.0,0.08695652173913043,0.0,0.0
7,409.0,7.304347826086956,0.0,0.0
7,480.0,0.0,0.0,0.0
7,474.0,12.30188679245283,202.58,0.0
7,477.0,1.6666666666666667,0.0,0.0
7,471.0,0.0,0.0,0.0
7,375.0,6.3,0.0,0.0
7,383.0,2.875,0.0,0.0
7,299.0,124.15,0.0,0.0
7,445.0,0.0,0.0,0.0
7,476.0,1.2608695652173914,0.0,0.0
7,352.0,0.0,0.0,0.0
7,419.0,0.0,0.0,0.0
7,459.0,0.0,0.0,0.0
7,448.0,0.0,0.0,0.0
7,326.0,0.0,0.0,0.0
7,455.0,39.25,0.0,0.0
7,355.0,0.0,0.0,0.0
7,479.0,0.5855855855855856,0.0,0.0
7,271.0,0.0,0.0,0.0
7,301.0,0.0,0.0,0.0
7,454.0,0.0,113.5,0.0
7,367.0,0.0,0.0,0.0
7,405.0,0.0,0.0,0.0
7,435.0,0.0,0.0,0.0
7,451.0,0.0,0.0,0.0
7,415.0,0.0,0.0,0.0
7,295.0,0.0,0.0,0.0
7,337.0,14.063492063492063,0.0,0.0
7,452.0,0.0,0.0,0.0
7,401.0,0.0,0.0,0.0
7,267.0,0.0,0.0,0.0
7,305.0,0.0,0.0,0.0
7,304.0,0.0,0.0,0.0
7,457.0,0.0,0.0,0.0
7,423.0,0.0,0.0,0.0
7,432.0,5.2,0.0,0.0
7,292.0,0.0,0.0,0.0
7,307.0,0.0,0.0,0.0
7,269.0,11.428571428571429,0.0,0.0
7,353.0,0.0,0.0,0.0
7,283.0,0.0,0.0,0.0
7,488.0,0.0,0.0,0.0
7,446.0,0.0,0.0,0.0
7,460.0,0.0,0.0,0.0
7,362.0,0.0,0.0,0.0
7,378.0,0.0,0.0,0.0
7,408.0,0.0,0.0,0.0
7,360.0,0.0,0.0,0.0
7,416.0,0.0,0.0,0.0
7,338.0,1.2857142857142858,0.0,0.0
7,376.0,0.0,0.0,0.0
7,458.0,0.0,0.0,0.0
7,397.0,0.0,0.0,0.0
7,427.0,5.833333333333333,0.0,0.0
7,247.0,0.0,0.0,0.0
7,323.0,0.0,0.0,0.0
7,450.0,0.0,0.0,0.0
7,444.0,47.5,0.0,0.0
7,357.0,0.0,0.0,0.0
7,302.0,0.0,0.0,0.0
7,403.0,0.0,0.0,0.0
7,473.0,0.0,0.0,0.0
7,347.0,0.0,0.0,0.0
7,470.0,0.0,0.0,0.0
7,400.0,43.0,0.0,0.0
7,303.0,0.0,0.0,0.0
7,442.0,5.416666666666667,0.0,0.0
7,291.0,0.0,0.0,0.0
7,372.0,0.0,0.0,0.0
7,335.0,0.0,0.0,0.0
7,361.0,0.0,0.0,0.0
7,395.0,0.0,0.0,0.0
7,449.0,0.0,0.0,0.0
7,380.0,0.0,0.0,0.0
7,461.0,0.0,0.0,0.0
7,407.0,0.0,0.0,0.0
7,316.0,0.0,0.0,0.0
7,354.0,0.0,0.0,0.0
7,374.0,0.0,0.0,0.0
7,402.0,0.0,0.0,0.0
7,327.0,0.0,0.0,0.0
7,422.0,0.0,0.0,0.0
7,404.0,0.0,0.0,0.0
7,412.0,3.0,0.0,0.0
7,373.0,0.0,0.0,0.0
7,421.0,0.0,0.0,0.0
7,306.0,0.0,0.0,0.0
7,290.0,0.0,0.0,0.0
7,489.0,1.0,0.0,0.0
7,340.0,0.0,0.0,0.0
7,377.0,0.0,0.0,0.0
7,413.0,0.0,0.0,0.0
7,417.0,0.0,0.0,0.0
7,429.0,0.0,0.0,0.0
7,358.0,0.0,0.0,0.0
7,341.0,0.0,0.0,0.0
8,454.0,1.8918918918918919,46.43529411764706,0.0
7,391.0,0.0,0.0,0.0
7,311.0,0.0,0.0,0.0
7,439.0,0.0,0.0,0.0
8,474.0,6.962666666666666,23.658227848101266,0.0
7,319.0,0.0,0.0,0.0
8,477.0,4.631578947368421,21.238095238095237,0.0
8,375.0,7.2592592592592595,0.0,0.0
8,354.0,0.0,0.0,0.0
8,355.0,0.0,0.0,0.0
8,403.0,0.0,0.0,0.0
8,445.0,5.052631578947368,0.0,0.0
8,372.0,1.6875,36.645833333333336,0.0
8,323.0,8.848484848484848,24.357142857142858,0.0
8,459.0,0.0,0.0,0.0
8,374.0,0.0,0.0,0.0
8,476.0,0.4264705882352941,67.87719298245614,0.0
8,479.0,3.6989795918367347,11.035714285714286,0.0
8,488.0,2.727272727272727,0.0,0.0
8,449.0,5.242424242424242,0.0,0.0
8,442.0,4.513888888888889,0.0,0.0
8,299.0,76.37704918032787,0.0,0.0
8,409.0,3.546511627906977,42.68,0.0
8,295.0,34.22857142857143,0.0,0.0
8,407.0,0.0,0.0,0.0
8,338.0,66.24,0.0,0.0
8,470.0,0.0,0.0,0.0
8,404.0,0.0,0.0,0.0
8,432.0,2.989795918367347,0.0,0.0
8,335.0,8.8,0.0,0.0
8,478.0,15.559139784946236,0.0,0.0
8,441.0,0.3219178082191781,20.382978723404257,0.0
8,427.0,0.5,0.0,0.0
8,455.0,5.181818181818182,0.0,0.0
8,305.0,9.944444444444445,0.0,0.0
8,450.0,0.0,0.0,0.0
8,493.0,5.885714285714286,0.0,0.0
8,357.0,0.0,0.0,0.0
8,471.0,0.0,0.0,0.0
8,448.0,2.85,0.0,0.0
8,451.0,5.9375,0.0,0.0
8,347.0,0.0,0.0,0.0
8,423.0,1.5555555555555556,99.25,0.0
8,457.0,7.0181818181818185,12.869565217391305,0.0
8,460.0,1.1153846153846154,0.0,0.0
8,269.0,4.615384615384615,0.0,0.0
8,247.0,0.0,0.0,0.0
8,489.0,28.05263157894737,47.39393939393939,0.0
8,337.0,9.197802197802197,0.0,0.0
8,380.0,0.0,13.526315789473685,0.0
8,352.0,0.0,84.75,0.0
8,316.0,0.0,0.0,0.0
8,458.0,0.0,0.0,0.0
8,446.0,0.0,0.0,0.0
8,397.0,6.578947368421052,0.0,0.0
8,400.0,0.0,0.0,0.0
8,304.0,0.0,0.0,0.0
8,319.0,6.84,0.0,0.0
8,419.0,1.3833333333333333,0.0,0.0
8,358.0,0.0,0.0,0.0
8,429.0,24.885714285714286,8.774193548387096,0.0
8,402.0,3.8253968253968256,2.910569105691057,0.0
8,376.0,0.0,15.714285714285714,0.0
8,417.0,8.5,4.0,0.0
8,312.0,2.1739130434782608,0.0,0.0
8,283.0,58.76190476190476,66.1304347826087,0.0
8,412.0,2.8260869565217392,0.0,0.0
8,465.0,22.46153846153846,0.0,0.0
8,401.0,10.634615384615385,0.0,0.0
8,267.0,0.0,0.0,0.0
8,326.0,13.555555555555555,0.0,0.0
8,290.0,38.88461538461539,0.0,0.0
8,408.0,0.0,0.0,0.0
8,291.0,0.0,0.0,0.0
8,426.0,1.2820512820512822,0.0,0.0
8,327.0,0.0,0.0,0.0
8,360.0,0.0,0.0,0.0
8,292.0,0.0,0.0,0.0
8,405.0,4.8076923076923075,52.78947368421053,0.0
8,383.0,0.23958333333333334,0.5636363636363636,0.0
8,395.0,0.0,0.0,0.0
8,420.0,0.0,0.0,0.0
8,421.0,0.0,0.0,0.0
8,461.0,0.0,0.0,0.0
8,422.0,0.0,34.24242424242424,0.0
8,328.0,0.0,22.76923076923077,0.0
8,439.0,10.8,0.0,0.0
8,340.0,0.0,0.0,0.0
8,391.0,0.0,0.0,0.0
8,413.0,0.0,0.0,0.0
8,444.0,0.0,19.235294117647058,0.0
8,275.0,0.0,0.0,0.0
8,377.0,13.323529411764707,0.0,0.0
8,334.0,10.608695652173912,0.0,0.0
8,480.0,10.826086956521738,0.0,0.0
8,452.0,0.0,0.0,0.0
8,320.0,17.61111111111111,0.0,0.0
8,301.0,4.681818181818182,23.227272727272727,0.0
8,416.0,0.0,0.0,0.0
8,306.0,0.0,0.0,0.0
8,367.0,0.0,0.0,0.0
8,373.0,0.0,0.0,0.0
8,362.0,0.0,0.0,0.0
8,300.0,0.0,0.0,0.0
8,302.0,0.0,0.0,0.0
8,473.0,0.0,0.0,0.0
8,396.0,0.0,0.0,0.0
8,365.0,0.0,0.0,0.0
8,307.0,4.4,0.0,0.0
8,271.0,0.0,119.0,0.0
8,435.0,15.9375,0.0,0.0
8,361.0,0.0,0.0,0.0
8,311.0,0.0,0.0,0.0
8,341.0,0.0,0.0,0.0
8,438.0,0.0,0.0,0.0
8,345.0,0.0,0.0,0.0
8,390.0,0.0,0.0,0.0
8,339.0,0.0,0.0,0.0
8,330.0,0.0,0.0,0.0
8,349.0,0.0,0.0,0.0
8,359.0,0.0,0.0,0.0
8,415.0,0.0,0.0,0.0
8,363.0,0.0,0.0,0.0
8,414.0,0.0,0.0,0.0
8,353.0,0.0,0.0,0.0
8,378.0,0.0,0.0,0.0
8,370.0,0.0,0.0,0.0
8,321.0,0.0,0.0,0.0
8,331.0,0.0,0.0,0.0
8,303.0,0.0,0.0,0.0
8,333.0,0.0,0.0,0.0
8,351.0,0.0,0.0,0.0
8,364.0,0.0,0.0,0.0
9,407.0,9.9375,0.0,0.0
9,441.0,0.0,0.0,0.0
9,419.0,0.2702702702702703,128.76190476190476,0.0
9,479.0,1.5476190476190477,10.863309352517986,0.0
9,367.0,0.0,0.0,0.0
9,347.0,0.0,0.0,0.0
9,429.0,12.833333333333334,29.77777777777778,0.0
9,476.0,0.45,0.0,0.0
9,420.0,0.0,70.16666666666667,0.0
9,323.0,0.0,100.4,0.0
9,474.0,12.234741784037558,40.497297297297294,0.0
9,422.0,0.0,0.0,0.0
9,326.0,0.0,17.181818181818183,0.0
9,454.0,0.0,15.73913043478261,0.0
9,489.0,29.09375,38.11267605633803,0.0
9,471.0,0.0,0.0,0.0
9,409.0,3.263157894736842,0.0,0.0
9,290.0,33.7,0.0,0.0
9,478.0,8.794117647058824,18.534246575342465,0.0
9,372.0,0.0,0.0,0.0
9,306.0,38.166666666666664,0.0,0.0
9,452.0,0.0,0.0,0.0
9,397.0,0.0,119.0,0.0
9,383.0,1.5057471264367817,0.0,0.0
9,488.0,4.0,0.0,0.0
9,477.0,5.878787878787879,0.0,0.0
9,442.0,0.0,0.0,0.0
9,449.0,8.238095238095237,32.52,0.0
9,404.0,0.0,0.0,0.0
9,328.0,0.0,0.0,0.0
9,446.0,0.0,0.0,0.0
9,380.0,0.0,0.0,0.0
9,269.0,6.285714285714286,32.75,0.0
9,283.0,94.92307692307692,0.0,0.0
9,416.0,0.0,0.0,0.0
9,337.0,7.696969696969697,0.0,0.0
9,426.0,0.0,0.0,0.0
9,376.0,0.0,0.0,0.0
9,354.0,0.0,0.0,0.0
9,402.0,2.6835443037974684,0.0,0.0
9,327.0,6.909090909090909,26.5,0.0
9,432.0,6.782608695652174,54.276923076923076,0.0
9,305.0,0.0,44.785714285714285,0.0
9,493.0,3.789473684210526,0.0,0.0
9,444.0,4.6923076923076925,0.0,0.0
9,460.0,0.0,0.0,0.0
9,316.0,0.0,131.0,0.0
9,412.0,0.38461538461538464,100.85185185185185,0.0
9,400.0,0.0,0.0,0.0
9,271.0,0.0,0.0,0.0
9,355.0,19.857142857142858,14.761904761904763,0.0
9,359.0,0.0,0.0,0.0
9,373.0,0.0,0.0,0.0
9,275.0,0.0,0.0,0.0
9,362.0,0.0,0.0,0.0
9,414.0,0.0,0.0,0.0
9,401.0,1.9333333333333333,6.081081081081081,0.0
9,465.0,0.0,0.0,0.0
9,450.0,34.785714285714285,0.0,0.0
9,445.0,0.0,0.0,0.0
9,403.0,0.0,182.28571428571428,0.0
9,319.0,0.0,0.0,0.0
9,334.0,0.0,0.0,0.0
9,345.0,0.0,0.0,0.0
9,457.0,6.333333333333333,48.88461538461539,0.0
9,338.0,20.866666666666667,0.0,0.0
9,408.0,0.0,0.0,0.0
9,304.0,86.0,0.0,0.0
9,295.0,0.0,18.083333333333332,0.0
9,374.0,0.0,0.0,0.0
9,311.0,0.0,342.40677966101697,0.0
9,365.0,0.0,0.0,0.0
9,438.0,4.3,0.0,0.0
9,448.0,0.0,0.0,0.0
9,413.0,0.0,58.285714285714285,0.0
9,458.0,3.0,0.0,0.0
9,375.0,0.0,0.0,0.0
9,351.0,0.0,0.0,0.0
9,427.0,5.333333333333333,0.0,0.0
9,377.0,0.0,0.0,0.0
9,480.0,0.8888888888888888,20.484848484848484,0.0
9,423.0,3.111111111111111,88.83333333333333,0.0
9,335.0,0.0,0.0,0.0
9,473.0,0.0,109.61111111111111,0.0
9,320.0,138.71428571428572,300.6666666666667,0.0
9,299.0,37.827586206896555,0.0,0.0
9,395.0,0.0,0.0,0.0
9,405.0,0.0,103.8,0.0
9,302.0,0.0,69.2,0.0
9,247.0,0.0,0.0,0.0
9,470.0,0.0,0.0,0.0
9,459.0,0.0,0.0,0.0
9,312.0,0.0,0.0,0.0
9,360.0,0.0,0.0,0.0
9,267.0,0.0,0.0,0.0
9,301.0,0.0,142.88888888888889,0.0
9,361.0,0.0,0.0,0.0
9,340.0,0.0,0.0,0.0
9,300.0,0.0,0.0,0.0
9,358.0,0.0,0.0,0.0
9,339.0,0.0,0.0,0.0
9,349.0,0.0,0.0,0.0
9,435.0,0.0,0.0,0.0
9,307.0,0.0,0.0,0.0
9,417.0,0.0,0.0,0.0
9,331.0,0.0,0.0,0.0
9,390.0,0.0,0.0,0.0
9,396.0,0.0,0.0,0.0
9,341.0,0.0,0.0,0.0
9,461.0,0.0,0.0,0.0
9,439.0,26.0,0.0,0.0
9,455.0,0.0,0.0,0.0
9,353.0,0.0,0.0,0.0
9,451.0,4.625,0.0,0.0
9,415.0,0.0,0.0,0.0
9,357.0,0.0,0.0,0.0
9,364.0,0.0,0.0,0.0
9,378.0,0.0,0.0,0.0
9,352.0,0.0,0.0,0.0
9,303.0,0.0,0.0,0.0
9,291.0,0.0,0.0,0.0
9,321.0,0.0,0.0,0.0
9,330.0,0.0,0.0,0.0
9,333.0,0.0,0.0,0.0
9,363.0,0.0,0.0,0.0
9,421.0,0.0,0.0,0.0
9,356.0,0.0,0.0,0.0
10,474.0,11.571428571428571,53.44,0.0
10,295.0,3.375,309.4,0.0
10,455.0,8.0,185.4,0.0
10,477.0,16.142857142857142,84.21428571428571,0.0
10,376.0,0.0,182.35294117647058,0.0
10,473.0,0.0,0.0,0.0
10,479.0,1.7826086956521738,152.4,0.0
10,409.0,0.0,0.0,0.0
10,432.0,8.538461538461538,101.01904761904763,0.0
10,471.0,0.0,60.391304347826086,0.0
10,337.0,39.666666666666664,9.96774193548387,0.0
10,426.0,0.0,0.0,0.0
10,476.0,80.17647058823529,0.0,0.0
10,489.0,0.0,0.0,0.0
10,401.0,39.5,0.0,0.0
10,307.0,0.0,0.0,0.0
10,478.0,6.375,152.6451612903226,0.0
10,480.0,0.0,35.972972972972975,0.0
10,403.0,0.0,0.0,0.0
10,355.0,0.0,0.0,0.0
10,305.0,0.0,151.3,0.0
10,338.0,32.375,0.0,0.0
10,271.0,0.0,133.33333333333334,0.0
10,465.0,3.925925925925926,128.77777777777777,0.0
10,362.0,0.0,228.6,0.0
10,383.0,0.0,5.666666666666667,0.0
10,493.0,15.0,93.64864864864865,0.0
10,442.0,20.571428571428573,170.0,0.0
10,299.0,0.0,19.22222222222222,0.0
10,390.0,0.0,83.5,0.0
10,449.0,31.6,192.25,0.0
10,415.0,0.0,0.0,0.0
10,457.0,0.0,78.36363636363636,0.0
10,339.0,0.0,0.0,0.0
10,327.0,0.0,0.0,0.0
10,441.0,0.0,0.0,0.0
10,454.0,221.875,0.0,0.0
10,306.0,12.666666666666666,89.33333333333333,0.0
10,269.0,194.0,1067.75,0.0
10,422.0,0.0,0.0,0.0
10,407.0,0.0,0.0,0.0
10,400.0,0.0,0.0,0.0
10,380.0,0.0,360.0,0.0
10,419.0,12.285714285714286,82.88888888888889,0.0
10,458.0,0.0,0.0,0.0
10,320.0,0.0,50.57142857142857,0.0
10,375.0,4.321428571428571,128.36231884057972,0.0
10,429.0,3.1666666666666665,494.42857142857144,0.0
10,402.0,1119.5,0.0,0.0
10,450.0,0.0,0.0,0.0
10,290.0,212.0,594.5714285714286,0.0
10,413.0,0.0,0.0,0.0
10,367.0,0.0,0.0,0.0
10,361.0,0.0,0.0,0.0
10,326.0,0.0,0.0,0.0
10,275.0,436.6,0.0,0.0
10,408.0,0.0,111.75,0.0
10,460.0,0.0,231.5,0.0
10,435.0,0.0,425.6666666666667,0.0
10,461.0,0.0,230.28571428571428,0.0
10,459.0,0.0,0.0,0.0
10,292.0,0.0,789.3333333333334,0.0
10,391.0,0.0,0.0,0.0
10,451.0,0.0,0.0,0.0
10,420.0,0.0,0.0,0.0
10,377.0,610.5,0.0,0.0
10,427.0,0.0,0.0,0.0
10,283.0,0.0,0.0,0.0
10,448.0,5.0,664.0,0.0
10,267.0,0.0,0.0,0.0
10,395.0,0.0,93.0,0.0
10,358.0,270.0,0.0,0.0
10,412.0,0.0,0.0,0.0
10,444.0,20.333333333333332,205.0,0.0
10,351.0,104.0,0.0,0.0
10,247.0,0.0,0.0,0.0
10,302.0,170.0,0.0,0.0
10,372.0,0.0,895.5555555555555,0.0
10,438.0,0.0,0.0,0.0
10,416.0,0.0,260.5,0.0
10,373.0,0.0,779.7142857142857,0.0
10,404.0,0.0,0.0,0.0
10,316.0,0.0,0.0,0.0
10,439.0,78.0,396.5,0.0
10,301.0,0.0,570.4,0.0
10,405.0,0.0,285.4,0.0
10,488.0,0.0,0.0,0.0
10,311.0,0.0,60.5,0.0
10,423.0,0.0,320.5,0.0
10,354.0,0.0,0.0,0.0
10,334.0,0.0,0.0,0.0
10,323.0,0.0,565.6666666666666,0.0
10,470.0,0.0,0.0,0.0
10,360.0,0.0,0.0,0.0
10,417.0,0.0,1389.0,0.0
10,291.0,0.0,0.0,0.0
10,352.0,638.0,0.0,0.0
10,446.0,0.0,0.0,0.0
10,304.0,0.0,1050.75,0.0
10,328.0,0.0,0.0,0.0
10,319.0,0.0,0.0,0.0
10,374.0,0.0,0.0,0.0
10,300.0,0.0,1207.0,0.0
10,356.0,0.0,0.0,0.0
10,445.0,0.0,0.0,0.0
10,359.0,0.0,0.0,0.0
10,353.0,0.0,0.0,0.0
10,343.0,573.0,0.0,0.0
10,464.0,0.0,0.0,0.0
10,340.0,0.0,1613.0,0.0
10,452.0,0.0,762.5,0.0
10,335.0,0.0,0.0,0.0
10,321.0,0.0,0.0,0.0
10,303.0,0.0,0.0,0.0
10,357.0,90.0,0.0,0.0
10,396.0,0.0,0.0,0.0
11,442.0,1.6428571428571428,343.93333333333334,0.0
11,470.0,0.0,0.0,0.0
11,419.0,0.0,0.0,0.0
11,429.0,0.0,397.0,0.0
11,471.0,0.0,126.27272727272727,0.0
11,340.0,0.0,0.0,0.0
11,351.0,0.0,0.0,0.0
11,350.0,0.0,0.0,0.0
11,405.0,0.0,0.0,0.0
11,326.0,0.0,0.0,0.0
11,321.0,0.0,0.0,0.0
11,448.0,0.0,464.0,0.0
11,464.0,0.0,0.0,0.0
11,454.0,0.0,400.8333333333333,0.0
11,432.0,5.25,928.0,0.0
11,357.0,0.0,0.0,0.0
11,383.0,9.833333333333334,0.0,0.0
11,458.0,37.38333333333333,0.0,0.0
11,299.0,0.0,0.0,0.0
11,323.0,0.0,361.5,0.0
11,408.0,0.0,0.0,0.0
11,422.0,0.0,544.0294117647059,0.0
11,370.0,297.0,0.0,0.0
11,283.0,6.5,64.16666666666667,0.0
11,334.0,122.0,0.0,0.0
11,461.0,0.0,0.0,0.0
11,457.0,0.0,0.0,0.0
11,427.0,0.0,0.0,0.0
11,476.0,68.61904761904762,55.75,0.0
11,493.0,0.0,25.333333333333332,0.0
11,359.0,0.0,0.0,0.0
11,403.0,0.0,165.83333333333334,0.0
11,465.0,0.0,18.75,0.0
11,361.0,0.0,0.0,0.0
11,401.0,0.0,125.0,0.0
11,446.0,0.0,0.0,0.0
11,375.0,11.933333333333334,319.06666666666666,0.0
11,412.0,8.4,640.0,0.0
11,479.0,0.0,476.3333333333333,0.0
11,438.0,0.0,0.0,0.0
11,459.0,62.857142857142854,0.0,0.0
11,474.0,0.0,62.526315789473685,0.0
11,372.0,0.0,639.0416666666666,0.0
11,480.0,9.5,262.8333333333333,0.0
11,455.0,0.0,0.0,0.0
11,377.0,0.0,0.0,0.0
11,435.0,0.0,0.0,0.0
11,269.0,0.0,0.0,0.0
11,305.0,0.0,0.0,0.0
11,413.0,0.0,0.0,0.0
11,444.0,0.0,0.0,0.0
11,421.0,0.0,0.0,0.0
11,460.0,0.0,52.625,0.0
11,271.0,0.0,124.0,0.0
11,355.0,0.0,182.71428571428572,0.0
11,396.0,0.0,0.0,0.0
11,450.0,0.0,0.0,0.0
11,376.0,24.0,367.8888888888889,0.0
11,358.0,0.0,0.0,0.0
11,275.0,0.0,0.0,0.0
11,380.0,189.57142857142858,0.0,0.0
11,362.0,0.0,1125.0,0.0
11,441.0,22.727272727272727,618.0,0.0
11,488.0,0.0,0.0,0.0
11,295.0,4.5,20.875,0.0
10,370.0,1236.0,0.0,0.0
11,337.0,0.0,558.3333333333334,0.0
11,292.0,1370.0,387.2,0.0
11,360.0,0.0,0.0,0.0
11,478.0,0.0,109.0909090909091,0.0
11,301.0,0.0,0.0,0.0
11,417.0,0.0,450.0,0.0
11,328.0,7.5,209.5,0.0
11,306.0,19.0,0.0,0.0
11,374.0,0.0,0.0,0.0
11,333.0,0.0,0.0,0.0
11,320.0,0.0,0.0,0.0
11,338.0,0.0,0.0,0.0
11,415.0,0.0,0.0,0.0
11,473.0,0.0,0.0,0.0
11,452.0,0.0,0.0,0.0
11,373.0,0.0,819.3333333333334,0.0
11,449.0,0.0,0.0,0.0
11,451.0,47.5,480.0,0.0
11,407.0,0.0,67.0,0.0
11,423.0,0.0,1634.0,0.0
11,439.0,0.0,0.0,0.0
11,426.0,0.0,0.0,0.0
11,445.0,1765.0,0.0,0.0
11,319.0,0.0,0.0,0.0
11,300.0,0.0,300.0,0.0
11,303.0,0.0,93.5,0.0
11,335.0,0.0,0.0,0.0
11,402.0,909.8333333333334,0.0,0.0
11,302.0,0.0,0.0,0.0
11,400.0,0.0,0.0,0.0
11,420.0,0.0,0.0,0.0
11,354.0,0.0,0.0,0.0
11,395.0,0.0,0.0,0.0
11,327.0,0.0,0.0,0.0
11,330.0,0.0,0.0,0.0
11,307.0,0.0,0.0,0.0
11,352.0,0.0,0.0,0.0
11,367.0,372.0,0.0,0.0
11,347.0,0.0,900.0,0.0
11,353.0,0.0,0.0,0.0
11,304.0,0.0,0.0,0.0
11,409.0,18.0,0.0,0.0
11,365.0,0.0,0.0,0.0
11,274.0,0.0,0.0,0.0
11,291.0,17.0,0.0,0.0
11,390.0,0.0,0.0,0.0
11,378.0,0.0,0.0,0.0
11,369.0,0.0,0.0,0.0
11,477.0,0.0,0.0,0.0
12,295.0,110.93333333333334,155.8,0.0
11,416.0,0.0,0.0,0.0
12,422.0,0.0,36.1875,0.0
12,458.0,4.5,0.0,0.0
12,375.0,14.25,416.8,0.0
12,354.0,0.0,42.857142857142854,0.0
12,372.0,0.0,57.375,0.0
12,446.0,0.0,0.0,0.0
12,299.0,38.6,7.388888888888889,0.0
12,471.0,0.0,429.4,0.0
12,493.0,22.833333333333332,767.0,0.0
12,442.0,0.0,1104.3636363636363,0.0
12,369.0,0.0,0.0,0.0
12,414.0,0.0,0.0,0.0
12,303.0,0.0,0.0,0.0
12,412.0,0.0,0.0,0.0
12,269.0,208.95238095238096,36.77777777777778,0.0
12,479.0,0.0,819.25,0.0
12,307.0,0.0,0.0,0.0
12,352.0,0.0,0.0,0.0
12,339.0,0.0,0.0,0.0
12,401.0,0.0,0.0,0.0
12,370.0,697.0,0.0,0.0
12,274.0,0.0,0.0,0.0
12,402.0,73.0,392.0,0.0
12,319.0,485.6,72.75,0.0
12,460.0,436.6,0.0,0.0
12,407.0,0.0,68.25,0.0
12,476.0,207.14285714285714,0.0,0.0
12,400.0,0.0,75.0,0.0
12,321.0,0.0,0.0,0.0
12,461.0,0.0,145.7,0.0
12,374.0,220.0,0.0,0.0
12,409.0,1.6153846153846154,204.6153846153846,0.0
12,376.0,90.25,0.0,0.0
12,455.0,0.0,0.0,0.0
12,451.0,0.0,0.0,0.0
12,432.0,6.666666666666667,193.28571428571428,0.0
12,474.0,0.0,381.3333333333333,0.0
12,380.0,0.0,86.8,0.0
12,445.0,0.0,0.0,0.0
12,449.0,0.0,594.3333333333334,0.0
12,416.0,0.0,0.0,0.0
12,457.0,160.25,0.0,0.0
12,417.0,170.0,1279.0,0.0
12,478.0,41.629629629629626,60.07692307692308,0.0
12,459.0,0.0,0.0,0.0
12,435.0,0.0,150.4,0.0
12,395.0,0.0,0.0,0.0
12,365.0,0.0,0.0,0.0
12,427.0,0.0,0.0,0.0
12,403.0,0.0,178.0,0.0
12,480.0,0.08333333333333333,774.1428571428571,0.0
12,292.0,761.3333333333334,0.0,0.0
12,361.0,0.0,0.0,0.0
12,419.0,4.857142857142857,0.0,0.0
12,338.0,0.0,90.83333333333333,0.0
12,378.0,0.0,0.0,0.0
12,477.0,24.25,0.0,0.0
12,470.0,0.0,139.66666666666666,0.0
12,464.0,0.0,0.0,0.0
12,439.0,0.0,0.0,0.0
12,465.0,25.745098039215687,1073.8333333333333,0.0
12,283.0,0.0,0.0,0.0
12,323.0,0.0,0.0,0.0
12,408.0,0.0,0.0,0.0
12,488.0,9.0,1020.75,0.0
12,271.0,0.0,0.0,0.0
12,423.0,0.0,587.0,0.0
12,302.0,454.5,0.0,0.0
12,340.0,0.0,0.0,0.0
12,353.0,0.0,0.0,0.0
12,448.0,0.0,395.25,0.0
12,291.0,0.0,0.0,0.0
12,444.0,0.0,0.0,0.0
12,426.0,0.0,0.0,0.0
12,413.0,0.0,0.0,0.0
12,355.0,0.0,0.0,0.0
12,320.0,0.0,0.0,0.0
12,337.0,8.0,706.75,0.0
12,454.0,14.043478260869565,357.75,0.0
12,335.0,15.166666666666666,36.166666666666664,0.0
12,316.0,886.5,0.0,0.0
12,347.0,0.0,0.0,0.0
12,441.0,0.0,1087.0,0.0
12,349.0,0.0,0.0,0.0
12,383.0,55.074074074074076,240.27272727272728,0.0
12,452.0,0.0,549.0,0.0
12,489.0,15.428571428571429,243.5,0.0
12,415.0,0.0,271.0,0.0
12,390.0,0.0,0.0,0.0
12,327.0,0.0,0.0,0.0
12,312.0,0.0,0.0,0.0
12,240.0,0.0,0.0,0.0
12,275.0,463.0,0.0,0.0
12,360.0,0.0,0.0,0.0
12,341.0,0.0,0.0,0.0
12,326.0,0.0,0.0,0.0
12,334.0,314.4,0.0,0.0
12,377.0,0.0,0.0,0.0
12,358.0,0.0,0.0,0.0
12,359.0,0.0,0.0,0.0
12,300.0,0.0,0.0,0.0
12,473.0,0.0,0.0,0.0
12,346.0,0.0,0.0,0.0
12,405.0,0.0,0.0,0.0
12,373.0,1733.0,0.0,0.0
12,290.0,0.0,1666.0,0.0
12,397.0,0.0,0.0,0.0
12,305.0,0.0,0.0,0.0
12,285.0,0.0,0.0,0.0
12,429.0,0.0,0.0,0.0
12,345.0,0.0,0.0,0.0
12,438.0,0.0,0.0,0.0
12,391.0,0.0,0.0,0.0
12,367.0,0.0,0.0,0.0
13,449.0,0.0,182.6,0.0
13,355.0,0.0,109.0,0.0
13,408.0,0.0,0.0,0.0
13,345.0,0.0,256.7142857142857,0.0
13,454.0,0.0,101.725,0.0
13,375.0,224.0,262.5,0.0
13,299.0,14.9,188.2258064516129,0.0
13,477.0,0.0,0.0,0.0
13,465.0,0.0,226.0943396226415,0.0
13,448.0,11.166666666666666,0.0,0.0
13,474.0,0.0,430.75,0.0
13,334.0,48.166666666666664,144.85714285714286,0.0
13,360.0,0.0,0.0,0.0
13,442.0,0.0,117.5,0.0
13,478.0,76.76923076923077,185.35714285714286,0.0
13,438.0,0.0,279.3333333333333,0.0
13,403.0,0.0,0.0,0.0
13,422.0,260.125,67.72727272727273,0.0
13,304.0,0.0,0.0,0.0
13,378.0,0.0,0.0,0.0
13,458.0,0.0,0.0,0.0
13,446.0,67.83333333333333,0.0,0.0
13,479.0,32.916666666666664,719.0,0.0
13,383.0,0.0,285.8125,0.0
13,321.0,0.0,0.0,0.0
13,370.0,1059.7826086956522,0.0,0.0
13,338.0,31.5,266.44444444444446,0.0
13,480.0,0.0,257.14285714285717,0.0
13,285.0,0.0,0.0,0.0
13,307.0,162.5,0.0,0.0
13,275.0,23.75,0.0,0.0
13,409.0,0.0,105.875,0.0
13,390.0,137.0,0.0,0.0
13,367.0,643.2857142857143,0.0,0.0
13,413.0,0.0,0.0,0.0
13,457.0,296.1666666666667,0.0,0.0
13,401.0,476.0,641.0,0.0
13,414.0,0.0,0.0,0.0
13,455.0,0.0,0.0,0.0
13,341.0,41.75,0.0,0.0
13,295.0,2.0,283.125,0.0
13,283.0,0.0,0.0,0.0
13,471.0,0.0,824.8787878787879,0.0
13,429.0,0.0,582.8,0.0
13,461.0,65.06666666666666,0.0,0.0
13,377.0,46.666666666666664,0.0,0.0
13,357.0,0.0,0.0,0.0
13,395.0,0.0,0.0,0.0
13,459.0,81.33333333333333,0.0,0.0
13,397.0,0.0,0.0,0.0
13,352.0,78.33333333333333,0.0,0.0
13,405.0,0.0,0.0,0.0
13,380.0,0.0,0.0,0.0
13,439.0,8.666666666666666,128.8,0.0
13,365.0,0.0,0.0,0.0
13,452.0,423.0,0.0,0.0
13,320.0,0.0,867.0,0.0
13,488.0,0.0,390.6666666666667,0.0
13,445.0,0.0,0.0,0.0
13,354.0,0.0,0.0,0.0
13,460.0,0.0,0.0,0.0
13,353.0,0.0,0.0,0.0
13,292.0,0.0,0.0,0.0
13,343.0,0.0,0.0,0.0
13,269.0,0.0,0.0,0.0
13,470.0,0.0,0.0,0.0
13,493.0,0.0,480.0,0.0
13,342.0,0.0,0.0,0.0
13,361.0,0.0,0.0,0.0
13,359.0,0.0,212.0,0.0
13,432.0,4.64,160.57142857142858,0.0
13,337.0,7.4375,65.46153846153847,0.0
13,376.0,0.0,88.875,0.0
13,450.0,0.0,0.0,0.0
13,423.0,0.0,0.0,0.0
13,391.0,0.0,0.0,0.0
13,476.0,512.1111111111111,0.0,0.0
13,489.0,9.0,194.2,0.0
13,319.0,0.0,0.0,0.0
13,464.0,211.0,0.0,0.0
13,427.0,0.0,0.0,0.0
13,374.0,845.3333333333334,0.0,0.0
13,373.0,0.0,366.6666666666667,0.0
13,297.0,0.0,0.0,0.0
13,407.0,0.0,0.0,0.0
13,426.0,0.0,0.0,0.0
13,412.0,0.0,0.0,0.0
13,419.0,0.0,221.4,0.0
13,305.0,0.0,0.0,0.0
13,300.0,0.0,0.0,0.0
13,274.0,0.0,0.0,0.0
13,330.0,0.0,0.0,0.0
13,402.0,169.28571428571428,396.53846153846155,0.0
13,347.0,0.0,120.8,0.0
13,302.0,0.0,0.0,0.0
13,303.0,0.0,1101.0,0.0
13,396.0,0.0,694.5,0.0
13,369.0,0.0,0.0,0.0
13,327.0,0.0,0.0,0.0
13,335.0,0.0,0.0,0.0
13,435.0,0.0,0.0,0.0
13,451.0,12.333333333333334,240.0,0.0
13,358.0,0.0,0.0,0.0
13,340.0,0.0,0.0,0.0
13,240.0,0.0,0.0,0.0
13,333.0,0.0,0.0,0.0
13,372.0,0.0,0.0,0.0
13,323.0,0.0,274.0,0.0
13,284.0,0.0,0.0,0.0
13,267.0,0.0,0.0,0.0
13,404.0,0.0,0.0,0.0
13,316.0,764.3333333333334,0.0,0.0
13,400.0,0.0,0.0,0.0
13,349.0,0.0,0.0,0.0
13,444.0,0.0,0.0,0.0
13,484.0,0.0,0.0,0.0
13,416.0,1407.0,0.0,0.0
13,441.0,0.0,0.0,0.0
13,328.0,631.0,0.0,0.0
13,364.0,0.0,0.0,0.0
14,461.0,64.94117647058823,0.0,0.0
14,446.0,118.78947368421052,0.0,0.0
14,359.0,0.0,0.0,0.0
14,439.0,0.0,0.0,0.0
14,295.0,133.0,80.16666666666667,0.0
14,341.0,0.0,0.0,0.0
14,459.0,427.15384615384613,48.529411764705884,0.0
14,429.0,0.0,0.0,0.0
14,352.0,0.0,0.0,0.0
14,427.0,0.0,0.0,0.0
14,299.0,87.53571428571429,105.44444444444444,0.0
14,457.0,57.375,13.307692307692308,0.0
14,401.0,0.0,0.0,0.0
14,292.0,0.0,75.08333333333333,0.0
14,338.0,49.75,0.0,0.0
14,337.0,7.933333333333334,325.6904761904762,0.0
14,391.0,0.0,0.0,0.0
14,334.0,0.0,0.0,0.0
14,408.0,0.0,14.277777777777779,0.0
14,454.0,0.0,68.69565217391305,0.0
14,373.0,0.0,0.0,0.0
14,422.0,0.0,558.8823529411765,0.0
14,476.0,570.0909090909091,0.0,0.0
14,267.0,0.0,0.0,0.0
14,470.0,0.0,0.0,0.0
14,361.0,0.0,0.0,0.0
14,347.0,0.0,0.0,0.0
14,397.0,0.0,0.0,0.0
14,285.0,0.0,0.0,0.0
14,304.0,0.0,0.0,0.0
14,460.0,26.210526315789473,0.0,0.0
14,442.0,0.0,108.0,0.0
14,478.0,25.7,72.41666666666667,0.0
14,306.0,76.6,0.0,0.0
14,441.0,10.4375,1200.5,0.0
14,402.0,318.25,536.5,0.0
14,451.0,577.6666666666666,68.0,0.0
14,471.0,0.0,422.2857142857143,0.0
14,367.0,312.0,0.0,0.0
14,374.0,0.0,0.0,0.0
14,327.0,0.0,209.5,0.0
14,353.0,0.0,0.0,0.0
14,320.0,336.4,380.5,0.0
14,464.0,238.5,0.0,0.0
14,432.0,0.0,96.5,0.0
14,377.0,0.0,0.0,0.0
14,445.0,0.0,136.5,0.0
14,365.0,0.0,594.75,0.0
14,375.0,11.307692307692308,605.75,0.0
14,355.0,254.42857142857142,343.77777777777777,0.0
14,452.0,0.0,0.0,0.0
14,307.0,0.0,0.0,0.0
14,323.0,0.0,0.0,0.0
14,438.0,0.0,625.6666666666666,0.0
14,412.0,68.36363636363636,245.33333333333334,0.0
14,477.0,3.423076923076923,221.85714285714286,0.0
14,474.0,30.76595744680851,1033.0625,0.0
14,330.0,0.0,0.0,0.0
14,413.0,0.0,0.0,0.0
14,407.0,0.0,92.5,0.0
14,369.0,0.0,0.0,0.0
14,444.0,0.0,172.33333333333334,0.0
14,409.0,12.114754098360656,523.28125,0.0
14,360.0,0.0,0.0,0.0
14,316.0,0.0,0.0,0.0
14,291.0,0.0,541.5,0.0
14,300.0,0.0,0.0,0.0
14,465.0,0.0,363.8,0.0
14,479.0,0.0,880.0,0.0
14,395.0,1.1,192.0,0.0
14,335.0,262.85714285714283,234.4,0.0
13,363.0,2224.0,0.0,0.0
14,390.0,606.5,0.0,0.0
14,448.0,0.0,0.0,0.0
14,350.0,0.0,0.0,0.0
14,403.0,0.0,0.0,0.0
14,354.0,0.0,0.0,0.0
14,455.0,0.0,0.0,0.0
14,493.0,0.0,1222.0,0.0
14,358.0,0.0,0.0,0.0
14,489.0,68.42857142857143,312.3333333333333,0.0
14,480.0,0.5,513.5,0.0
14,283.0,617.0,0.0,0.0
14,376.0,15.0,0.0,0.0
14,416.0,1421.5,0.0,0.0
14,400.0,0.0,159.5,0.0
14,372.0,0.0,736.0,0.0
14,396.0,0.0,0.0,0.0
14,404.0,0.0,0.0,0.0
14,319.0,307.5,0.0,0.0
14,271.0,0.0,0.0,0.0
14,312.0,0.0,104.125,0.0
14,380.0,0.0,1090.0,0.0
14,458.0,0.0,0.0,0.0
14,421.0,0.0,0.0,0.0
14,302.0,0.0,0.0,0.0
14,449.0,0.0,68.0,0.0
14,383.0,0.0,0.0,0.0
14,419.0,0.0,0.0,0.0
14,305.0,0.0,0.0,0.0
14,484.0,0.0,0.0,0.0
14,378.0,0.0,0.0,0.0
14,370.0,1300.7777777777778,0.0,0.0
14,414.0,0.0,0.0,0.0
14,290.0,0.5,0.0,0.0
14,275.0,475.0,0.0,0.0
14,426.0,0.0,0.0,0.0
13,473.0,1633.0,0.0,0.0
14,357.0,0.0,0.0,0.0
14,363.0,1809.6666666666667,0.0,0.0
14,435.0,0.0,0.0,0.0
14,326.0,8.0,109.5,0.0
14,269.0,0.0,0.0,0.0
14,473.0,0.0,0.0,0.0
14,450.0,0.0,0.0,0.0
14,303.0,0.0,323.0,0.0
14,351.0,1171.0,0.0,0.0
14,328.0,0.0,995.0,0.0
14,415.0,0.0,0.0,0.0
14,362.0,0.0,0.0,0.0
14,247.0,0.0,0.0,0.0
15,465.0,0.0,470.6,0.0
15,477.0,0.0,13.731707317073171,0.0
15,401.0,8.285714285714286,587.2222222222222,0.0
15,435.0,47.833333333333336,225.0,0.0
15,461.0,0.0,0.0,0.0
15,449.0,43.25,513.5,0.0
15,470.0,0.0,0.0,0.0
15,352.0,124.66666666666667,0.0,0.0
15,457.0,0.0,0.0,0.0
15,451.0,0.0,0.0,0.0
15,422.0,0.0,391.0,0.0
15,335.0,0.0,64.4,0.0
15,409.0,34.888888888888886,431.6388888888889,0.0
15,432.0,3.2083333333333335,256.8125,0.0
15,360.0,0.0,271.4,0.0
15,353.0,59.285714285714285,0.0,0.0
15,295.0,0.0,79.52777777777777,0.0
15,471.0,0.0,318.0,0.0
15,450.0,0.0,0.0,0.0
15,459.0,94.45454545454545,129.64285714285714,0.0
15,299.0,175.84,138.65714285714284,0.0
15,476.0,48.0,57.5,0.0
15,334.0,0.0,0.0,0.0
15,441.0,33.333333333333336,375.5,0.0
15,489.0,21.333333333333332,380.25,0.0
15,358.0,0.0,991.0,0.0
15,247.0,0.0,0.0,0.0
15,460.0,0.0,26.9375,0.0
15,408.0,0.0,246.21428571428572,0.0
15,377.0,3.6666666666666665,155.0,0.0
15,395.0,0.0,0.0,0.0
15,305.0,0.0,46.285714285714285,0.0
15,419.0,0.0,199.9090909090909,0.0
15,484.0,0.0,0.0,0.0
15,415.0,0.0,0.0,0.0
15,370.0,714.7857142857143,0.0,0.0
15,367.0,0.0,0.0,0.0
15,354.0,0.0,0.0,0.0
14,260.0,1304.0,0.0,0.0
15,365.0,0.0,0.0,0.0
15,400.0,0.0,0.0,0.0
15,312.0,0.0,0.0,0.0
15,357.0,0.0,0.0,0.0
15,407.0,0.0,138.0,0.0
15,361.0,0.0,0.0,0.0
15,267.0,0.0,224.25,0.0
15,458.0,0.0,0.0,0.0
15,474.0,0.0,0.0,0.0
15,304.0,0.0,0.0,0.0
15,446.0,456.2857142857143,0.0,0.0
15,316.0,0.0,0.0,0.0
15,376.0,0.0,765.5,0.0
15,479.0,11.23076923076923,819.5,0.0
15,383.0,0.0,0.0,0.0
15,427.0,24.24074074074074,3.5,0.0
15,320.0,356.0,0.0,0.0
15,396.0,141.33333333333334,0.0,0.0
15,464.0,0.0,0.0,0.0
15,330.0,0.0,0.0,0.0
15,439.0,0.0,0.0,0.0
15,292.0,0.0,0.0,0.0
15,412.0,0.0,167.16666666666666,0.0
15,442.0,62.0,0.0,0.0
15,413.0,0.0,0.0,0.0
15,347.0,0.0,0.0,0.0
15,478.0,17.22222222222222,124.88888888888889,0.0
15,341.0,0.0,0.0,0.0
15,429.0,0.0,0.0,0.0
15,421.0,0.0,0.0,0.0
15,355.0,0.0,189.8,0.0
15,362.0,423.3333333333333,0.0,0.0
15,473.0,2.7142857142857144,138.0,0.0
15,405.0,0.0,0.0,0.0
15,403.0,0.0,0.0,0.0
15,307.0,0.0,331.75,0.0
15,302.0,0.0,0.0,0.0
15,303.0,0.0,0.0,0.0
15,375.0,0.0,905.0,0.0
15,271.0,0.0,0.0,0.0
15,448.0,0.0,0.0,0.0
15,380.0,0.0,0.0,0.0
15,291.0,725.6666666666666,0.0,0.0
15,414.0,0.0,0.0,0.0
15,397.0,0.0,0.0,0.0
15,455.0,0.0,0.0,0.0
15,338.0,0.0,0.0,0.0
15,284.0,0.0,0.0,0.0
15,319.0,0.0,0.0,0.0
15,260.0,0.0,0.0,0.0
15,300.0,0.0,0.0,0.0
15,402.0,2070.0,408.5,0.0
15,444.0,0.0,0.0,0.0
15,327.0,0.0,0.0,0.0
15,452.0,0.0,0.0,0.0
15,372.0,0.0,0.0,0.0
15,275.0,305.4,0.0,0.0
15,306.0,0.0,0.0,0.0
15,445.0,127.0,0.0,0.0
15,269.0,0.0,0.0,0.0
15,290.0,0.0,0.0,0.0
15,416.0,0.0,0.0,0.0
15,378.0,0.0,2091.6,0.0
15,337.0,6.666666666666667,956.0,0.0
15,328.0,0.0,0.0,0.0
15,333.0,0.0,0.0,0.0
15,359.0,0.0,0.0,0.0
14,456.0,2577.0,0.0,0.0
15,438.0,0.0,0.0,0.0
15,486.0,0.0,0.0,0.0
15,454.0,0.0,0.0,0.0
15,391.0,0.0,0.0,0.0
15,297.0,0.0,0.0,0.0
15,390.0,578.0,0.0,0.0
15,480.0,36.5,930.0,0.0
15,248.0,0.0,0.0,0.0
15,374.0,0.0,0.0,0.0
15,426.0,0.0,0.0,0.0
15,345.0,669.0,0.0,0.0
15,283.0,0.0,702.0,0.0
15,363.0,0.0,0.0,0.0
15,364.0,0.0,0.0,0.0
15,321.0,0.0,0.0,0.0
16,307.0,0.0,0.0,0.0
16,435.0,0.0,0.0,0.0
16,370.0,695.9090909090909,0.0,0.0
16,295.0,0.0,0.0,0.0
16,299.0,0.0,152.5,0.0
16,465.0,0.0,955.6,0.0
16,479.0,38.352112676056336,1081.752808988764,0.0
16,459.0,24.10810810810811,0.0,0.0
16,275.0,23.6,97.83333333333333,0.0
16,446.0,115.91666666666667,0.0,0.0
16,476.0,106.36,672.875,0.0
16,448.0,14.333333333333334,226.0,0.0
16,319.0,0.0,0.0,0.0
16,367.0,246.8,0.0,0.0
16,439.0,0.6219512195121951,0.0,0.0
16,347.0,0.0,0.0,0.0
16,438.0,0.0,233.5,0.0
16,354.0,0.0,57.72222222222222,0.0
16,461.0,342.6363636363636,0.0,0.0
16,413.0,0.0,495.5,0.0
16,363.0,0.0,0.0,0.0
16,474.0,33.1764705882353,0.0,0.0
16,395.0,0.0,144.06666666666666,0.0
16,380.0,651.5,0.0,0.0
16,441.0,0.0,164.33333333333334,0.0
16,338.0,0.0,0.0,0.0
16,454.0,0.0,484.6,0.0
16,378.0,0.0,0.0,0.0
16,333.0,0.0,0.0,0.0
16,353.0,0.0,0.0,0.0
16,470.0,0.0,0.0,0.0
16,460.0,0.0,55.07692307692308,0.0
16,452.0,0.0,0.0,0.0
16,471.0,73.2,239.69230769230768,0.0
16,302.0,0.0,96.66666666666667,0.0
16,312.0,0.0,0.0,0.0
16,408.0,70.82608695652173,0.0,0.0
16,427.0,0.0,0.0,0.0
16,405.0,0.0,0.0,0.0
16,432.0,0.0,39.61538461538461,0.0
16,352.0,0.0,0.0,0.0
16,362.0,566.3333333333334,46.333333333333336,0.0
16,267.0,0.0,0.0,0.0
16,478.0,51.53333333333333,20.533333333333335,0.0
16,403.0,329.2857142857143,317.5,0.0
16,377.0,96.3125,0.0,0.0
16,401.0,0.0,43.333333333333336,0.0
16,464.0,0.0,0.0,0.0
16,477.0,0.0,0.0,0.0
16,409.0,215.83333333333334,839.2,0.0
16,445.0,0.0,56.45,0.0
16,321.0,1210.0,0.0,0.0
16,284.0,0.0,0.0,0.0
16,337.0,0.0,830.0,0.0
16,457.0,0.0,0.0,0.0
16,247.0,0.0,0.0,0.0
16,480.0,0.0,489.0,0.0
16,473.0,0.0,0.0,0.0
16,334.0,213.75,0.0,0.0
16,260.0,0.0,0.0,0.0
16,444.0,0.9583333333333334,0.0,0.0
16,414.0,0.0,0.0,0.0
16,450.0,0.0,0.0,0.0
16,449.0,0.0,0.0,0.0
16,300.0,0.0,0.0,0.0
16,358.0,1057.2,0.0,0.0
16,396.0,0.0,0.0,0.0
16,290.0,0.0,0.0,0.0
16,400.0,30.0,0.0,0.0
16,271.0,0.0,0.0,0.0
16,429.0,0.0,0.0,0.0
16,303.0,0.0,390.6666666666667,0.0
16,305.0,0.0,275.0,0.0
16,361.0,0.0,750.25,0.0
16,335.0,506.90909090909093,0.0,0.0
16,375.0,162.66666666666666,0.0,0.0
16,442.0,0.0,883.0,0.0
16,323.0,0.0,0.0,0.0
16,327.0,0.0,0.0,0.0
16,426.0,0.0,136.66666666666666,0.0
16,316.0,0.0,0.0,0.0
16,373.0,0.0,0.0,0.0
16,391.0,0.0,0.0,0.0
16,285.0,0.0,0.0,0.0
16,355.0,0.0,0.0,0.0
16,369.0,0.0,0.0,0.0
16,357.0,0.0,0.0,0.0
16,292.0,398.0,0.0,0.0
16,397.0,0.0,0.0,0.0
16,360.0,0.0,0.0,0.0
16,451.0,0.0,0.0,0.0
16,458.0,61.0,0.0,0.0
16,330.0,0.0,0.0,0.0
16,365.0,0.0,0.0,0.0
16,359.0,0.0,0.0,0.0
16,412.0,171.5,162.0,0.0
16,419.0,287.42857142857144,0.0,0.0
16,343.0,0.0,0.0,0.0
16,320.0,204.8,0.0,0.0
15,485.0,1909.0,0.0,0.0
16,493.0,0.0,0.0,0.0
16,407.0,0.0,0.0,0.0
16,372.0,0.0,0.0,0.0
16,456.0,0.0,0.0,0.0
16,486.0,0.0,0.0,0.0
16,374.0,198.88888888888889,0.0,0.0
16,383.0,0.0,817.2,0.0
16,402.0,0.0,0.0,0.0
16,455.0,0.0,0.0,0.0
16,331.0,0.0,0.0,0.0
16,404.0,0.0,0.0,0.0
16,311.0,0.0,0.0,0.0
16,291.0,0.0,0.0,0.0
16,283.0,0.0,1457.0,0.0
16,345.0,1237.3333333333333,0.0,0.0
16,489.0,20.0,0.0,0.0
16,349.0,0.0,0.0,0.0
16,411.0,660.0,0.0,0.0
16,326.0,0.0,0.0,0.0
16,364.0,0.0,0.0,0.0
16,341.0,0.0,0.0,0.0
16,301.0,0.0,0.0,0.0
16,420.0,0.0,0.0,0.0
17,337.0,110.38461538461539,508.0,0.0
17,295.0,49.5,19.666666666666668,0.0
17,354.0,0.0,0.0,0.0
17,409.0,16.625,613.625,0.0
17,439.0,0.0,0.0,0.0
17,460.0,14.106194690265486,17.142857142857142,0.0
17,427.0,90.85714285714286,5.967741935483871,0.0
17,408.0,0.0,24.632653061224488,0.0
17,319.0,13.333333333333334,4.258064516129032,0.0
17,442.0,9.62962962962963,183.68421052631578,0.0
17,333.0,0.0,0.0,0.0
17,353.0,0.0,23.48936170212766,0.0
17,450.0,0.0,106.0,0.0
17,426.0,0.1,37.5,0.0
17,446.0,0.0,0.0,0.0
17,347.0,0.0,0.0,0.0
17,445.0,0.0,0.0,0.0
17,444.0,0.0,0.0,0.0
17,403.0,131.1818181818182,0.0,0.0
17,377.0,70.25,0.0,0.0
17,365.0,0.0,0.0,0.0
17,438.0,0.0,0.0,0.0
17,457.0,0.0,0.0,0.0
17,320.0,42.775510204081634,10.344827586206897,0.0
17,331.0,256.0,0.0,0.0
17,419.0,0.0,0.0,0.0
17,449.0,0.0,150.875,0.0
17,339.0,0.0,0.0,0.0
17,275.0,3.4166666666666665,175.16666666666666,0.0
17,476.0,67.76190476190476,133.11111111111111,0.0
17,473.0,0.0,0.0,0.0
17,485.0,0.0,0.0,0.0
17,486.0,0.0,57.75,0.0
17,361.0,0.0,23.214285714285715,0.0
17,335.0,0.0,11.5625,0.0
17,302.0,468.1,0.0,0.0
17,477.0,0.0,0.0,0.0
17,395.0,0.0,0.0,0.0
17,479.0,16.483516483516482,224.75409836065575,0.0
17,474.0,23.166666666666668,716.75,0.0
17,360.0,0.0,0.0,0.0
17,459.0,30.851063829787233,21.7,0.0
17,489.0,19.125,249.85185185185185,0.0
17,355.0,0.0,224.33333333333334,0.0
17,402.0,0.0,637.0,0.0
17,370.0,548.0666666666667,0.0,0.0
17,299.0,0.0,0.0,0.0
17,352.0,29.097744360902254,0.0,0.0
17,364.0,0.0,0.0,0.0
17,373.0,0.0,0.0,0.0
17,383.0,1.7692307692307692,139.15384615384616,0.0
17,391.0,0.0,0.0,0.0
17,334.0,0.0,0.0,0.0
17,400.0,492.0,0.0,0.0
17,471.0,0.0,34.285714285714285,0.0
17,480.0,10.3,586.0,0.0
17,407.0,0.0,50.0,0.0
17,441.0,0.0,653.7777777777778,0.0
17,420.0,0.0,0.0,0.0
17,414.0,0.0,0.0,0.0
17,300.0,0.0,257.14285714285717,0.0
17,470.0,0.0,0.0,0.0
17,330.0,0.0,0.0,0.0
17,396.0,0.0,0.0,0.0
17,301.0,0.0,0.0,0.0
17,307.0,0.21875,0.0,0.0
17,358.0,0.0,257.14285714285717,0.0
17,372.0,0.0,94.0,0.0
17,338.0,0.0,0.0,0.0
17,421.0,0.0,0.0,0.0
17,303.0,0.0,0.0,0.0
17,458.0,0.0,0.0,0.0
17,461.0,17.745454545454546,0.0,0.0
17,378.0,0.0,0.0,0.0
17,380.0,120.16666666666667,0.0,0.0
17,401.0,25.727272727272727,12.916666666666666,0.0
17,451.0,0.0,0.0,0.0
17,478.0,2.875,433.0769230769231,0.0
17,363.0,0.0,0.0,0.0
17,375.0,0.0,0.0,0.0
17,455.0,0.0,270.0,0.0
17,412.0,0.0,83.0,0.0
17,283.0,0.0,0.0,0.0
17,321.0,0.0,0.0,0.0
17,405.0,0.0,0.0,0.0
17,304.0,0.0,0.0,0.0
17,454.0,0.0,326.875,0.0
17,316.0,0.0,0.0,0.0
17,415.0,0.0,0.0,0.0
17,404.0,0.0,0.0,0.0
17,448.0,0.0,0.0,0.0
17,327.0,0.0,0.0,0.0
17,432.0,10.0,0.0,0.0
17,345.0,0.0,0.0,0.0
17,267.0,0.0,0.0,0.0
17,374.0,174.66666666666666,0.0,0.0
17,271.0,0.0,0.0,0.0
17,464.0,0.0,0.0,0.0
17,465.0,80.38775510204081,747.6428571428571,0.0
17,493.0,4.538461538461538,365.25,0.0
17,435.0,0.0,0.0,0.0
17,323.0,25.714285714285715,62.09090909090909,0.0
17,376.0,0.0,0.0,0.0
17,367.0,0.0,0.0,0.0
17,423.0,84.13333333333334,127.14285714285714,0.0
17,357.0,0.0,0.0,0.0
17,341.0,0.0,0.0,0.0
17,397.0,85.11111111111111,125.6923076923077,0.0
17,292.0,374.5,0.0,0.0
17,488.0,0.0,1098.6,0.0
17,369.0,0.0,0.0,0.0
17,390.0,0.0,0.0,0.0
17,247.0,0.0,0.0,0.0
17,429.0,0.0,0.0,0.0
17,305.0,0.0,0.0,0.0
17,416.0,0.0,0.0,0.0
17,349.0,0.0,0.0,0.0
17,359.0,0.0,337.75,0.0
17,312.0,0.0,0.0,0.0
17,326.0,0.0,0.0,0.0
17,328.0,0.0,0.0,0.0
17,269.0,39.0,0.0,0.0
17,340.0,0.0,0.0,0.0
17,422.0,0.0,1039.0,0.0
17,362.0,0.0,0.0,0.0
17,342.0,1337.0,0.0,0.0
17,343.0,0.0,0.0,0.0
17,417.0,0.0,0.0,0.0
17,285.0,0.0,0.0,0.0
17,284.0,0.0,0.0,0.0
17,452.0,0.0,605.6666666666666,0.0
17,306.0,0.0,0.0,0.0
17,351.0,254.5,0.0,0.0
17,291.0,1386.6666666666667,0.0,0.0
17,311.0,0.0,0.0,0.0
17,290.0,0.0,0.0,0.0
17,350.0,0.0,0.0,0.0
18,479.0,12.764705882352942,139.2051282051282,0.0
18,380.0,0.0,0.0,0.0
18,361.0,15.09375,0.0,0.0
18,461.0,8.6375,28.508474576271187,0.0
18,426.0,156.16666666666666,0.0,0.0
18,312.0,0.0,0.0,0.0
18,346.0,0.0,0.0,0.0
18,439.0,0.0,0.0,0.0
18,365.0,0.0,0.0,0.0
18,377.0,77.0952380952381,0.0,0.0
18,323.0,0.0,0.0,0.0
18,352.0,0.0,7.564885496183206,0.0
18,304.0,56.94117647058823,0.0,0.0
18,299.0,0.0,11.32,0.0
18,316.0,0.0,0.0,0.0
18,370.0,369.44,115.63157894736842,0.0
18,423.0,0.0,0.0,0.0
18,402.0,0.0,657.0,0.0
18,397.0,0.0,0.0,0.0
18,427.0,1.0909090909090908,64.52380952380952,0.0
18,334.0,0.0,0.0,0.0
18,408.0,0.0,0.0,0.0
18,354.0,0.0,0.0,0.0
18,416.0,0.0,0.0,0.0
18,446.0,10.237804878048781,0.0,0.0
18,459.0,39.78787878787879,20.72093023255814,0.0
18,457.0,0.0,9.618181818181819,0.0
18,438.0,0.0,0.0,0.0
18,358.0,0.0,0.0,0.0
18,444.0,0.25,0.0,0.0
18,449.0,0.0,81.81818181818181,0.0
18,275.0,0.0,0.0,0.0
18,335.0,0.0,41.62068965517241,0.0
18,419.0,0.0,48.75,0.0
18,470.0,0.0,0.0,0.0
18,376.0,0.0,276.4,0.0
18,460.0,0.0,0.0,0.0
18,307.0,0.25925925925925924,0.0,0.0
18,320.0,0.0,0.0,0.0
18,435.0,0.0,64.28571428571429,0.0
18,347.0,0.0,0.0,0.0
18,396.0,0.0,0.0,0.0
18,395.0,0.0,0.0,0.0
18,474.0,0.0,13.659090909090908,0.0
18,367.0,277.5833333333333,72.33333333333333,0.0
18,401.0,16.333333333333332,22.142857142857142,0.0
18,326.0,0.0,0.0,0.0
18,421.0,0.0,0.0,0.0
18,373.0,0.0,0.0,0.0
18,330.0,0.0,0.0,0.0
18,448.0,12.285714285714286,0.0,0.0
18,295.0,1.2,0.0,0.0
18,328.0,0.0,0.0,0.0
18,349.0,0.0,0.0,0.0
18,464.0,0.0,0.0,0.0
18,455.0,0.0,0.0,0.0
18,321.0,0.0,0.0,0.0
18,291.0,0.0,0.0,0.0
18,353.0,3.887323943661972,0.0,0.0
18,360.0,45.1578947368421,2.1052631578947367,0.0
18,327.0,0.0,0.0,0.0
18,441.0,0.0,0.0,0.0
18,471.0,0.0,0.0,0.0
18,338.0,0.0,86.21428571428571,0.0
18,378.0,0.0,0.0,0.0
18,415.0,0.0,0.0,0.0
18,404.0,0.0,0.0,0.0
18,445.0,0.0,0.0,0.0
18,403.0,0.0,98.19047619047619,0.0
18,269.0,37.5,513.0,0.0
18,488.0,0.0,0.0,0.0
18,345.0,366.4,0.0,0.0
18,319.0,0.0,0.0,0.0
18,489.0,0.0,128.88888888888889,0.0
18,300.0,0.0,0.0,0.0
18,452.0,0.03333333333333333,0.0,0.0
18,292.0,0.0,0.0,0.0
18,420.0,0.0,600.0,0.0
18,357.0,58.5,0.0,0.0
18,409.0,0.0,265.8333333333333,0.0
18,390.0,262.75,0.0,0.0
18,285.0,0.0,0.0,0.0
18,478.0,0.0,0.0,0.0
18,442.0,21.363636363636363,0.0,0.0
18,351.0,813.0,0.0,0.0
18,306.0,231.33333333333334,43.666666666666664,0.0
18,311.0,0.0,0.0,0.0
18,450.0,0.0,0.0,0.0
18,476.0,138.8235294117647,214.2,0.0
18,362.0,0.0,0.0,0.0
18,465.0,163.875,190.07142857142858,0.0
18,458.0,25.363636363636363,0.0,0.0
18,454.0,0.0,651.3333333333334,0.0
18,302.0,0.0,138.25,0.0
18,372.0,0.0,0.0,0.0
18,480.0,0.0,0.0,0.0
18,271.0,0.0,0.0,0.0
18,374.0,0.0,0.0,0.0
18,391.0,0.0,0.0,0.0
18,400.0,0.0,0.0,0.0
18,429.0,0.0,0.0,0.0
18,484.0,0.0,0.0,0.0
18,493.0,1.3333333333333333,554.1,0.0
18,355.0,890.5,0.0,0.0
18,432.0,11.636363636363637,167.83333333333334,0.0
18,284.0,0.0,0.0,0.0
18,477.0,0.0,0.0,0.0
18,305.0,0.0,0.0,0.0
18,303.0,0.0,0.0,0.0
18,283.0,0.0,0.0,0.0
18,333.0,0.0,0.0,0.0
18,405.0,0.0,0.0,0.0
18,337.0,10.0,637.5,0.0
18,422.0,0.0,0.0,0.0
18,267.0,0.0,262.0,0.0
18,364.0,557.5,0.0,0.0
18,350.0,0.0,0.0,0.0
18,343.0,0.0,0.0,0.0
17,484.0,1577.0,0.0,0.0
18,260.0,1907.5,0.0,0.0
18,473.0,0.0,0.0,0.0
18,301.0,0.0,0.0,0.0
18,243.0,0.0,0.0,0.0
18,414.0,0.0,0.0,0.0
18,375.0,582.6666666666666,631.5,0.0
18,359.0,0.0,0.0,0.0
18,230.0,0.0,0.0,0.0
18,363.0,0.0,0.0,0.0
18,407.0,159.0,531.0,0.0
18,369.0,0.0,0.0,0.0
18,413.0,0.0,0.0,0.0
18,342.0,0.0,0.0,0.0
18,451.0,1757.5,0.0,0.0
19,439.0,0.0,0.0,0.0
19,352.0,0.0,0.0,0.0
19,416.0,0.0,0.0,0.0
19,320.0,0.0,0.0,0.0
19,374.0,0.0,0.0,0.0
19,275.0,0.0,0.0,0.0
19,347.0,0.0,0.0,0.0
19,457.0,0.0,0.0,0.0
19,395.0,0.0,0.0,0.0
19,445.0,0.0,0.0,0.0
19,429.0,0.0,0.0,0.0
19,323.0,0.0,0.0,0.0
19,319.0,0.0,0.0,0.0
19,345.0,882.7142857142857,0.0,0.0
19,446.0,29.12878787878788,0.0,0.0
19,419.0,0.0,0.0,0.0
19,354.0,61.25,0.0,0.0
19,353.0,0.0,0.0,0.0
19,358.0,0.0,0.0,0.0
19,408.0,0.0,0.0,0.0
19,331.0,0.0,0.0,0.0
19,426.0,0.0,0.0,0.0
19,479.0,0.0,0.0,0.0
19,415.0,0.0,0.0,0.0
19,441.0,0.0,0.0,0.0
19,373.0,0.0,0.0,0.0
19,461.0,0.0,0.0,0.0
19,458.0,138.35714285714286,0.0,0.0
19,321.0,0.0,0.0,0.0
19,405.0,0.0,0.0,0.0
19,476.0,7.25,0.0,0.0
19,370.0,590.64,0.0,0.0
19,349.0,0.0,0.0,0.0
19,470.0,0.0,0.0,0.0
19,442.0,0.0,632.0,0.0
19,460.0,0.0,0.0,0.0
19,361.0,0.0,0.0,0.0
19,335.0,0.0,0.0,0.0
19,328.0,0.0,0.0,0.0
19,299.0,15.666666666666666,0.0,0.0
19,478.0,0.0,322.0,0.0
19,397.0,148.25,0.0,0.0
19,304.0,0.0,0.0,0.0
19,377.0,54.214285714285715,0.0,0.0
19,300.0,704.0,0.0,0.0
19,423.0,124.93333333333334,0.0,0.0
19,327.0,0.0,0.0,0.0
19,357.0,0.0,0.0,0.0
19,448.0,14.333333333333334,0.0,0.0
19,452.0,0.0,0.0,0.0
19,230.0,0.0,0.0,0.0
19,365.0,0.0,0.0,0.0
19,435.0,0.0,26.05,0.0
19,438.0,0.0,0.0,0.0
19,444.0,0.0,0.0,0.0
19,295.0,463.5217391304348,0.0,0.0
19,459.0,186.94736842105263,0.0,0.0
19,390.0,0.0,0.0,0.0
19,372.0,209.25,0.0,0.0
19,427.0,0.0,0.0,0.0
19,334.0,0.0,0.0,0.0
19,375.0,0.0,0.0,0.0
19,346.0,0.0,0.0,0.0
19,338.0,0.0,0.0,0.0
19,474.0,3587.0,0.0,0.0
19,367.0,234.33333333333334,0.0,0.0
19,414.0,0.0,0.0,0.0
19,307.0,0.0,0.0,0.0
19,330.0,0.0,0.0,0.0
19,360.0,0.0,0.0,0.0
19,316.0,0.0,0.0,0.0
19,464.0,0.0,0.0,0.0
19,412.0,0.0,0.0,0.0
19,477.0,0.0,0.0,0.0
19,396.0,0.0,0.0,0.0
19,450.0,0.0,0.0,0.0
19,465.0,0.0,50.1875,0.0
19,301.0,0.0,0.0,0.0
19,404.0,0.0,0.0,0.0
19,284.0,0.0,0.0,0.0
19,432.0,7.0,0.0,0.0
19,403.0,18.94736842105263,0.0,0.0
19,422.0,0.0,0.0,0.0
19,378.0,0.0,0.0,0.0
19,493.0,0.0,236.0,0.0
19,229.0,0.0,0.0,0.0
19,267.0,0.0,0.0,0.0
19,359.0,0.0,0.0,0.0
19,421.0,0.0,0.0,0.0
19,369.0,0.0,0.0,0.0
19,291.0,4508.666666666667,0.0,0.0
19,306.0,0.0,0.0,0.0
19,364.0,0.0,0.0,0.0
19,407.0,0.0,0.0,0.0
19,260.0,0.0,0.0,0.0
19,312.0,0.0,0.0,0.0
19,391.0,0.0,0.0,0.0
19,326.0,0.0,0.0,0.0
19,480.0,0.0,0.0,0.0
19,303.0,0.0,0.0,0.0
19,339.0,0.0,0.0,0.0
19,449.0,3.75,0.0,0.0
19,290.0,0.0,0.0,0.0
19,451.0,3182.0,0.0,0.0
19,292.0,0.0,0.0,0.0
19,351.0,466.0,0.0,0.0
19,350.0,0.0,0.0,0.0
19,341.0,0.0,0.0,0.0
19,311.0,0.0,0.0,0.0
19,342.0,296.3333333333333,0.0,0.0
19,368.0,0.0,0.0,0.0
19,488.0,0.0,0.0,0.0
19,455.0,0.0,0.0,0.0
19,471.0,0.0,0.0,0.0
19,343.0,0.0,0.0,0.0
19,302.0,0.0,0.0,0.0
19,271.0,0.0,0.0,0.0
18,487.0,2144.0,0.0,0.0
19,454.0,0.0,0.0,0.0
19,355.0,0.0,0.0,0.0
19,413.0,0.0,0.0,0.0
19,283.0,0.0,0.0,0.0
19,274.0,0.0,0.0,0.0
19,401.0,0.0,0.0,0.0
19,487.0,0.0,0.0,0.0
19,305.0,0.0,0.0,0.0
19,400.0,0.0,0.0,0.0
19,484.0,0.0,0.0,0.0
19,333.0,0.0,0.0,0.0
19,363.0,832.0,0.0,0.0
19,285.0,0.0,0.0,0.0
19,376.0,0.0,0.0,0.0
19,243.0,0.0,0.0,0.0
19,485.0,0.0,0.0,0.0
19,337.0,3363.0,0.0,0.0
19,486.0,0.0,0.0,0.0
20,347.0,0.0,0.0,0.0
20,319.0,0.0,0.0,0.0
20,352.0,0.0,0.0,0.0
20,439.0,0.0,0.0,0.0
20,461.0,25.442307692307693,0.0,0.0
20,458.0,0.0,0.0,0.0
20,460.0,0.0,0.0,0.0
20,423.0,0.0,0.0,0.0
20,295.0,113.04,0.0,0.0
20,326.0,0.0,0.0,0.0
20,446.0,9.89090909090909,0.0,0.0
20,358.0,151.36363636363637,0.0,0.0
20,476.0,0.0,0.0,0.0
20,419.0,0.0,0.0,0.0
20,395.0,0.0,0.0,0.0
20,448.0,8.6,0.0,0.0
20,408.0,0.0,0.0,0.0
20,403.0,0.0,0.0,0.0
20,452.0,0.1111111111111111,0.0,0.0
20,444.0,0.0,0.0,0.0
20,323.0,0.0,0.0,0.0
20,457.0,0.0,0.0,0.0
20,353.0,39.3,0.0,0.0
20,320.0,0.0,0.0,0.0
20,361.0,20.454545454545453,0.0,0.0
20,493.0,0.0,207.6,0.0
20,465.0,0.0,0.0,0.0
20,459.0,0.0,0.0,0.0
20,470.0,0.0,0.0,0.0
20,372.0,0.0,0.0,0.0
20,373.0,0.0,0.0,0.0
20,391.0,0.0,0.0,0.0
20,479.0,0.0,232.8181818181818,0.0
20,333.0,0.0,0.0,0.0
20,335.0,0.0,0.0,0.0
20,435.0,0.0,0.0,0.0
20,401.0,0.0,0.0,0.0
20,316.0,0.0,0.0,0.0
20,365.0,0.0,0.0,0.0
20,407.0,0.0,0.0,0.0
20,377.0,28.0,0.0,0.0
20,329.0,0.0,0.0,0.0
20,304.0,479.8,0.0,0.0
20,369.0,0.0,0.0,0.0
20,397.0,0.0,0.0,0.0
20,421.0,0.0,0.0,0.0
20,471.0,149.875,0.0,0.0
20,474.0,0.0,0.0,0.0
20,300.0,0.0,0.0,0.0
20,302.0,0.0,0.0,0.0
20,416.0,0.0,0.0,0.0
20,441.0,0.0,0.0,0.0
20,342.0,0.0,0.0,0.0
20,415.0,0.0,0.0,0.0
20,354.0,0.0,0.0,0.0
20,427.0,0.0,0.0,0.0
20,321.0,296.9166666666667,0.0,0.0
20,400.0,0.0,0.0,0.0
20,307.0,0.0,0.0,0.0
20,390.0,0.0,0.0,0.0
20,370.0,265.375,0.0,0.0
20,396.0,537.6666666666666,0.0,0.0
20,445.0,0.0,0.0,0.0
20,299.0,127.0,0.0,0.0
20,363.0,0.0,0.0,0.0
20,349.0,0.0,0.0,0.0
20,364.0,0.0,0.0,0.0
20,375.0,0.0,0.0,0.0
20,345.0,0.0,0.0,0.0
20,450.0,0.0,0.0,0.0
20,374.0,265.5,0.0,0.0
20,360.0,49.0,0.0,0.0
20,338.0,0.0,0.0,0.0
20,337.0,0.0,0.0,0.0
20,438.0,0.0,0.0,0.0
20,283.0,0.0,0.0,0.0
20,275.0,0.0,0.0,0.0
20,378.0,0.0,0.0,0.0
20,334.0,0.0,0.0,0.0
20,311.0,0.0,0.0,0.0
20,328.0,0.0,0.0,0.0
20,449.0,0.0,0.0,0.0
20,292.0,1641.6666666666667,0.0,0.0
20,486.0,0.0,630.7142857142857,0.0
20,346.0,0.0,0.0,0.0
20,404.0,0.0,0.0,0.0
20,331.0,0.0,0.0,0.0
20,312.0,0.0,0.0,0.0
20,451.0,910.6666666666666,0.0,0.0
20,426.0,0.0,0.0,0.0
20,464.0,0.0,0.0,0.0
20,429.0,0.0,0.0,0.0
20,271.0,0.0,0.0,0.0
20,488.0,0.0,0.0,0.0
20,357.0,0.0,0.0,0.0
20,330.0,0.0,0.0,0.0
20,350.0,0.0,0.0,0.0
20,367.0,418.2,0.0,0.0
20,284.0,0.0,0.0,0.0
20,487.0,0.0,0.0,0.0
20,267.0,0.0,0.0,0.0
20,455.0,0.0,0.0,0.0
20,413.0,0.0,0.0,0.0
20,442.0,0.0,0.0,0.0
20,274.0,0.0,0.0,0.0
20,477.0,22.0,0.0,0.0
20,359.0,0.0,0.0,0.0
20,229.0,0.0,0.0,0.0
20,417.0,0.0,0.0,0.0
20,291.0,0.0,0.0,0.0
20,383.0,2079.0,0.0,0.0
20,405.0,2903.5,0.0,0.0
20,355.0,0.0,0.0,0.0
20,480.0,0.0,0.0,0.0
20,376.0,0.0,0.0,0.0
20,368.0,0.0,0.0,0.0
20,343.0,0.0,0.0,0.0
20,380.0,3266.0,0.0,0.0
21,408.0,0.0,0.0,0.0
21,439.0,0.0,0.0,0.0
21,427.0,0.0,0.0,0.0
21,354.0,0.0,0.0,0.0
21,395.0,259.72727272727275,0.0,0.0
21,377.0,52.5,0.0,0.0
21,457.0,0.0,0.0,0.0
21,330.0,0.0,0.0,0.0
21,461.0,0.0,0.0,0.0
21,446.0,0.0,0.0,0.0
21,284.0,0.0,0.0,0.0
21,459.0,0.0,0.0,0.0
21,444.0,0.0,0.0,0.0
21,477.0,0.0,263.0,0.0
21,414.0,0.0,0.0,0.0
21,347.0,0.0,0.0,0.0
21,334.0,0.0,0.0,0.0
21,373.0,0.0,0.0,0.0
21,295.0,0.0,0.0,0.0
21,419.0,0.0,0.0,0.0
21,452.0,0.2,0.0,0.0
21,326.0,0.0,0.0,0.0
21,275.0,4.315789473684211,0.0,0.0
21,303.0,0.0,0.0,0.0
21,353.0,111.1875,0.0,0.0
21,335.0,0.0,0.0,0.0
21,319.0,0.0,0.0,0.0
21,370.0,323.375,0.0,0.0
21,415.0,0.0,0.0,0.0
21,451.0,0.0,0.0,0.0
21,445.0,0.0,0.0,0.0
21,307.0,0.0,0.0,0.0
21,320.0,0.0,0.0,0.0
21,420.0,0.0,0.0,0.0
21,400.0,0.0,0.0,0.0
21,450.0,0.0,0.0,0.0
21,460.0,0.0,0.0,0.0
21,302.0,0.0,0.0,0.0
21,331.0,0.0,0.0,0.0
21,397.0,0.0,0.0,0.0
21,352.0,0.0,0.0,0.0
21,470.0,0.0,0.0,0.0
21,365.0,0.0,0.0,0.0
21,423.0,0.0,0.0,0.0
21,271.0,0.0,0.0,0.0
21,401.0,0.0,0.0,0.0
21,321.0,0.0,0.0,0.0
21,403.0,0.0,0.0,0.0
21,358.0,0.0,0.0,0.0
21,426.0,0.0,0.0,0.0
21,360.0,0.0,0.0,0.0
21,458.0,0.0,0.0,0.0
21,449.0,0.0,0.0,0.0
21,374.0,562.5,0.0,0.0
21,464.0,0.0,0.0,0.0
21,350.0,0.0,0.0,0.0
21,299.0,14.4,0.0,0.0
21,448.0,0.0,0.0,0.0
21,404.0,0.0,0.0,0.0
21,416.0,583.0,0.0,0.0
21,316.0,0.0,0.0,0.0
21,486.0,0.0,0.0,0.0
21,323.0,0.0,0.0,0.0
21,367.0,0.0,0.0,0.0
21,357.0,0.0,0.0,0.0
21,405.0,0.0,0.0,0.0
21,471.0,0.0,0.0,0.0
21,338.0,0.0,0.0,0.0
21,465.0,0.0,0.0,0.0
21,376.0,0.0,0.0,0.0
21,361.0,0.0,0.0,0.0
21,369.0,0.0,0.0,0.0
21,291.0,0.0,0.0,0.0
21,474.0,0.0,0.0,0.0
21,333.0,0.0,0.0,0.0
21,412.0,0.0,0.0,0.0
21,479.0,0.0,0.0,0.0
21,267.0,0.0,0.0,0.0
21,413.0,0.0,0.0,0.0
21,355.0,0.0,0.0,0.0
21,306.0,0.0,0.0,0.0
21,380.0,0.0,0.0,0.0
21,438.0,0.0,0.0,0.0
21,342.0,0.0,0.0,0.0
21,390.0,0.0,0.0,0.0
21,435.0,0.0,0.0,0.0
21,368.0,0.0,0.0,0.0
21,311.0,0.0,0.0,0.0
21,285.0,0.0,0.0,0.0
21,304.0,0.0,0.0,0.0
21,455.0,0.0,0.0,0.0
21,274.0,0.0,0.0,0.0
21,345.0,0.0,0.0,0.0
21,488.0,0.0,0.0,0.0
21,328.0,0.0,0.0,0.0
21,260.0,0.0,0.0,0.0
21,476.0,0.0,0.0,0.0
21,349.0,0.0,0.0,0.0
21,296.0,0.0,0.0,0.0
21,351.0,618.0,0.0,0.0
21,441.0,0.0,0.0,0.0
21,487.0,0.0,0.0,0.0
21,421.0,0.0,0.0,0.0
21,300.0,0.0,0.0,0.0
22,275.0,0.0,0.0,0.0
22,326.0,0.0,0.0,0.0
22,459.0,0.0,0.0,0.0
22,470.0,0.0,0.0,0.0
22,461.0,0.0,0.0,0.0
22,347.0,0.0,0.0,0.0
22,446.0,0.0,0.0,0.0
22,439.0,0.0,0.0,0.0
22,319.0,0.0,0.0,0.0
22,354.0,0.0,0.0,0.0
22,444.0,0.0,0.0,0.0
22,357.0,0.0,0.0,0.0
22,460.0,0.0,0.0,0.0
22,274.0,0.0,0.0,0.0
22,450.0,0.0,0.0,0.0
22,353.0,0.0,0.0,0.0
22,352.0,0.0,0.0,0.0
22,378.0,0.0,0.0,0.0
22,358.0,0.0,0.0,0.0
22,374.0,0.0,0.0,0.0
22,370.0,0.0,0.0,0.0
22,376.0,0.0,0.0,0.0
22,438.0,0.0,0.0,0.0
22,408.0,0.0,0.0,0.0
22,412.0,0.0,0.0,0.0
22,361.0,0.0,0.0,0.0
22,284.0,0.0,0.0,0.0
22,295.0,0.0,0.0,0.0
22,323.0,0.0,0.0,0.0
22,320.0,0.0,0.0,0.0
22,395.0,0.0,0.0,0.0
22,426.0,0.0,0.0,0.0
22,321.0,0.0,0.0,0.0
22,316.0,0.0,0.0,0.0
22,457.0,0.0,0.0,0.0
22,373.0,0.0,0.0,0.0
22,292.0,0.0,0.0,0.0
22,445.0,0.0,0.0,0.0
22,377.0,0.0,0.0,0.0
22,311.0,0.0,0.0,0.0
22,416.0,0.0,0.0,0.0
22,342.0,0.0,0.0,0.0
22,267.0,0.0,0.0,0.0
22,299.0,0.0,0.0,0.0
22,307.0,0.0,0.0,0.0
22,335.0,0.0,0.0,0.0
22,448.0,0.0,0.0,0.0
22,260.0,0.0,0.0,0.0
22,396.0,0.0,0.0,0.0
22,477.0,0.0,0.0,0.0
22,355.0,53.5,0.0,0.0
22,427.0,12.0,0.0,0.0
20,269.0,8269.0,0.0,0.0
22,419.0,0.0,0.0,0.0
22,452.0,0.0,0.0,0.0
22,243.0,0.0,0.0,0.0
22,401.0,0.0,0.0,0.0
22,312.0,0.0,0.0,0.0
22,330.0,0.0,0.0,0.0
22,269.0,0.0,0.0,0.0
22,458.0,0.0,0.0,0.0
22,422.0,0.0,0.0,0.0
22,464.0,0.0,0.0,0.0
21,247.0,6144.0,0.0,0.0
22,328.0,0.0,0.0,0.0
22,334.0,0.0,0.0,0.0
22,300.0,0.0,0.0,0.0
22,423.0,0.0,0.0,0.0
22,247.0,0.0,0.0,0.0
23,423.0,0.0,0.0,0.0
23,275.0,0.0,0.0,0.0
23,295.0,0.0,0.0,0.0
23,401.0,0.0,0.0,0.0
23,439.0,0.0,0.0,0.0
23,459.0,0.0,0.0,0.0
23,470.0,0.0,0.0,0.0
23,376.0,0.0,0.0,0.0
23,335.0,0.0,0.0,0.0
23,331.0,0.0,0.0,0.0
23,347.0,0.0,0.0,0.0
23,422.0,0.0,0.0,0.0
23,441.0,0.0,0.0,0.0
23,461.0,0.0,0.0,0.0
23,334.0,0.0,0.0,0.0
23,358.0,0.0,0.0,0.0
23,445.0,0.0,0.0,0.0
23,354.0,0.0,0.0,0.0
23,460.0,0.0,0.0,0.0
23,292.0,0.0,0.0,0.0
23,479.0,0.0,0.0,0.0
23,352.0,0.0,0.0,0.0
23,377.0,0.0,0.0,0.0
23,307.0,0.0,0.0,0.0
23,446.0,0.0,0.0,0.0
23,444.0,0.0,0.0,0.0
23,312.0,0.0,0.0,0.0
23,458.0,0.0,0.0,0.0
23,457.0,0.0,0.0,0.0
23,435.0,0.0,0.0,0.0
23,374.0,0.0,0.0,0.0
23,452.0,0.0,0.0,0.0
23,361.0,0.0,0.0,0.0
24,271.0,0.0,0.0,0.0
24,479.0,0.0,0.0,0.0
24,470.0,0.0,0.0,0.0
24,352.0,0.0,0.0,0.0
24,342.0,0.0,0.0,0.0
24,355.0,0.0,0.0,0.0
24,305.0,0.0,0.0,0.0
24,377.0,0.0,0.0,0.0
24,274.0,0.0,0.0,0.0
24,361.0,0.0,0.0,0.0
24,335.0,0.0,0.0,0.0
24,459.0,0.0,0.0,0.0
24,460.0,0.0,0.0,0.0
24,446.0,0.0,0.0,0.0
24,354.0,0.0,0.0,0.0
24,461.0,0.0,0.0,0.0
24,445.0,0.0,0.0,0.0
24,376.0,0.0,0.0,0.0
24,444.0,0.0,0.0,0.0
24,452.0,0.0,0.0,0.0
25,459.0,0.0,0.0,0.0
25,444.0,0.0,0.0,0.0
25,470.0,0.0,0.0,0.0
26,470.0,0.0,0.0,0.0